%time,field.header.seq,field.header.stamp,field.header.frame_id,field.image_seq
1682458947411146402,22,1682458947411146402,camera_1,23
1682458947420392751,23,1682458947420392751,camera_1,24
1682458947429635763,24,1682458947429635763,camera_1,25
1682458947439098358,25,1682458947439098358,camera_1,26
1682458947448201656,26,1682458947448201656,camera_1,27
1682458947457654476,27,1682458947457654476,camera_1,28
1682458947466861486,28,1682458947466861486,camera_1,29
1682458947476302146,29,1682458947476302146,camera_1,30
1682458947485445022,30,1682458947485445022,camera_1,31
1682458947494857549,31,1682458947494857549,camera_1,32
1682458947504336357,32,1682458947504336357,camera_1,33
1682458947513905763,33,1682458947513905763,camera_1,34
1682458947522987365,34,1682458947522987365,camera_1,35
1682458947532363176,35,1682458947532363176,camera_1,36
1682458947541530609,36,1682458947541530609,camera_1,37
1682458947550873994,37,1682458947550873994,camera_1,38
1682458947560273170,38,1682458947560273170,camera_1,39
1682458947569477081,39,1682458947569477081,camera_1,40
1682458947579003095,40,1682458947579003095,camera_1,41
1682458947588164091,41,1682458947588164091,camera_1,42
1682458947597406625,42,1682458947597406625,camera_1,43
1682458947607020139,43,1682458947607020139,camera_1,44
1682458947615895509,44,1682458947615895509,camera_1,45
1682458947625709772,45,1682458947625709772,camera_1,46
1682458947634905099,46,1682458947634905099,camera_1,47
1682458947644042968,47,1682458947644042968,camera_1,48
1682458947653584480,48,1682458947653584480,camera_1,49
1682458947663040876,49,1682458947663040876,camera_1,50
1682458947672091960,50,1682458947672091960,camera_1,51
1682458947681580781,51,1682458947681580781,camera_1,52
1682458947691077232,52,1682458947691077232,camera_1,53
1682458947700177669,53,1682458947700177669,camera_1,54
1682458947709749221,54,1682458947709749221,camera_1,55
1682458947718748569,55,1682458947718748569,camera_1,56
1682458947728115081,56,1682458947728115081,camera_1,57
1682458947737649202,57,1682458947737649202,camera_1,58
1682458947747031211,58,1682458947747031211,camera_1,59
1682458947756147623,59,1682458947756147623,camera_1,60
1682458947765286684,60,1682458947765286684,camera_1,61
1682458947774848937,61,1682458947774848937,camera_1,62
1682458947784377813,62,1682458947784377813,camera_1,63
1682458947793450832,63,1682458947793450832,camera_1,64
1682458947802884817,64,1682458947802884817,camera_1,65
1682458947821486949,65,1682458947821486949,camera_1,67
1682458947830918073,66,1682458947830918073,camera_1,68
1682458947839992523,67,1682458947839992523,camera_1,69
1682458947849370718,68,1682458947849370718,camera_1,70
1682458947859021425,69,1682458947859021425,camera_1,71
1682458947867920398,70,1682458947867920398,camera_1,72
1682458947877494573,71,1682458947877494573,camera_1,73
1682458947886980056,72,1682458947886980056,camera_1,74
1682458947895876407,73,1682458947895876407,camera_1,75
1682458947905295610,74,1682458947905295610,camera_1,76
1682458947914769411,75,1682458947914769411,camera_1,77
1682458947923928499,76,1682458947923928499,camera_1,78
1682458947933245897,77,1682458947933245897,camera_1,79
1682458947942494630,78,1682458947942494630,camera_1,80
1682458947951809167,79,1682458947951809167,camera_1,81
1682458947961302518,80,1682458947961302518,camera_1,82
1682458947970459699,81,1682458947970459699,camera_1,83
1682458947979924201,82,1682458947979924201,camera_1,84
1682458947989331483,83,1682458947989331483,camera_1,85
1682458947998658657,84,1682458947998658657,camera_1,86
1682458948008242130,85,1682458948008242130,camera_1,87
1682458948016993522,86,1682458948016993522,camera_1,88
1682458948026588916,87,1682458948026588916,camera_1,89
1682458948036082267,88,1682458948036082267,camera_1,90
1682458948045185565,89,1682458948045185565,camera_1,91
1682458948054541110,90,1682458948054541110,camera_1,92
1682458948063975334,91,1682458948063975334,camera_1,93
1682458948073141574,92,1682458948073141574,camera_1,94
1682458948082612037,93,1682458948082612037,camera_1,95
1682458948091943979,94,1682458948091943979,camera_1,96
1682458948101255655,95,1682458948101255655,camera_1,97
1682458948110731124,96,1682458948110731124,camera_1,98
1682458948119734048,97,1682458948119734048,camera_1,99
1682458948129209756,98,1682458948129209756,camera_1,100
1682458948138619184,99,1682458948138619184,camera_1,101
1682458948147744178,100,1682458948147744178,camera_1,102
1682458948157315731,101,1682458948157315731,camera_1,103
1682458948166385650,102,1682458948166385650,camera_1,104
1682458948175950527,103,1682458948175950527,camera_1,105
1682458948185363292,104,1682458948185363292,camera_1,106
1682458948194508075,105,1682458948194508075,camera_1,107
1682458948204152584,106,1682458948204152584,camera_1,108
1682458948213373422,107,1682458948213373422,camera_1,109
1682458948222548007,108,1682458948222548007,camera_1,110
1682458948231888532,109,1682458948231888532,camera_1,111
1682458948241128444,110,1682458948241128444,camera_1,112
1682458948250492811,111,1682458948250492811,camera_1,113
1682458948259987354,112,1682458948259987354,camera_1,114
1682458948269026279,113,1682458948269026279,camera_1,115
1682458948278519630,114,1682458948278519630,camera_1,116
1682458948287852048,115,1682458948287852048,camera_1,117
1682458948297073841,116,1682458948297073841,camera_1,118
1682458948306500673,117,1682458948306500673,camera_1,119
1682458948315702676,118,1682458948315702676,camera_1,120
1682458948325023651,119,1682458948325023651,camera_1,121
1682458948334662199,120,1682458948334662199,camera_1,122
1682458948343798637,121,1682458948343798637,camera_1,123
1682458948353199005,122,1682458948353199005,camera_1,124
1682458948362658500,123,1682458948362658500,camera_1,125
1682458948371799468,124,1682458948371799468,camera_1,126
1682458948381020307,125,1682458948381020307,camera_1,127
1682458948390403747,126,1682458948390403747,camera_1,128
1682458948399953126,127,1682458948399953126,camera_1,129
1682458948409034490,128,1682458948409034490,camera_1,130
1682458948418583869,129,1682458948418583869,camera_1,131
1682458948427874803,130,1682458948427874803,camera_1,132
1682458948437170505,131,1682458948437170505,camera_1,133
1682458948446490764,132,1682458948446490764,camera_1,134
1682458948455758094,133,1682458948455758094,camera_1,135
1682458948465165615,134,1682458948465165615,camera_1,136
1682458948474317789,135,1682458948474317789,camera_1,137
1682458948483855009,136,1682458948483855009,camera_1,138
1682458948493073940,137,1682458948493073940,camera_1,139
1682458948502442836,138,1682458948502442836,camera_1,140
1682458948511936187,139,1682458948511936187,camera_1,141
1682458948520913839,140,1682458948520913839,camera_1,142
1682458948530599594,141,1682458948530599594,camera_1,143
1682458948539581298,142,1682458948539581298,camera_1,144
1682458948548914194,143,1682458948548914194,camera_1,145
1682458948558388948,144,1682458948558388948,camera_1,146
1682458948567611455,145,1682458948567611455,camera_1,147
1682458948576993465,146,1682458948576993465,camera_1,148
1682458948586365461,147,1682458948586365461,camera_1,149
1682458948595565080,148,1682458948595565080,camera_1,150
1682458948605008602,149,1682458948605008602,camera_1,151
1682458948614382028,150,1682458948614382028,camera_1,152
1682458948623723983,151,1682458948623723983,camera_1,153
1682458948633022785,152,1682458948633022785,camera_1,154
1682458948642206430,153,1682458948642206430,camera_1,155
1682458948651670217,154,1682458948651670217,camera_1,156
1682458948661368608,155,1682458948661368608,camera_1,157
1682458948670604228,156,1682458948670604228,camera_1,158
1682458948679801225,157,1682458948679801225,camera_1,159
1682458948689302444,158,1682458948689302444,camera_1,160
1682458948698680162,159,1682458948698680162,camera_1,161
1682458948707744836,160,1682458948707744836,camera_1,162
1682458948717125415,161,1682458948717125415,camera_1,163
1682458948726418972,162,1682458948726418972,camera_1,164
1682458948735880136,163,1682458948735880136,camera_1,165
1682458948744984149,164,1682458948744984149,camera_1,166
1682458948754616975,165,1682458948754616975,camera_1,167
1682458948763852834,166,1682458948763852834,camera_1,168
1682458948772920131,167,1682458948772920131,camera_1,169
1682458948782561540,168,1682458948782561540,camera_1,170
1682458948791590452,169,1682458948791590452,camera_1,171
1682458948829085111,170,1682458948829085111,camera_1,173
1682458948838473320,171,1682458948838473320,camera_1,174
1682458948847771883,172,1682458948847771883,camera_1,175
1682458948857046365,173,1682458948857046365,camera_1,176
1682458948866940259,174,1682458948866940259,camera_1,177
1682458948875659704,175,1682458948875659704,camera_1,178
1682458948885353803,176,1682458948885353803,camera_1,179
1682458948894630193,177,1682458948894630193,camera_1,180
1682458948904206275,178,1682458948904206275,camera_1,181
1682458948913011789,179,1682458948913011789,camera_1,182
1682458948922414064,180,1682458948922414064,camera_1,183
1682458948931728363,181,1682458948931728363,camera_1,184
1682458948940890789,182,1682458948940890789,camera_1,185
1682458948950491189,183,1682458948950491189,camera_1,186
1682458948959868192,184,1682458948959868192,camera_1,187
1682458948968913555,185,1682458948968913555,camera_1,188
1682458948978440761,186,1682458948978440761,camera_1,189
1682458948987845897,187,1682458948987845897,camera_1,190
1682458948996863842,188,1682458948996863842,camera_1,191
1682458949006606340,189,1682458949006606340,camera_1,192
1682458949015627861,190,1682458949015627861,camera_1,193
1682458949024962902,191,1682458949024962902,camera_1,194
1682458949034266471,192,1682458949034266471,camera_1,195
1682458949053003787,193,1682458949053003787,camera_1,197
1682458949062592267,194,1682458949062592267,camera_1,198
1682458949071576833,195,1682458949071576833,camera_1,199
1682458949081159591,196,1682458949081159591,camera_1,200
1682458949090202331,197,1682458949090202331,camera_1,201
1682458949099742889,198,1682458949099742889,camera_1,202
1682458949108958959,199,1682458949108958959,camera_1,203
1682458949118234872,200,1682458949118234872,camera_1,204
1682458949127696990,201,1682458949127696990,camera_1,205
1682458949137058258,202,1682458949137058258,camera_1,206
1682458949146478891,203,1682458949146478891,camera_1,207
1682458949155526161,204,1682458949155526161,camera_1,208
1682458949164955377,205,1682458949164955377,camera_1,209
1682458949174249649,206,1682458949174249649,camera_1,210
1682458949183739662,207,1682458949183739662,camera_1,211
1682458949192691802,208,1682458949192691802,camera_1,212
1682458949202182054,209,1682458949202182054,camera_1,213
1682458949211775064,210,1682458949211775064,camera_1,214
1682458949220864534,211,1682458949220864534,camera_1,215
1682458949230418682,212,1682458949230418682,camera_1,216
1682458949239615440,213,1682458949239615440,camera_1,217
1682458949248841285,214,1682458949248841285,camera_1,218
1682458949258267402,215,1682458949258267402,camera_1,219
1682458949267578363,216,1682458949267578363,camera_1,220
1682458949276890039,217,1682458949276890039,camera_1,221
1682458949286398410,218,1682458949286398410,camera_1,222
1682458949295601606,219,1682458949295601606,camera_1,223
1682458949304878234,220,1682458949304878234,camera_1,224
1682458949314115524,221,1682458949314115524,camera_1,225
1682458949323629379,222,1682458949323629379,camera_1,226
1682458949332924127,223,1682458949332924127,camera_1,227
1682458949341968059,224,1682458949341968059,camera_1,228
1682458949351631879,225,1682458949351631879,camera_1,229
1682458949361017227,226,1682458949361017227,camera_1,230
1682458949370062351,227,1682458949370062351,camera_1,231
1682458949379624843,228,1682458949379624843,camera_1,232
1682458949388943433,229,1682458949388943433,camera_1,233
1682458949398255825,230,1682458949398255825,camera_1,234
1682458949407567977,231,1682458949407567977,camera_1,235
1682458949416804790,232,1682458949416804790,camera_1,236
1682458949426193714,233,1682458949426193714,camera_1,237
1682458949435698032,234,1682458949435698032,camera_1,238
1682458949444698572,235,1682458949444698572,camera_1,239
1682458949454096078,236,1682458949454096078,camera_1,240
1682458949463657379,237,1682458949463657379,camera_1,241
1682458949472741603,238,1682458949472741603,camera_1,242
1682458949482125043,239,1682458949482125043,camera_1,243
1682458949491335868,240,1682458949491335868,camera_1,244
1682458949500746726,241,1682458949500746726,camera_1,245
1682458949510209083,242,1682458949510209083,camera_1,246
1682458949519419193,243,1682458949519419193,camera_1,247
1682458949528741598,244,1682458949528741598,camera_1,248
1682458949538237333,245,1682458949538237333,camera_1,249
1682458949547500133,246,1682458949547500133,camera_1,250
1682458949556891441,247,1682458949556891441,camera_1,251
1682458949565931081,248,1682458949565931081,camera_1,252
1682458949575421094,249,1682458949575421094,camera_1,253
1682458949584796905,250,1682458949584796905,camera_1,254
1682458949594006061,251,1682458949594006061,camera_1,255
1682458949603661298,252,1682458949603661298,camera_1,256
1682458949612884283,253,1682458949612884283,camera_1,257
1682458949621939897,254,1682458949621939897,camera_1,258
1682458949631518602,255,1682458949631518602,camera_1,259
1682458949640568494,256,1682458949640568494,camera_1,260
1682458949649942874,257,1682458949649942874,camera_1,261
1682458949659404993,258,1682458949659404993,camera_1,262
1682458949669193744,259,1682458949669193744,camera_1,263
1682458949677841901,260,1682458949677841901,camera_1,264
1682458949687215089,261,1682458949687215089,camera_1,265
1682458949696611404,262,1682458949696611404,camera_1,266
1682458949705842971,263,1682458949705842971,camera_1,267
1682458949715328454,264,1682458949715328454,camera_1,268
1682458949724685430,265,1682458949724685430,camera_1,269
1682458949733904600,266,1682458949733904600,camera_1,270
1682458949743134021,267,1682458949743134021,camera_1,271
1682458949752610921,268,1682458949752610921,camera_1,272
1682458949762204408,269,1682458949762204408,camera_1,273
1682458949771091699,270,1682458949771091699,camera_1,274
1682458949780498027,271,1682458949780498027,camera_1,275
1682458949790059804,272,1682458949790059804,camera_1,276
1682458949799135208,273,1682458949799135208,camera_1,277
1682458949808483600,274,1682458949808483600,camera_1,278
1682458949817723989,275,1682458949817723989,camera_1,279
1682458949827372550,276,1682458949827372550,camera_1,280
1682458949836617708,277,1682458949836617708,camera_1,281
1682458949845597028,278,1682458949845597028,camera_1,282
1682458949855389356,279,1682458949855389356,camera_1,283
1682458949864885568,280,1682458949864885568,camera_1,284
1682458949873971462,281,1682458949873971462,camera_1,285
1682458949883780717,282,1682458949883780717,camera_1,286
1682458949892368316,283,1682458949892368316,camera_1,287
1682458949901813745,284,1682458949901813745,camera_1,288
1682458949911253452,285,1682458949911253452,camera_1,289
1682458949920466661,286,1682458949920466661,camera_1,290
1682458949929858446,287,1682458949929858446,camera_1,291
1682458949939247608,288,1682458949939247608,camera_1,292
1682458949948394536,289,1682458949948394536,camera_1,293
1682458949957763433,290,1682458949957763433,camera_1,294
1682458949966957092,291,1682458949966957092,camera_1,295
1682458949976394653,292,1682458949976394653,camera_1,296
1682458949985852956,293,1682458949985852956,camera_1,297
1682458949995033740,294,1682458949995033740,camera_1,298
1682458950004460334,295,1682458950004460334,camera_1,299
1682458950013896465,296,1682458950013896465,camera_1,300
1682458950022973537,297,1682458950022973537,camera_1,301
1682458950032520532,298,1682458950032520532,camera_1,302
1682458950041546344,299,1682458950041546344,camera_1,303
1682458950051130056,300,1682458950051130056,camera_1,304
1682458950060573101,301,1682458950060573101,camera_1,305
1682458950069812536,302,1682458950069812536,camera_1,306
1682458950078991651,303,1682458950078991651,camera_1,307
1682458950088530540,304,1682458950088530540,camera_1,308
1682458950097810029,305,1682458950097810029,camera_1,309
1682458950107207775,306,1682458950107207775,camera_1,310
1682458950116286516,307,1682458950116286516,camera_1,311
1682458950125709772,308,1682458950125709772,camera_1,312
1682458950135211467,309,1682458950135211467,camera_1,313
1682458950144587039,310,1682458950144587039,camera_1,314
1682458950153965473,311,1682458950153965473,camera_1,315
1682458950163412809,312,1682458950163412809,camera_1,316
1682458950172560930,313,1682458950172560930,camera_1,317
1682458950181913852,314,1682458950181913852,camera_1,318
1682458950191056728,315,1682458950191056728,camera_1,319
1682458950200408220,316,1682458950200408220,camera_1,320
1682458950209952592,317,1682458950209952592,camera_1,321
1682458950218887329,318,1682458950218887329,camera_1,322
1682458950228498458,319,1682458950228498458,camera_1,323
1682458950237832784,320,1682458950237832784,camera_1,324
1682458950247077941,321,1682458950247077941,camera_1,325
1682458950256570339,322,1682458950256570339,camera_1,326
1682458950265935659,323,1682458950265935659,camera_1,327
1682458950275098323,324,1682458950275098323,camera_1,328
1682458950284614801,325,1682458950284614801,camera_1,329
1682458950293766260,326,1682458950293766260,camera_1,330
1682458950303238868,327,1682458950303238868,camera_1,331
1682458950312778234,328,1682458950312778234,camera_1,332
1682458950321726560,329,1682458950321726560,camera_1,333
1682458950331478357,330,1682458950331478357,camera_1,334
1682458950340757131,331,1682458950340757131,camera_1,335
1682458950349627971,332,1682458950349627971,camera_1,336
1682458950359276771,333,1682458950359276771,camera_1,337
1682458950368427991,334,1682458950368427991,camera_1,338
1682458950377708435,335,1682458950377708435,camera_1,339
1682458950387047529,336,1682458950387047529,camera_1,340
1682458950396415948,337,1682458950396415948,camera_1,341
1682458950405748128,338,1682458950405748128,camera_1,342
1682458950415173768,339,1682458950415173768,camera_1,343
1682458950424411535,340,1682458950424411535,camera_1,344
1682458950433761596,341,1682458950433761596,camera_1,345
1682458950442848205,342,1682458950442848205,camera_1,346
1682458950452309846,343,1682458950452309846,camera_1,347
1682458950461607933,344,1682458950461607933,camera_1,348
1682458950470793008,345,1682458950470793008,camera_1,349
1682458950480327844,346,1682458950480327844,camera_1,350
1682458950489790201,347,1682458950489790201,camera_1,351
1682458950498874187,348,1682458950498874187,camera_1,352
1682458950508502244,349,1682458950508502244,camera_1,353
1682458950517656564,350,1682458950517656564,camera_1,354
1682458950526876211,351,1682458950526876211,camera_1,355
1682458950536423683,352,1682458950536423683,camera_1,356
1682458950545683383,353,1682458950545683383,camera_1,357
1682458950554938077,354,1682458950554938077,camera_1,358
1682458950564431428,355,1682458950564431428,camera_1,359
1682458950573758125,356,1682458950573758125,camera_1,360
1682458950583081722,357,1682458950583081722,camera_1,361
1682458950592329502,358,1682458950592329502,camera_1,362
1682458950601755857,359,1682458950601755857,camera_1,363
1682458950611165761,360,1682458950611165761,camera_1,364
1682458950620237588,361,1682458950620237588,camera_1,365
1682458950629730701,362,1682458950629730701,camera_1,366
1682458950639018774,363,1682458950639018774,camera_1,367
1682458950648268938,364,1682458950648268938,camera_1,368
1682458950657761573,365,1682458950657761573,camera_1,369
1682458950666850328,366,1682458950666850328,camera_1,370
1682458950676661491,367,1682458950676661491,camera_1,371
1682458950685719728,368,1682458950685719728,camera_1,372
1682458950694918394,369,1682458950694918394,camera_1,373
1682458950704315185,370,1682458950704315185,camera_1,374
1682458950713644504,371,1682458950713644504,camera_1,375
1682458950722997188,372,1682458950722997188,camera_1,376
1682458950732344865,373,1682458950732344865,camera_1,377
1682458950741377115,374,1682458950741377115,camera_1,378
1682458950750738620,375,1682458950750738620,camera_1,379
1682458950778710603,376,1682458950778710603,camera_1,381
1682458950788171052,377,1682458950788171052,camera_1,382
1682458950797498941,378,1682458950797498941,camera_1,383
1682458950807057857,379,1682458950807057857,camera_1,384
1682458950816236734,380,1682458950816236734,camera_1,385
1682458950825471639,381,1682458950825471639,camera_1,386
1682458950834901332,382,1682458950834901332,camera_1,387
1682458950844159603,383,1682458950844159603,camera_1,388
1682458950853485822,384,1682458950853485822,camera_1,389
1682458950863021373,385,1682458950863021373,camera_1,390
1682458950872086524,386,1682458950872086524,camera_1,391
1682458950881562471,387,1682458950881562471,camera_1,392
1682458950890998125,388,1682458950890998125,camera_1,393
1682458950900255203,389,1682458950900255203,camera_1,394
1682458950909679412,390,1682458950909679412,camera_1,395
1682458950918807506,391,1682458950918807506,camera_1,396
1682458950928109884,392,1682458950928109884,camera_1,397
1682458950937611818,393,1682458950937611818,camera_1,398
1682458950946754217,394,1682458950946754217,camera_1,399
1682458950956397056,395,1682458950956397056,camera_1,400
1682458950965399980,396,1682458950965399980,camera_1,401
1682458950974804878,397,1682458950974804878,camera_1,402
1682458950984267950,398,1682458950984267950,camera_1,403
1682458950993444919,399,1682458950993444919,camera_1,404
1682458951002801179,400,1682458951002801179,camera_1,405
1682458951012126684,401,1682458951012126684,camera_1,406
1682458951021441459,402,1682458951021441459,camera_1,407
1682458951031060934,403,1682458951031060934,camera_1,408
1682458951039704799,404,1682458951039704799,camera_1,409
1682458951049049139,405,1682458951049049139,camera_1,410
1682458951058603525,406,1682458951058603525,camera_1,411
1682458951068074941,407,1682458951068074941,camera_1,412
1682458951077540159,408,1682458951077540159,camera_1,413
1682458951086954593,409,1682458951086954593,camera_1,414
1682458951096165180,410,1682458951096165180,camera_1,415
1682458951105539083,411,1682458951105539083,camera_1,416
1682458951114822149,412,1682458951114822149,camera_1,417
1682458951124076604,413,1682458951124076604,camera_1,418
1682458951133484840,414,1682458951133484840,camera_1,419
1682458951142734527,415,1682458951142734527,camera_1,420
1682458951152074813,416,1682458951152074813,camera_1,421
1682458951161686182,417,1682458951161686182,camera_1,422
1682458951170680284,418,1682458951170680284,camera_1,423
1682458951180085659,419,1682458951180085659,camera_1,424
1682458951189364671,420,1682458951189364671,camera_1,425
1682458951198883771,421,1682458951198883771,camera_1,426
1682458951208101034,422,1682458951208101034,camera_1,427
1682458951217372894,423,1682458951217372894,camera_1,428
1682458951226827859,424,1682458951226827859,camera_1,429
1682458951236164331,425,1682458951236164331,camera_1,430
1682458951245399951,426,1682458951245399951,camera_1,431
1682458951254679203,427,1682458951254679203,camera_1,432
1682458951264037847,428,1682458951264037847,camera_1,433
1682458951273360967,429,1682458951273360967,camera_1,434
1682458951282804727,430,1682458951282804727,camera_1,435
1682458951292060852,431,1682458951292060852,camera_1,436
1682458951301318645,432,1682458951301318645,camera_1,437
1682458951310671329,433,1682458951310671329,camera_1,438
1682458951319771289,434,1682458951319771289,camera_1,439
1682458951329071760,435,1682458951329071760,camera_1,440
1682458951338634252,436,1682458951338634252,camera_1,441
1682458951347945213,437,1682458951347945213,camera_1,442
1682458951357609510,438,1682458951357609510,camera_1,443
1682458951366550922,439,1682458951366550922,camera_1,444
1682458951376089096,440,1682458951376089096,camera_1,445
1682458951385609149,441,1682458951385609149,camera_1,446
1682458951394775629,442,1682458951394775629,camera_1,447
1682458951403941392,443,1682458951403941392,camera_1,448
1682458951413290500,444,1682458951413290500,camera_1,449
1682458951422707557,445,1682458951422707557,camera_1,450
1682458951432014942,446,1682458951432014942,camera_1,451
1682458951441393852,447,1682458951441393852,camera_1,452
1682458951450614213,448,1682458951450614213,camera_1,453
1682458951460316658,449,1682458951460316658,camera_1,454
1682458951468915700,450,1682458951468915700,camera_1,455
1682458951478684186,451,1682458951478684186,camera_1,456
1682458951488227844,452,1682458951488227844,camera_1,457
1682458951497086763,453,1682458951497086763,camera_1,458
1682458951506683826,454,1682458951506683826,camera_1,459
1682458951515926837,455,1682458951515926837,camera_1,460
1682458951525256156,456,1682458951525256156,camera_1,461
1682458951534821271,457,1682458951534821271,camera_1,462
1682458951543800592,458,1682458951543800592,camera_1,463
1682458951553308248,459,1682458951553308248,camera_1,464
1682458951562756299,460,1682458951562756299,camera_1,465
1682458951571808338,461,1682458951571808338,camera_1,466
1682458951581326007,462,1682458951581326007,camera_1,467
1682458951590488910,463,1682458951590488910,camera_1,468
1682458951599897384,464,1682458951599897384,camera_1,469
1682458951609336376,465,1682458951609336376,camera_1,470
1682458951618634223,466,1682458951618634223,camera_1,471
1682458951627804040,467,1682458951627804040,camera_1,472
1682458951637328624,468,1682458951637328624,camera_1,473
1682458951646457433,469,1682458951646457433,camera_1,474
1682458951655984878,470,1682458951655984878,camera_1,475
1682458951665121555,471,1682458951665121555,camera_1,476
1682458951674652099,472,1682458951674652099,camera_1,477
1682458951683926105,473,1682458951683926105,camera_1,478
1682458951693042755,474,1682458951693042755,camera_1,479
1682458951702562093,475,1682458951702562093,camera_1,480
1682458951712064504,476,1682458951712064504,camera_1,481
1682458951721105098,477,1682458951721105098,camera_1,482
1682458951730718135,478,1682458951730718135,camera_1,483
1682458951739704847,479,1682458951739704847,camera_1,484
1682458951749541282,480,1682458951749541282,camera_1,485
1682458951758552312,481,1682458951758552312,camera_1,486
1682458951767887353,482,1682458951767887353,camera_1,487
1682458951777122735,483,1682458951777122735,camera_1,488
1682458951786717414,484,1682458951786717414,camera_1,489
1682458951795803070,485,1682458951795803070,camera_1,490
1682458951805379152,486,1682458951805379152,camera_1,491
1682458951814431190,487,1682458951814431190,camera_1,492
1682458951823857307,488,1682458951823857307,camera_1,493
1682458951833106756,489,1682458951833106756,camera_1,494
1682458951842445850,490,1682458951842445850,camera_1,495
1682458951852239847,491,1682458951852239847,camera_1,496
1682458951861110448,492,1682458951861110448,camera_1,497
1682458951870506048,493,1682458951870506048,camera_1,498
1682458951879943609,494,1682458951879943609,camera_1,499
1682458951889107942,495,1682458951889107942,camera_1,500
1682458951898794174,496,1682458951898794174,camera_1,501
1682458951907961845,497,1682458951907961845,camera_1,502
1682458951917097330,498,1682458951917097330,camera_1,503
1682458951926455974,499,1682458951926455974,camera_1,504
1682458951936083555,500,1682458951936083555,camera_1,505
1682458951944998979,501,1682458951944998979,camera_1,506
1682458951954414367,502,1682458951954414367,camera_1,507
1682458951963956832,503,1682458951963956832,camera_1,508
1682458951973021268,504,1682458951973021268,camera_1,509
1682458951982571125,505,1682458951982571125,camera_1,510
1682458951991570711,506,1682458951991570711,camera_1,511
1682458952000855445,507,1682458952000855445,camera_1,512
1682458952010436296,508,1682458952010436296,camera_1,513
1682458952019565343,509,1682458952019565343,camera_1,514
1682458952028945684,510,1682458952028945684,camera_1,515
1682458952038132190,511,1682458952038132190,camera_1,516
1682458952047902345,512,1682458952047902345,camera_1,517
1682458952056927442,513,1682458952056927442,camera_1,518
1682458952066456079,514,1682458952066456079,camera_1,519
1682458952075612783,515,1682458952075612783,camera_1,520
1682458952085231781,516,1682458952085231781,camera_1,521
1682458952094380617,517,1682458952094380617,camera_1,522
1682458952103657245,518,1682458952103657245,camera_1,523
1682458952112610816,519,1682458952112610816,camera_1,524
1682458952122625589,520,1682458952122625589,camera_1,525
1682458952131520986,521,1682458952131520986,camera_1,526
1682458952140906095,522,1682458952140906095,camera_1,527
1682458952150245189,523,1682458952150245189,camera_1,528
1682458952159654140,524,1682458952159654140,camera_1,529
1682458952168766975,525,1682458952168766975,camera_1,530
1682458952178266763,526,1682458952178266763,camera_1,531
1682458952187501907,527,1682458952187501907,camera_1,532
1682458952196912288,528,1682458952196912288,camera_1,533
1682458952206313610,529,1682458952206313610,camera_1,534
1682458952215383052,530,1682458952215383052,camera_1,535
1682458952224845647,531,1682458952224845647,camera_1,536
1682458952234285593,532,1682458952234285593,camera_1,537
1682458952243554592,533,1682458952243554592,camera_1,538
1682458952252919197,534,1682458952252919197,camera_1,539
1682458952262120723,535,1682458952262120723,camera_1,540
1682458952271486282,536,1682458952271486282,camera_1,541
1682458952280850172,537,1682458952280850172,camera_1,542
1682458952290074110,538,1682458952290074110,camera_1,543
1682458952299450159,539,1682458952299450159,camera_1,544
1682458952308917045,540,1682458952308917045,camera_1,545
1682458952318037986,541,1682458952318037986,camera_1,546
1682458952327496528,542,1682458952327496528,camera_1,547
1682458952336700201,543,1682458952336700201,camera_1,548
1682458952346060037,544,1682458952346060037,camera_1,549
1682458952355411529,545,1682458952355411529,camera_1,550
1682458952364689350,546,1682458952364689350,camera_1,551
1682458952373960971,547,1682458952373960971,camera_1,552
1682458952383550882,548,1682458952383550882,camera_1,553
1682458952392826318,549,1682458952392826318,camera_1,554
1682458952402099609,550,1682458952402099609,camera_1,555
1682458952411537647,551,1682458952411537647,camera_1,556
1682458952420646190,552,1682458952420646190,camera_1,557
1682458952430420637,553,1682458952430420637,camera_1,558
1682458952439257383,554,1682458952439257383,camera_1,559
1682458952448702573,555,1682458952448702573,camera_1,560
1682458952458132266,556,1682458952458132266,camera_1,561
1682458952467286109,557,1682458952467286109,camera_1,562
1682458952476910829,558,1682458952476910829,camera_1,563
1682458952485860824,559,1682458952485860824,camera_1,564
1682458952495042800,560,1682458952495042800,camera_1,565
1682458952504696846,561,1682458952504696846,camera_1,566
1682458952513913154,562,1682458952513913154,camera_1,567
1682458952523641109,563,1682458952523641109,camera_1,568
1682458952532774209,564,1682458952532774209,camera_1,569
1682458952542064666,565,1682458952542064666,camera_1,570
1682458952551311731,566,1682458952551311731,camera_1,571
1682458952560951232,567,1682458952560951232,camera_1,572
1682458952569938898,568,1682458952569938898,camera_1,573
1682458952579401016,569,1682458952579401016,camera_1,574
1682458952588824748,570,1682458952588824748,camera_1,575
1682458952597863435,571,1682458952597863435,camera_1,576
1682458952607434272,572,1682458952607434272,camera_1,577
1682458952616664886,573,1682458952616664886,camera_1,578
1682458952626271486,574,1682458952626271486,camera_1,579
1682458952635470867,575,1682458952635470867,camera_1,580
1682458952645118951,576,1682458952645118951,camera_1,581
1682458952654110908,577,1682458952654110908,camera_1,582
1682458952663529157,578,1682458952663529157,camera_1,583
1682458952672868967,579,1682458952672868967,camera_1,584
1682458952682054281,580,1682458952682054281,camera_1,585
1682458952691259145,581,1682458952691259145,camera_1,586
1682458952700726747,582,1682458952700726747,camera_1,587
1682458952709913253,583,1682458952709913253,camera_1,588
1682458952719125032,584,1682458952719125032,camera_1,589
1682458952728814363,585,1682458952728814363,camera_1,590
1682458952738064050,586,1682458952738064050,camera_1,591
1682458952747347354,587,1682458952747347354,camera_1,592
1682458952756698369,588,1682458952756698369,camera_1,593
1682458952765772819,589,1682458952765772819,camera_1,594
1682458952775254249,590,1682458952775254249,camera_1,595
1682458952784604787,591,1682458952784604787,camera_1,596
1682458952793802022,592,1682458952793802022,camera_1,597
1682458952803320407,593,1682458952803320407,camera_1,598
1682458952812842607,594,1682458952812842607,camera_1,599
1682458952821875572,595,1682458952821875572,camera_1,600
1682458952831367969,596,1682458952831367969,camera_1,601
1682458952840423107,597,1682458952840423107,camera_1,602
1682458952849883079,598,1682458952849883079,camera_1,603
1682458952859527111,599,1682458952859527111,camera_1,604
1682458952868853330,600,1682458952868853330,camera_1,605
1682458952877956151,601,1682458952877956151,camera_1,606
1682458952887685537,602,1682458952887685537,camera_1,607
1682458952896565437,603,1682458952896565437,camera_1,608
1682458952905939102,604,1682458952905939102,camera_1,609
1682458952915186405,605,1682458952915186405,camera_1,610
1682458952924623966,606,1682458952924623966,camera_1,611
1682458952934045076,607,1682458952934045076,camera_1,612
1682458952943158864,608,1682458952943158864,camera_1,613
1682458952952672004,609,1682458952952672004,camera_1,614
1682458952962112188,610,1682458952962112188,camera_1,615
1682458952971283435,611,1682458952971283435,camera_1,616
1682458952980570793,612,1682458952980570793,camera_1,617
1682458952989685773,613,1682458952989685773,camera_1,618
1682458952999249219,614,1682458952999249219,camera_1,619
1682458953008607625,615,1682458953008607625,camera_1,620
1682458953017705678,616,1682458953017705678,camera_1,621
1682458953027145624,617,1682458953027145624,camera_1,622
1682458953036500215,618,1682458953036500215,camera_1,623
1682458953045683383,619,1682458953045683383,camera_1,624
1682458953055261373,620,1682458953055261373,camera_1,625
1682458953064338922,621,1682458953064338922,camera_1,626
1682458953073877573,622,1682458953073877573,camera_1,627
1682458953083196640,623,1682458953083196640,camera_1,628
1682458953092545986,624,1682458953092545986,camera_1,629
1682458953102021455,625,1682458953102021455,camera_1,630
1682458953111170053,626,1682458953111170053,camera_1,631
1682458953120594978,627,1682458953120594978,camera_1,632
1682458953129944086,628,1682458953129944086,camera_1,633
1682458953139037847,629,1682458953139037847,camera_1,634
1682458953148419618,630,1682458953148419618,camera_1,635
1682458953157829523,631,1682458953157829523,camera_1,636
1682458953166961193,632,1682458953166961193,camera_1,637
1682458953176461458,633,1682458953176461458,camera_1,638
1682458953185768604,634,1682458953185768604,camera_1,639
1682458953195356130,635,1682458953195356130,camera_1,640
1682458953204288244,636,1682458953204288244,camera_1,641
1682458953213622093,637,1682458953213622093,camera_1,642
1682458953223222732,638,1682458953223222732,camera_1,643
1682458953232568979,639,1682458953232568979,camera_1,644
1682458953241738796,640,1682458953241738796,camera_1,645
1682458953251180171,641,1682458953251180171,camera_1,646
1682458953260520458,642,1682458953260520458,camera_1,647
1682458953269731283,643,1682458953269731283,camera_1,648
1682458953279298543,644,1682458953279298543,camera_1,649
1682458953288588047,645,1682458953288588047,camera_1,650
1682458953297875165,646,1682458953297875165,camera_1,651
1682458953307008743,647,1682458953307008743,camera_1,652
1682458953316300392,648,1682458953316300392,camera_1,653
1682458953325797319,649,1682458953325797319,camera_1,654
1682458953335167169,650,1682458953335167169,camera_1,655
1682458953344340562,651,1682458953344340562,camera_1,656
1682458953353802442,652,1682458953353802442,camera_1,657
1682458953363114833,653,1682458953363114833,camera_1,658
1682458953372349500,654,1682458953372349500,camera_1,659
1682458953381738662,655,1682458953381738662,camera_1,660
1682458953390887260,656,1682458953390887260,camera_1,661
1682458953400425672,657,1682458953400425672,camera_1,662
1682458953409773111,658,1682458953409773111,camera_1,663
1682458953418945550,659,1682458953418945550,camera_1,664
1682458953428404331,660,1682458953428404331,camera_1,665
1682458953437885522,661,1682458953437885522,camera_1,666
1682458953446797609,662,1682458953446797609,camera_1,667
1682458953456273317,663,1682458953456273317,camera_1,668
1682458953465586185,664,1682458953465586185,camera_1,669
1682458953474976778,665,1682458953474976778,camera_1,670
1682458953484442949,666,1682458953484442949,camera_1,671
1682458953493622541,667,1682458953493622541,camera_1,672
1682458953503157615,668,1682458953503157615,camera_1,673
1682458953512442827,669,1682458953512442827,camera_1,674
1682458953521531581,670,1682458953521531581,camera_1,675
1682458953530963659,671,1682458953530963659,camera_1,676
1682458953540131092,672,1682458953540131092,camera_1,677
1682458953549604654,673,1682458953549604654,camera_1,678
1682458953559013843,674,1682458953559013843,camera_1,679
1682458953568169116,675,1682458953568169116,camera_1,680
1682458953577513933,676,1682458953577513933,camera_1,681
1682458953587144613,677,1682458953587144613,camera_1,682
1682458953596183300,678,1682458953596183300,camera_1,683
1682458953605640649,679,1682458953605640649,camera_1,684
1682458953614958763,680,1682458953614958763,camera_1,685
1682458953624243021,681,1682458953624243021,camera_1,686
1682458953633689165,682,1682458953633689165,camera_1,687
1682458953642944335,683,1682458953642944335,camera_1,688
1682458953652427196,684,1682458953652427196,camera_1,689
1682458953661830425,685,1682458953661830425,camera_1,690
1682458953670908212,686,1682458953670908212,camera_1,691
1682458953680443763,687,1682458953680443763,camera_1,692
1682458953689613819,688,1682458953689613819,camera_1,693
1682458953698902368,689,1682458953698902368,camera_1,694
1682458953708402156,690,1682458953708402156,camera_1,695
1682458953717712402,691,1682458953717712402,camera_1,696
1682458953727136373,692,1682458953727136373,camera_1,697
1682458953736373901,693,1682458953736373901,camera_1,698
1682458953745685338,694,1682458953745685338,camera_1,699
1682458953755101680,695,1682458953755101680,camera_1,700
1682458953764228820,696,1682458953764228820,camera_1,701
1682458953773692369,697,1682458953773692369,camera_1,702
1682458953783053159,698,1682458953783053159,camera_1,703
1682458953792155504,699,1682458953792155504,camera_1,704
1682458953801928281,700,1682458953801928281,camera_1,705
1682458953811032772,701,1682458953811032772,camera_1,706
1682458953820407152,702,1682458953820407152,camera_1,707
1682458953829720020,703,1682458953829720020,camera_1,708
1682458953838997840,704,1682458953838997840,camera_1,709
1682458953848440170,705,1682458953848440170,camera_1,710
1682458953857863426,706,1682458953857863426,camera_1,711
1682458953867252588,707,1682458953867252588,camera_1,712
1682458953876297473,708,1682458953876297473,camera_1,713
1682458953886097192,709,1682458953886097192,camera_1,714
1682458953894884824,710,1682458953894884824,camera_1,715
1682458953904346466,711,1682458953904346466,camera_1,716
1682458953913560628,712,1682458953913560628,camera_1,717
1682458953922992229,713,1682458953922992229,camera_1,718
1682458953932462453,714,1682458953932462453,camera_1,719
1682458953941692113,715,1682458953941692113,camera_1,720
1682458953950996637,716,1682458953950996637,camera_1,721
1682458953960313558,717,1682458953960313558,camera_1,722
1682458953969616651,718,1682458953969616651,camera_1,723
1682458953978986501,719,1682458953978986501,camera_1,724
1682458953988137006,720,1682458953988137006,camera_1,725
1682458953997603178,721,1682458953997603178,camera_1,726
1682458954006852865,722,1682458954006852865,camera_1,727
1682458954016150236,723,1682458954016150236,camera_1,728
1682458954025705814,724,1682458954025705814,camera_1,729
1682458954034914970,725,1682458954034914970,camera_1,730
1682458954044300794,726,1682458954044300794,camera_1,731
1682458954053568601,727,1682458954053568601,camera_1,732
1682458954062626361,728,1682458954062626361,camera_1,733
1682458954072264432,729,1682458954072264432,camera_1,734
1682458954081658840,730,1682458954081658840,camera_1,735
1682458954090654373,731,1682458954090654373,camera_1,736
1682458954100324392,732,1682458954100324392,camera_1,737
1682458954109616994,733,1682458954109616994,camera_1,738
1682458954118808269,734,1682458954118808269,camera_1,739
1682458954128077745,735,1682458954128077745,camera_1,740
1682458954137281894,736,1682458954137281894,camera_1,741
1682458954146839380,737,1682458954146839380,camera_1,742
1682458954156077384,738,1682458954156077384,camera_1,743
1682458954165364265,739,1682458954165364265,camera_1,744
1682458954174702644,740,1682458954174702644,camera_1,745
1682458954184083700,741,1682458954184083700,camera_1,746
1682458954193326950,742,1682458954193326950,camera_1,747
1682458954202651739,743,1682458954202651739,camera_1,748
1682458954211954355,744,1682458954211954355,camera_1,749
1682458954221469402,745,1682458954221469402,camera_1,750
1682458954230676651,746,1682458954230676651,camera_1,751
1682458954239919900,747,1682458954239919900,camera_1,752
1682458954249408483,748,1682458954249408483,camera_1,753
1682458954258768320,749,1682458954258768320,camera_1,754
1682458954267914056,750,1682458954267914056,camera_1,755
1682458954277314901,751,1682458954277314901,camera_1,756
1682458954286570072,752,1682458954286570072,camera_1,757
1682458954295932054,753,1682458954295932054,camera_1,758
1682458954305409193,754,1682458954305409193,camera_1,759
1682458954314492702,755,1682458954314492702,camera_1,760
1682458954324020147,756,1682458954324020147,camera_1,761
1682458954333353281,757,1682458954333353281,camera_1,762
1682458954342809200,758,1682458954342809200,camera_1,763
1682458954351850748,759,1682458954351850748,camera_1,764
1682458954361175775,760,1682458954361175775,camera_1,765
1682458954370703935,761,1682458954370703935,camera_1,766
1682458954380011320,762,1682458954380011320,camera_1,767
1682458954389211893,763,1682458954389211893,camera_1,768
1682458954398699283,764,1682458954398699283,camera_1,769
1682458954408126831,765,1682458954408126831,camera_1,770
1682458954417279481,766,1682458954417279481,camera_1,771
1682458954426743745,767,1682458954426743745,camera_1,772
1682458954435731887,768,1682458954435731887,camera_1,773
1682458954445035934,769,1682458954445035934,camera_1,774
1682458954454623222,770,1682458954454623222,camera_1,775
1682458954463829517,771,1682458954463829517,camera_1,776
1682458954473308324,772,1682458954473308324,camera_1,777
1682458954482836246,773,1682458954482836246,camera_1,778
1682458954491775751,774,1682458954491775751,camera_1,779
1682458954501363754,775,1682458954501363754,camera_1,780
1682458954510575056,776,1682458954510575056,camera_1,781
1682458954519826650,777,1682458954519826650,camera_1,782
1682458954529230117,778,1682458954529230117,camera_1,783
1682458954538398742,779,1682458954538398742,camera_1,784
1682458954547891378,780,1682458954547891378,camera_1,785
1682458954557273864,781,1682458954557273864,camera_1,786
1682458954566390752,782,1682458954566390752,camera_1,787
1682458954575784206,783,1682458954575784206,camera_1,788
1682458954585361957,784,1682458954585361957,camera_1,789
1682458954594617366,785,1682458954594617366,camera_1,790
1682458954603814840,786,1682458954603814840,camera_1,791
1682458954613000631,787,1682458954613000631,camera_1,792
1682458954622610092,788,1682458954622610092,camera_1,793
1682458954632205963,789,1682458954632205963,camera_1,794
1682458954641335248,790,1682458954641335248,camera_1,795
1682458954650607824,791,1682458954650607824,camera_1,796
1682458954659900903,792,1682458954659900903,camera_1,797
1682458954669208049,793,1682458954669208049,camera_1,798
1682458954678686857,794,1682458954678686857,camera_1,799
1682458954687776088,795,1682458954687776088,camera_1,800
1682458954697217941,796,1682458954697217941,camera_1,801
1682458954706544876,797,1682458954706544876,camera_1,802
1682458954715639352,798,1682458954715639352,camera_1,803
1682458954725369453,799,1682458954725369453,camera_1,804
1682458954734744071,800,1682458954734744071,camera_1,805
1682458954743832588,801,1682458954743832588,camera_1,806
1682458954753165245,802,1682458954753165245,camera_1,807
1682458954762325286,803,1682458954762325286,camera_1,808
1682458954771779775,804,1682458954771779775,camera_1,809
1682458954781236886,805,1682458954781236886,camera_1,810
1682458954790292024,806,1682458954790292024,camera_1,811
1682458954799760580,807,1682458954799760580,camera_1,812
1682458954809125185,808,1682458954809125185,camera_1,813
1682458954818334817,809,1682458954818334817,camera_1,814
1682458954827779769,810,1682458954827779769,camera_1,815
1682458954836869478,811,1682458954836869478,camera_1,816
1682458954846326589,812,1682458954846326589,camera_1,817
1682458954855867147,813,1682458954855867147,camera_1,818
1682458954865208864,814,1682458954865208864,camera_1,819
1682458954874391555,815,1682458954874391555,camera_1,820
1682458954884044885,816,1682458954884044885,camera_1,821
1682458954892984151,817,1682458954892984151,camera_1,822
1682458954902835130,818,1682458954902835130,camera_1,823
1682458954911690235,819,1682458954911690235,camera_1,824
1682458954921041965,820,1682458954921041965,camera_1,825
1682458954930588722,821,1682458954930588722,camera_1,826
1682458954939580202,822,1682458954939580202,camera_1,827
1682458954949103116,823,1682458954949103116,camera_1,828
1682458954958564519,824,1682458954958564519,camera_1,829
1682458954967678308,825,1682458954967678308,camera_1,830
1682458954977338790,826,1682458954977338790,camera_1,831
1682458954986536026,827,1682458954986536026,camera_1,832
1682458954995885610,828,1682458954995885610,camera_1,833
1682458955005244493,829,1682458955005244493,camera_1,834
1682458955014457225,830,1682458955014457225,camera_1,835
1682458955023763179,831,1682458955023763179,camera_1,836
1682458955033307790,832,1682458955033307790,camera_1,837
1682458955042220830,833,1682458955042220830,camera_1,838
1682458955051733970,834,1682458955051733970,camera_1,839
1682458955060998439,835,1682458955060998439,camera_1,840
1682458955070578336,836,1682458955070578336,camera_1,841
1682458955079734802,837,1682458955079734802,camera_1,842
1682458955088844060,838,1682458955088844060,camera_1,843
1682458955098536491,839,1682458955098536491,camera_1,844
1682458955107635736,840,1682458955107635736,camera_1,845
1682458955116931438,841,1682458955116931438,camera_1,846
1682458955126221895,842,1682458955126221895,camera_1,847
1682458955135606765,843,1682458955135606765,camera_1,848
1682458955144901275,844,1682458955144901275,camera_1,849
1682458955154276132,845,1682458955154276132,camera_1,850
1682458955163539409,846,1682458955163539409,camera_1,851
1682458955172849178,847,1682458955172849178,camera_1,852
1682458955182296991,848,1682458955182296991,camera_1,853
1682458955191591501,849,1682458955191591501,camera_1,854
1682458955201039314,850,1682458955201039314,camera_1,855
1682458955210047006,851,1682458955210047006,camera_1,856
1682458955219769716,852,1682458955219769716,camera_1,857
1682458955229277372,853,1682458955229277372,camera_1,858
1682458955238274574,854,1682458955238274574,camera_1,859
1682458955247907161,855,1682458955247907161,camera_1,860
1682458955257157802,856,1682458955257157802,camera_1,861
1682458955266288757,857,1682458955266288757,camera_1,862
1682458955275806665,858,1682458955275806665,camera_1,863
1682458955284950494,859,1682458955284950494,camera_1,864
1682458955294409036,860,1682458955294409036,camera_1,865
1682458955303624629,861,1682458955303624629,camera_1,866
1682458955312718629,862,1682458955312718629,camera_1,867
1682458955322348594,863,1682458955322348594,camera_1,868
1682458955331678152,864,1682458955331678152,camera_1,869
1682458955340891599,865,1682458955340891599,camera_1,870
1682458955350486993,866,1682458955350486993,camera_1,871
1682458955359583854,867,1682458955359583854,camera_1,872
1682458955369040727,868,1682458955369040727,camera_1,873
1682458955378612995,869,1682458955378612995,camera_1,874
1682458955387578248,870,1682458955387578248,camera_1,875
1682458955396878004,871,1682458955396878004,camera_1,876
1682458955406336784,872,1682458955406336784,camera_1,877
1682458955415601491,873,1682458955415601491,camera_1,878
1682458955424902200,874,1682458955424902200,camera_1,879
1682458955434293508,875,1682458955434293508,camera_1,880
1682458955443569421,876,1682458955443569421,camera_1,881
1682458955453047037,877,1682458955453047037,camera_1,882
1682458955462305545,878,1682458955462305545,camera_1,883
1682458955471693277,879,1682458955471693277,camera_1,884
1682458955481161117,880,1682458955481161117,camera_1,885
1682458955490150690,881,1682458955490150690,camera_1,886
1682458955499747276,882,1682458955499747276,camera_1,887
1682458955508726596,883,1682458955508726596,camera_1,888
1682458955518347501,884,1682458955518347501,camera_1,889
1682458955527652263,885,1682458955527652263,camera_1,890
1682458955536967992,886,1682458955536967992,camera_1,891
1682458955546235561,887,1682458955546235561,camera_1,892
1682458955555669307,888,1682458955555669307,camera_1,893
1682458955564973592,889,1682458955564973592,camera_1,894
1682458955574304580,890,1682458955574304580,camera_1,895
1682458955583474397,891,1682458955583474397,camera_1,896
1682458955592839717,892,1682458955592839717,camera_1,897
1682458955602375507,893,1682458955602375507,camera_1,898
1682458955611659288,894,1682458955611659288,camera_1,899
1682458955620956897,895,1682458955620956897,camera_1,900
1682458955630426645,896,1682458955630426645,camera_1,901
1682458955639601469,897,1682458955639601469,camera_1,902
1682458955648938179,898,1682458955648938179,camera_1,903
1682458955658153772,899,1682458955658153772,camera_1,904
1682458955668099403,900,1682458955668099403,camera_1,905
1682458955676890373,901,1682458955676890373,camera_1,906
1682458955686043977,902,1682458955686043977,camera_1,907
1682458955695539712,903,1682458955695539712,camera_1,908
1682458955705057382,904,1682458955705057382,camera_1,909
1682458955714085340,905,1682458955714085340,camera_1,910
1682458955723648786,906,1682458955723648786,camera_1,911
1682458955732723951,907,1682458955732723951,camera_1,912
1682458955742377758,908,1682458955742377758,camera_1,913
1682458955751568555,909,1682458955751568555,camera_1,914
1682458955760759353,910,1682458955760759353,camera_1,915
1682458955770090103,911,1682458955770090103,camera_1,916
1682458955779916286,912,1682458955779916286,camera_1,917
1682458955788728237,913,1682458955788728237,camera_1,918
1682458955798249721,914,1682458955798249721,camera_1,919
1682458955807365894,915,1682458955807365894,camera_1,920
1682458955816741704,916,1682458955816741704,camera_1,921
1682458955826414823,917,1682458955826414823,camera_1,922
1682458955835577249,918,1682458955835577249,camera_1,923
1682458955844756841,919,1682458955844756841,camera_1,924
1682458955854430913,920,1682458955854430913,camera_1,925
1682458955863516569,921,1682458955863516569,camera_1,926
1682458955873636245,922,1682458955873636245,camera_1,927
1682458955881939172,923,1682458955881939172,camera_1,928
1682458955891443252,924,1682458955891443252,camera_1,929
1682458955900903463,925,1682458955900903463,camera_1,930
1682458955909904479,926,1682458955909904479,camera_1,931
1682458955919508695,927,1682458955919508695,camera_1,932
1682458955928934574,928,1682458955928934574,camera_1,933
1682458955938056468,929,1682458955938056468,camera_1,934
1682458955947588920,930,1682458955947588920,camera_1,935
1682458955956552743,931,1682458955956552743,camera_1,936
1682458955965975284,932,1682458955965975284,camera_1,937
1682458955975512504,933,1682458955975512504,camera_1,938
1682458955984632968,934,1682458955984632968,camera_1,939
1682458955994153738,935,1682458955994153738,camera_1,940
1682458956003527879,936,1682458956003527879,camera_1,941
1682458956012712955,937,1682458956012712955,camera_1,942
1682458956022190809,938,1682458956022190809,camera_1,943
1682458956031353712,939,1682458956031353712,camera_1,944
1682458956040468215,940,1682458956040468215,camera_1,945
1682458956050099611,941,1682458956050099611,camera_1,946
1682458956059346675,942,1682458956059346675,camera_1,947
1682458956068749904,943,1682458956068749904,camera_1,948
1682458956077995061,944,1682458956077995061,camera_1,949
1682458956087455034,945,1682458956087455034,camera_1,950
1682458956096744298,946,1682458956096744298,camera_1,951
1682458956106119632,947,1682458956106119632,camera_1,952
1682458956115334749,948,1682458956115334749,camera_1,953
1682458956124884366,949,1682458956124884366,camera_1,954
1682458956133832693,950,1682458956133832693,camera_1,955
1682458956143558979,951,1682458956143558979,camera_1,956
1682458956152802467,952,1682458956152802467,camera_1,957
1682458956161875724,953,1682458956161875724,camera_1,958
1682458956171500444,954,1682458956171500444,camera_1,959
1682458956180709362,955,1682458956180709362,camera_1,960
1682458956190016269,956,1682458956190016269,camera_1,961
1682458956199507951,957,1682458956199507951,camera_1,962
1682458956208541631,958,1682458956208541631,camera_1,963
1682458956217936992,959,1682458956217936992,camera_1,964
1682458956227422952,960,1682458956227422952,camera_1,965
1682458956236608505,961,1682458956236608505,camera_1,966
1682458956246115684,962,1682458956246115684,camera_1,967
1682458956255311012,963,1682458956255311012,camera_1,968
1682458956264467477,964,1682458956264467477,camera_1,969
1682458956282947301,965,1682458956282947301,camera_1,971
1682458956292549133,966,1682458956292549133,camera_1,972
1682458956301924943,967,1682458956301924943,camera_1,973
1682458956310890674,968,1682458956310890674,camera_1,974
1682458956320457696,969,1682458956320457696,camera_1,975
1682458956329878330,970,1682458956329878330,camera_1,976
1682458956339062213,971,1682458956339062213,camera_1,977
1682458956348494529,972,1682458956348494529,camera_1,978
1682458956357680320,973,1682458956357680320,camera_1,979
1682458956367058515,974,1682458956367058515,camera_1,980
1682458956376502752,975,1682458956376502752,camera_1,981
1682458956385693788,976,1682458956385693788,camera_1,982
1682458956395014047,977,1682458956395014047,camera_1,983
1682458956404490947,978,1682458956404490947,camera_1,984
1682458956413631916,979,1682458956413631916,camera_1,985
1682458956423109769,980,1682458956423109769,camera_1,986
1682458956432381629,981,1682458956432381629,camera_1,987
1682458956441758394,982,1682458956441758394,camera_1,988
1682458956451066017,983,1682458956451066017,camera_1,989
1682458956460402965,984,1682458956460402965,camera_1,990
1682458956469746112,985,1682458956469746112,camera_1,991
1682458956479254245,986,1682458956479254245,camera_1,992
1682458956488402843,987,1682458956488402843,camera_1,993
1682458956497619628,988,1682458956497619628,camera_1,994
1682458956506859064,989,1682458956506859064,camera_1,995
1682458956516311883,990,1682458956516311883,camera_1,996
1682458956525925874,991,1682458956525925874,camera_1,997
1682458956535084962,992,1682458956535084962,camera_1,998
1682458956544485569,993,1682458956544485569,camera_1,999
1682458956553738594,994,1682458956553738594,camera_1,1000
1682458956563009500,995,1682458956563009500,camera_1,1001
1682458956572361946,996,1682458956572361946,camera_1,1002
1682458956581540584,997,1682458956581540584,camera_1,1003
1682458956591227531,998,1682458956591227531,camera_1,1004
1682458956600340366,999,1682458956600340366,camera_1,1005
1682458956609544038,1000,1682458956609544038,camera_1,1006
1682458956619029283,1001,1682458956619029283,camera_1,1007
1682458956628306150,1002,1682458956628306150,camera_1,1008
1682458956637622594,1003,1682458956637622594,camera_1,1009
1682458956646980524,1004,1682458956646980524,camera_1,1010
1682458956656245708,1005,1682458956656245708,camera_1,1011
1682458956665619373,1006,1682458956665619373,camera_1,1012
1682458956674867630,1007,1682458956674867630,camera_1,1013
1682458956684424161,1008,1682458956684424161,camera_1,1014
1682458956693764209,1009,1682458956693764209,camera_1,1015
1682458956702960968,1010,1682458956702960968,camera_1,1016
1682458956712195396,1011,1682458956712195396,camera_1,1017
1682458956721827745,1012,1682458956721827745,camera_1,1018
1682458956731004476,1013,1682458956731004476,camera_1,1019
1682458956740652799,1014,1682458956740652799,camera_1,1020
1682458956749980449,1015,1682458956749980449,camera_1,1021
1682458956758993387,1016,1682458956758993387,camera_1,1022
1682458956768436431,1017,1682458956768436431,camera_1,1023
1682458956777803421,1018,1682458956777803421,camera_1,1024
1682458956787077665,1019,1682458956787077665,camera_1,1025
1682458956796348094,1020,1682458956796348094,camera_1,1026
1682458956814983606,1021,1682458956814983606,camera_1,1028
1682458956824462890,1022,1682458956824462890,camera_1,1029
1682458956834023714,1023,1682458956834023714,camera_1,1030
1682458956843111991,1024,1682458956843111991,camera_1,1031
1682458956852277040,1025,1682458956852277040,camera_1,1032
1682458956861765384,1026,1682458956861765384,camera_1,1033
1682458956871249437,1027,1682458956871249437,camera_1,1034
1682458956880351543,1028,1682458956880351543,camera_1,1035
1682458956889684438,1029,1682458956889684438,camera_1,1036
1682458956898841142,1030,1682458956898841142,camera_1,1037
1682458956908078908,1031,1682458956908078908,camera_1,1038
1682458956917616128,1032,1682458956917616128,camera_1,1039
1682458956926913261,1033,1682458956926913261,camera_1,1040
1682458956936307191,1034,1682458956936307191,camera_1,1041
1682458956945657491,1035,1682458956945657491,camera_1,1042
1682458956954886913,1036,1682458956954886913,camera_1,1043
1682458956964208602,1037,1682458956964208602,camera_1,1044
1682458956973693847,1038,1682458956973693847,camera_1,1045
1682458956982715368,1039,1682458956982715368,camera_1,1046
1682458956992286443,1040,1682458956992286443,camera_1,1047
1682458957001696586,1041,1682458957001696586,camera_1,1048
1682458957010823249,1042,1682458957010823249,camera_1,1049
1682458957020253419,1043,1682458957020253419,camera_1,1050
1682458957029221773,1044,1682458957029221773,camera_1,1051
1682458957038795471,1045,1682458957038795471,camera_1,1052
1682458957048122644,1046,1682458957048122644,camera_1,1053
1682458957057443857,1047,1682458957057443857,camera_1,1054
1682458957066811800,1048,1682458957066811800,camera_1,1055
1682458957076177597,1049,1682458957076177597,camera_1,1056
1682458957085302352,1050,1682458957085302352,camera_1,1057
1682458957095125198,1051,1682458957095125198,camera_1,1058
1682458957104013681,1052,1682458957104013681,camera_1,1059
1682458957113409757,1053,1682458957113409757,camera_1,1060
1682458957123115301,1054,1682458957123115301,camera_1,1061
1682458957132172584,1055,1682458957132172584,camera_1,1062
1682458957141649723,1056,1682458957141649723,camera_1,1063
1682458957150872230,1057,1682458957150872230,camera_1,1064
1682458957160043954,1058,1682458957160043954,camera_1,1065
1682458957169403314,1059,1682458957169403314,camera_1,1066
1682458957178739309,1060,1682458957178739309,camera_1,1067
1682458957187949419,1061,1682458957187949419,camera_1,1068
1682458957197312116,1062,1682458957197312116,camera_1,1069
1682458957206912994,1063,1682458957206912994,camera_1,1070
1682458957216061115,1064,1682458957216061115,camera_1,1071
1682458957225338459,1065,1682458957225338459,camera_1,1072
1682458957234355926,1066,1682458957234355926,camera_1,1073
1682458957243402004,1067,1682458957243402004,camera_1,1074
1682458957252290964,1068,1682458957252290964,camera_1,1075
1682458957261965990,1069,1682458957261965990,camera_1,1076
1682458957271655082,1070,1682458957271655082,camera_1,1077
1682458957280652761,1071,1682458957280652761,camera_1,1078
1682458957290122985,1072,1682458957290122985,camera_1,1079
1682458957299441099,1073,1682458957299441099,camera_1,1080
1682458957308751583,1074,1682458957308751583,camera_1,1081
1682458957317774295,1075,1682458957317774295,camera_1,1082
1682458957327202320,1076,1682458957327202320,camera_1,1083
1682458957336670637,1077,1682458957336670637,camera_1,1084
1682458957346248388,1078,1682458957346248388,camera_1,1085
1682458957355350494,1079,1682458957355350494,camera_1,1086
1682458957364710807,1080,1682458957364710807,camera_1,1087
1682458957374199390,1081,1682458957374199390,camera_1,1088
1682458957383488655,1082,1682458957383488655,camera_1,1089
1682458957392539501,1083,1682458957392539501,camera_1,1090
1682458957401623487,1084,1682458957401623487,camera_1,1091
1682458957411407470,1085,1682458957411407470,camera_1,1092
1682458957420781612,1086,1682458957420781612,camera_1,1093
1682458957429927349,1087,1682458957429927349,camera_1,1094
1682458957439177751,1088,1682458957439177751,camera_1,1095
1682458957448723554,1089,1682458957448723554,camera_1,1096
1682458957458011865,1090,1682458957458011865,camera_1,1097
1682458957467551946,1091,1682458957467551946,camera_1,1098
1682458957477668762,1092,1682458957477668762,camera_1,1099
1682458957486952543,1093,1682458957486952543,camera_1,1100
1682458957496121406,1094,1682458957496121406,camera_1,1101
1682458957505403041,1095,1682458957505403041,camera_1,1102
1682458957514667272,1096,1682458957514667272,camera_1,1103
1682458957524211883,1097,1682458957524211883,camera_1,1104
1682458957533175468,1098,1682458957533175468,camera_1,1105
1682458957542762041,1099,1682458957542762041,camera_1,1106
1682458957552013635,1100,1682458957552013635,camera_1,1107
1682458957561181783,1101,1682458957561181783,camera_1,1108
1682458957570524454,1102,1682458957570524454,camera_1,1109
1682458957580010652,1103,1682458957580010652,camera_1,1110
1682458957589562654,1104,1682458957589562654,camera_1,1111
1682458957598910808,1105,1682458957598910808,camera_1,1112
1682458957607832670,1106,1682458957607832670,camera_1,1113
1682458957617529630,1107,1682458957617529630,camera_1,1114
1682458957626604795,1108,1682458957626604795,camera_1,1115
1682458957635925054,1109,1682458957635925054,camera_1,1116
1682458957645434617,1110,1682458957645434617,camera_1,1117
1682458957654528856,1111,1682458957654528856,camera_1,1118
1682458957663907527,1112,1682458957663907527,camera_1,1119
1682458957673437118,1113,1682458957673437118,camera_1,1120
1682458957682518482,1114,1682458957682518482,camera_1,1121
1682458957691991567,1115,1682458957691991567,camera_1,1122
1682458957701246738,1116,1682458957701246738,camera_1,1123
1682458957710694074,1117,1682458957710694074,camera_1,1124
1682458957720119476,1118,1682458957720119476,camera_1,1125
1682458957729321479,1119,1682458957729321479,camera_1,1126
1682458957738792896,1120,1682458957738792896,camera_1,1127
1682458957748111009,1121,1682458957748111009,camera_1,1128
1682458957757306337,1122,1682458957757306337,camera_1,1129
1682458957766661167,1123,1682458957766661167,camera_1,1130
1682458957775879621,1124,1682458957775879621,camera_1,1131
1682458957785430431,1125,1682458957785430431,camera_1,1132
1682458957794711589,1126,1682458957794711589,camera_1,1133
1682458957803842067,1127,1682458957803842067,camera_1,1134
1682458957813317060,1128,1682458957813317060,camera_1,1135
1682458957822674751,1129,1682458957822674751,camera_1,1136
1682458957831749439,1130,1682458957831749439,camera_1,1137
1682458957841251373,1131,1682458957841251373,camera_1,1138
1682458957850508689,1132,1682458957850508689,camera_1,1139
1682458957860106706,1133,1682458957860106706,camera_1,1140
1682458957869490146,1134,1682458957869490146,camera_1,1141
1682458957878609657,1135,1682458957878609657,camera_1,1142
1682458957888399839,1136,1682458957888399839,camera_1,1143
1682458957897923231,1137,1682458957897923231,camera_1,1144
1682458957906406164,1138,1682458957906406164,camera_1,1145
1682458957915919780,1139,1682458957915919780,camera_1,1146
1682458957925000190,1140,1682458957925000190,camera_1,1147
1682458957934356689,1141,1682458957934356689,camera_1,1148
1682458957943981409,1142,1682458957943981409,camera_1,1149
1682458957953006505,1143,1682458957953006505,camera_1,1150
1682458957962337255,1144,1682458957962337255,camera_1,1151
1682458957971922397,1145,1682458957971922397,camera_1,1152
1682458957981104135,1146,1682458957981104135,camera_1,1153
1682458957990429162,1147,1682458957990429162,camera_1,1154
1682458957999716520,1148,1682458957999716520,camera_1,1155
1682458958009047269,1149,1682458958009047269,camera_1,1156
1682458958018337249,1150,1682458958018337249,camera_1,1157
1682458958027557134,1151,1682458958027557134,camera_1,1158
1682458958037045240,1152,1682458958037045240,camera_1,1159
1682458958046580791,1153,1682458958046580791,camera_1,1160
1682458958055653810,1154,1682458958055653810,camera_1,1161
1682458958065155744,1155,1682458958065155744,camera_1,1162
1682458958074274063,1156,1682458958074274063,camera_1,1163
1682458958083658933,1157,1682458958083658933,camera_1,1164
1682458958093177080,1158,1682458958093177080,camera_1,1165
1682458958102367162,1159,1682458958102367162,camera_1,1166
1682458958111600399,1160,1682458958111600399,camera_1,1167
1682458958121215820,1161,1682458958121215820,camera_1,1168
1682458958130290031,1162,1682458958130290031,camera_1,1169
1682458958139724493,1163,1682458958139724493,camera_1,1170
1682458958148786067,1164,1682458958148786067,camera_1,1171
1682458958158150196,1165,1682458958158150196,camera_1,1172
1682458958167640209,1166,1682458958167640209,camera_1,1173
1682458958176963329,1167,1682458958176963329,camera_1,1174
1682458958186273813,1168,1682458958186273813,camera_1,1175
1682458958195756196,1169,1682458958195756196,camera_1,1176
1682458958204874038,1170,1682458958204874038,camera_1,1177
1682458958214313745,1171,1682458958214313745,camera_1,1178
1682458958223412513,1172,1682458958223412513,camera_1,1179
1682458958233097314,1173,1682458958233097314,camera_1,1180
1682458958242466926,1174,1682458958242466926,camera_1,1181
1682458958251593112,1175,1682458958251593112,camera_1,1182
1682458958261039972,1176,1682458958261039972,camera_1,1183
1682458958270595073,1177,1682458958270595073,camera_1,1184
1682458958279767990,1178,1682458958279767990,camera_1,1185
1682458958289038658,1179,1682458958289038658,camera_1,1186
1682458958298403978,1180,1682458958298403978,camera_1,1187
1682458958307860851,1181,1682458958307860851,camera_1,1188
1682458958317166566,1182,1682458958317166566,camera_1,1189
1682458958326325654,1183,1682458958326325654,camera_1,1190
1682458958335828781,1184,1682458958335828781,camera_1,1191
1682458958345123767,1185,1682458958345123767,camera_1,1192
1682458958354474544,1186,1682458958354474544,camera_1,1193
1682458958363871574,1187,1682458958363871574,camera_1,1194
1682458958372870206,1188,1682458958372870206,camera_1,1195
1682458958382332324,1189,1682458958382332324,camera_1,1196
1682458958391682863,1190,1682458958391682863,camera_1,1197
1682458958400901794,1191,1682458958400901794,camera_1,1198
1682458958410598516,1192,1682458958410598516,camera_1,1199
1682458958419862747,1193,1682458958419862747,camera_1,1200
1682458958428930997,1194,1682458958428930997,camera_1,1201
1682458958438397407,1195,1682458958438397407,camera_1,1202
1682458958447733402,1196,1682458958447733402,camera_1,1203
1682458958456814765,1197,1682458958456814765,camera_1,1204
1682458958466207504,1198,1682458958466207504,camera_1,1205
1682458958475407361,1199,1682458958475407361,camera_1,1206
1682458958484780311,1200,1682458958484780311,camera_1,1207
1682458958494623899,1201,1682458958494623899,camera_1,1208
1682458958503429651,1202,1682458958503429651,camera_1,1209
1682458958512814044,1203,1682458958512814044,camera_1,1210
1682458958522322893,1204,1682458958522322893,camera_1,1211
1682458958531481742,1205,1682458958531481742,camera_1,1212
1682458958540934801,1206,1682458958540934801,camera_1,1213
1682458958549922466,1207,1682458958549922466,camera_1,1214
1682458958559517621,1208,1682458958559517621,camera_1,1215
1682458958568781375,1209,1682458958568781375,camera_1,1216
1682458958578096389,1210,1682458958578096389,camera_1,1217
1682458958587788581,1211,1682458958587788581,camera_1,1218
1682458958597271442,1212,1682458958597271442,camera_1,1219
1682458958606329202,1213,1682458958606329202,camera_1,1220
1682458958615788221,1214,1682458958615788221,camera_1,1221
1682458958624651670,1215,1682458958624651670,camera_1,1222
1682458958634469270,1216,1682458958634469270,camera_1,1223
1682458958643654584,1217,1682458958643654584,camera_1,1224
1682458958652857303,1218,1682458958652857303,camera_1,1225
1682458958662475109,1219,1682458958662475109,camera_1,1226
1682458958671745300,1220,1682458958671745300,camera_1,1227
1682458958681284427,1221,1682458958681284427,camera_1,1228
1682458958690315485,1222,1682458958690315485,camera_1,1229
1682458958699492931,1223,1682458958699492931,camera_1,1230
1682458958708840370,1224,1682458958708840370,camera_1,1231
1682458958718476295,1225,1682458958718476295,camera_1,1232
1682458958727528095,1226,1682458958727528095,camera_1,1233
1682458958737047433,1227,1682458958737047433,camera_1,1234
1682458958746415376,1228,1682458958746415376,camera_1,1235
1682458958755635499,1229,1682458958755635499,camera_1,1236
1682458958765013456,1230,1682458958765013456,camera_1,1237
1682458958774072885,1231,1682458958774072885,camera_1,1238
1682458958783693552,1232,1682458958783693552,camera_1,1239
1682458958792941331,1233,1682458958792941331,camera_1,1240
1682458958802119493,1234,1682458958802119493,camera_1,1241
1682458958811539888,1235,1682458958811539888,camera_1,1242
1682458958820871829,1236,1682458958820871829,camera_1,1243
1682458958830028772,1237,1682458958830028772,camera_1,1244
