field.image_seq,field.transforms0.transform.translation.x,field.transforms0.transform.translation.y,field.transforms0.transform.translation.z,%time,field.header.seq,field.header.stamp,field.header.frame_id,field.transforms0.fiducial_id,field.transforms0.transform.rotation.x,field.transforms0.transform.rotation.y,field.transforms0.transform.rotation.z,field.transforms0.transform.rotation.w,field.transforms0.image_error,field.transforms0.object_error,field.transforms0.fiducial_area
179,0.0,0.0,0.0,1678319900984612601,177,1677825034917077779,camera_1,0,0.7040571378057943,0.7062420144181006,0.033617512057240624,0.0662995223094224,0.003503789252135903,0.0006415233708542402,10656.257913698675
180,-0.00012404957014186535,0.00022203003302190272,-0.0017412714314541944,1678319900991322472,178,1677825034923938274,camera_1,0,0.7038659805582852,0.7062918942802313,0.03471273547347626,0.06722698478077767,0.002200111746788025,0.0004024083123385196,10666.618690301546
181,-8.928570247629386e-05,5.769504715297247e-05,-0.0003957911560581451,1678319900998074736,179,1677825034930506706,camera_1,0,0.7040743772511442,0.7062439657046781,0.03335927655324171,0.06622605885893723,0.004086848173756152,0.000748014180802899,10659.961076191508
182,-0.0001638810459408946,0.00018292339508846345,-0.0014691236077224445,1678319901003403787,180,1677825034936291694,camera_1,0,0.7038729619391038,0.7063514196752618,0.034614660684626763,0.06657590134202923,0.0030875058146193624,0.0005647185754789325,10666.213265242288
183,-5.5372409071566264e-05,-3.1606624301294683e-05,0.00043750586199831076,1678319901010478646,181,1677825034943076372,camera_1,0,0.7041550587241161,0.7064218383754394,0.028520007855883163,0.06573012012313348,0.008080620900727808,0.001479638961502846,10659.711719778012
184,-0.0001273575863715709,0.00016576035786947108,-0.0012328529130636312,1678319901018040433,182,1677825034950578927,camera_1,0,0.7039401257699003,0.706411965130101,0.033748392315733323,0.06566186768733659,0.0072753254789859065,0.00133063611475575,10667.670033357805
185,-0.00010978887339656296,0.00016209807511302632,-0.0011904800461595144,1678319901024649733,183,1677825034957170009,camera_1,0,0.7039089286626279,0.706295615419116,0.03318654019423786,0.06750835014055567,0.004974343697540462,0.0009102180941939551,10663.307652567048
186,-0.0001698149406263033,0.00030873217959342947,-0.0026975551720216373,1678319901031444880,184,1677825034963759183,camera_1,0,0.7038218792967393,0.7062510734593533,0.0364623316793068,0.06719138210533718,0.005382216942962259,0.0009836135573508577,10672.16040625644
187,-0.00014662771812684605,0.00024653557621417965,-0.002105152128057508,1678319901037209527,185,1677825034969747304,camera_1,0,0.7039136157174544,0.7061587966157352,0.03688836905492381,0.06696733381481472,0.0031644537230022256,0.0005785849548917037,10667.401825492963
188,-0.00011527523296504805,0.00016685297141166844,-0.001325849296302195,1678319901044295141,186,1677825034976616382,camera_1,0,0.7039449695317473,0.7063285679732151,0.032517428337286096,0.06711222534072414,0.005204763438086957,0.0009522077151750348,10666.18104686088
189,-5.695191900502439e-05,1.3252153357901086e-05,-0.00022523490013437453,1678319901050943552,187,1677825034983732461,camera_1,0,0.7039161145462088,0.706297496037236,0.03570867075164804,0.06611234080600925,0.002686560095753521,0.0004917745596664329,10655.954070650045
190,-0.000123426537008392,0.00014553324047206218,-0.0011824250561698335,1678319901057035263,188,1677825034989924907,camera_1,0,0.7040255919215828,0.7061558260780401,0.0350352800828635,0.06681649770095144,0.0024534271215088665,0.00044885840615782764,10662.755437282265
191,-6.623315955324449e-05,-2.839194169584891e-05,0.0003235122268843149,1678319901064231574,189,1677825034996572017,camera_1,0,0.7041196636135596,0.7062841863287407,0.03349215026371464,0.06524127010864478,0.0037723412970080967,0.0006906749088932787,10656.475874980566
192,-0.00010042279962342582,9.058051914206944e-05,-0.00048112997959393056,1678319901070477843,190,1677825035003214836,camera_1,0,0.7040830065934026,0.7062846915755324,0.03258680651258936,0.06608444835027914,0.003414947830606252,0.0006250112351122513,10661.928222855204
193,-0.00012628075404715056,0.00018718003258150206,-0.0015882594375482562,1678319901077053061,191,1677825035009919881,camera_1,0,0.7038079180997334,0.7062478082824676,0.035622955952608136,0.0678192651503119,0.003866512444801629,0.000707351443443837,10662.701150066912
194,-6.700420750634095e-05,8.653980453110499e-05,-0.0006705258229140476,1678319901083800367,192,1677825035016564369,camera_1,0,0.703960241926209,0.7061303874774985,0.035110210412625464,0.06772833079924931,0.0035504020634107287,0.0006499811164095579,10656.199778720036
195,-0.00011559576194274113,0.00023696222363411845,-0.0020231019046299537,1678319901090431876,193,1677825035023276329,camera_1,0,0.7039058252777501,0.7062293541366396,0.03465610938544439,0.0674955004282401,0.007626964128576217,0.0013946209947079042,10668.246959297452
196,-0.00011932919263610287,0.00019068536564725846,-0.0017580408914383838,1678319901096999272,194,1677825035029927730,camera_1,0,0.7039028159935147,0.7060375010072321,0.03675151104460031,0.0684192899977915,0.0032524320413358514,0.0005950331883153871,10661.016982762376
197,-0.0001347609730648902,0.00020429376326136506,-0.001616817031102613,1678319901104747115,195,1677825035037101984,camera_1,0,0.7037827034214377,0.7062939822501103,0.035432931943760064,0.06769951503491446,0.0034753383370116357,0.0006357491301344851,10663.496594786524
198,-0.000139149165810995,0.00021386790963734414,-0.0017730755694200795,1678319901111082570,196,1677825035043729066,camera_1,0,0.7040170303820056,0.7060883573504811,0.033764181738269734,0.06825857145990283,0.0029610662604682148,0.0005416771778181801,10665.352040034139
199,-0.0001552936124626786,0.00022321041808032183,-0.0017252906385860634,1678319901116898900,197,1677825035049594640,camera_1,0,0.7039254194968165,0.7062557995393937,0.032050141374994186,0.06829742192092977,0.003952760132960975,0.0007231115557135955,10666.877319742227
200,-0.00011250807121160333,0.00011471283822123146,-0.0007913894630409146,1678319901124180905,198,1677825035056460380,camera_1,0,0.704040480485138,0.7061752866837269,0.03466603180079127,0.06664632438926192,0.005218663194682449,0.0009549795803262244,10660.516861925953
201,-8.21113168080756e-05,4.568334173549182e-05,-0.0004077791718319901,1678319901131397750,199,1677825035063745260,camera_1,0,0.7041015020043273,0.7062086722093615,0.03356809615501552,0.06620852733650451,0.003774072567466647,0.0006908107171448228,10659.843842025966
202,-0.00015710127684415154,0.00024022944733387286,-0.0018748463005437976,1678319901138099938,200,1677825035070535659,camera_1,0,0.7040109822791529,0.7060272313496716,0.03458020695882705,0.06854410776824148,0.004111080546863377,0.0007520493309871516,10664.45153803588
203,-0.00010671316887030102,6.85819374221519e-05,-0.0007488525545684688,1678319901144661607,201,1677825035077146768,camera_1,0,0.7040912431590464,0.7061331319278625,0.033237128983697795,0.06728160638256006,0.004101029073353857,0.0007506233152721338,10660.238627300012
204,-0.0001341282216126699,0.00018838028400280926,-0.0013143737143388456,1678319901151078008,202,1677825035083746671,camera_1,0,0.7039113418572274,0.7059857405271173,0.035659004744624474,0.06943624671422352,0.002578220854047686,0.0004719682785564244,10656.242155512795
205,-0.00010848878231084491,7.276296135155791e-05,-0.0005893181501361866,1678319901156811995,203,1677825035089646100,camera_1,0,0.7039537492543053,0.7062021827746439,0.032658805613474874,0.06827150482475483,0.004452223074622452,0.000815143519281387,10657.086439613366
206,-0.00012928378369399252,0.00012843648459320844,-0.0011012433904080687,1678319901163790543,204,1677825035096402168,camera_1,0,0.703882991192553,0.7062639008411344,0.03487705626114281,0.06725792165273625,0.0017004915280267596,0.00031116778150664634,10661.168261038838
207,-0.00011959840179669168,0.00015380427520750306,-0.0013013406544155615,1678319901171505421,205,1677825035103788137,camera_1,0,0.7039368682467276,0.7063246299502286,0.03496718623501942,0.06599771613826873,0.004336079640779643,0.0007930446258617404,10665.862996301848
208,-0.00013198202492761824,0.00026607334304407093,-0.0023221583153323344,1678319901178071700,206,1677825035110538482,camera_1,0,0.7038704339262432,0.7062244840604308,0.0352162784592861,0.06762546923710383,0.0033973765675909817,0.0006211867657971013,10669.620777102886
209,-7.351026465941823e-05,0.00017722948489168333,-0.0017194916214329226,1678319901184521763,207,1677825035117165327,camera_1,0,0.7039924386288596,0.7062558547212029,0.0323554680711989,0.06745693227021424,0.0034345315070822835,0.000628178446151038,10668.598498041974
210,-3.597339595992621e-05,3.388750993632561e-05,-0.0005254518075865633,1678319901191315373,208,1677825035123746395,camera_1,0,0.7040419380667141,0.7063006643985865,0.034164037583836016,0.06555257012010192,0.0059549518628045925,0.0010896907604552905,10661.682295838142
211,-0.00013596863991589825,0.00015626457471984434,-0.0010199393454350947,1678319901197819703,209,1677825035130510568,camera_1,0,0.7038696132658071,0.7062585914710465,0.03299394957951614,0.06839421602387802,0.005704368639271706,0.0010441194073620072,10659.882167506497
212,-0.0001556464451923506,0.00013932469646910084,-0.0009398740512787107,1678319901204924034,210,1677825035137161731,camera_1,0,0.7039576638226658,0.7062506929773184,0.03386211877395304,0.06713362143167366,0.005211102426983415,0.0009536404817215088,10661.470117542658
213,-0.000130810370399026,0.00011288066481029979,-0.0006966959377803228,1678319901209825591,211,1677825035142889976,camera_1,0,0.7040081649590982,0.7063812697120373,0.03397253273433913,0.06514501124834812,0.002621783991344273,0.0004796493901546268,10664.375282886667
214,-0.00010078037663967254,0.00015257734250229138,-0.0011650019585194293,1678319901217724150,212,1677825035149996757,camera_1,0,0.7037795892075337,0.7062923672302481,0.037051840862296535,0.06687707302119797,0.005085676850285381,0.0009304278540846869,10659.853800123436
215,-9.508398944799157e-05,0.00013855993780176323,-0.0011354448987481724,1678319901224671060,213,1677825035157121181,camera_1,0,0.7040324700637574,0.7060637964302449,0.036132165973023295,0.06713168438622896,0.00682747788960114,0.0012493318874477071,10660.17400442611
216,-0.00011226806428427105,0.00020392885862124954,-0.0019173330794801657,1678319901230016803,214,1677825035162902355,camera_1,0,0.7038548645492726,0.7062098943343876,0.035795403893927415,0.0676358178379538,0.002576546976342797,0.000471218344420733,10665.574575707202
217,-9.469153404859099e-05,0.0001828832209406217,-0.0017123678010562138,1678319901237471734,215,1677825035169990301,camera_1,0,0.7039249978506261,0.7062102364928733,0.034776705970127865,0.06743352278758234,0.0034865786437876523,0.0006377105764444591,10665.733421031617
218,-9.750532632139819e-05,0.00013593077974322076,-0.0011601837683139493,1678319901244730622,216,1677825035177170276,camera_1,0,0.7038901951986009,0.7062330624615791,0.032753475759249355,0.06856139157793686,0.005472525139339268,0.0010016198194538663,10660.806441303339
219,-9.983543493374825e-05,5.1250215798270826e-05,-0.0003948959086668147,1678319901250106467,217,1677825035182896375,camera_1,0,0.7040238798281498,0.7063156607090358,0.033947416805548684,0.06569731319549836,0.004253904975485057,0.0007785192419573332,10660.577710372629
220,-0.00014670468744416854,0.00016899141364951076,-0.0013772693104598943,1678319901256955181,218,1677825035189406871,camera_1,0,0.7039113059247678,0.7061747443720027,0.03727202535366695,0.06661005876337461,0.0044261981383897355,0.0008095973356677103,10661.945278747471
221,-9.332182421679935e-05,6.0447948030728504e-05,-0.0002966591462030266,1678319901264594072,219,1677825035197112321,camera_1,0,0.7041027561648342,0.7063320924463425,0.031907382886799326,0.06569781471838082,0.0029265411430969834,0.0005356313381506101,10662.17096034263
222,-0.00011163578065359614,0.00015743552805913552,-0.001253597500662007,1678319901271075704,220,1677825035203797817,camera_1,0,0.7040054778170427,0.7062941555591555,0.033331145616984,0.0664370962522916,0.004667988221626729,0.0008538698764275813,10666.365691981513
223,-7.790180864229723e-05,0.00017824890400292004,-0.0017438624006960168,1678319901278421055,221,1677825035210479021,camera_1,0,0.7039022249662817,0.7061660624825524,0.03394760329640482,0.06854713791133772,0.00328591390280053,0.0006011892221240252,10664.10037849646
224,-2.1766468734377153e-05,4.123756881946328e-05,-0.000476358987028469,1678319901284722987,222,1677825035217265844,camera_1,0,0.703923492146852,0.7062441026439317,0.034674153508566924,0.06714676286250132,0.0022656777291558683,0.00041478243951104235,10656.643964499235
225,-5.874165276949228e-05,0.00010690833779541942,-0.00110491199273266,1678319901290574795,223,1677825035223191499,camera_1,0,0.704175553294259,0.7061393061957545,0.03397507805701517,0.06595274413640859,0.00278171815443784,0.000508851440057103,10665.57621858548
226,-0.0001720835223971151,0.0003011735411609373,-0.0024725991260163838,1678319901297049024,224,1677825035229886770,camera_1,0,0.7038444644738683,0.7061207103648067,0.03714515109532094,0.06794667006925352,0.0039930533384904265,0.0007300458467685278,10667.511602616873
227,-0.0001632246319057673,0.00018133721109236944,-0.001276543444733047,1678319901303962899,225,1677825035236518383,camera_1,0,0.7039840854305344,0.7061655810409424,0.03428946382080837,0.06753378624454387,0.002607616654131561,0.00047712591871100214,10662.633018477587
228,-0.00016529728229980334,0.00016059074496321823,-0.0012393216150248243,1678319901310848909,226,1677825035243291378,camera_1,0,0.703908476231704,0.7061202156141245,0.03643502109596248,0.06767264903903017,0.002894421981181949,0.0005296498689004098,10659.244240322265
229,-0.00021492830372159266,0.00031649036295289257,-0.0025538701095126903,1678319901317003686,227,1677825035249891042,camera_1,0,0.7037920741303386,0.7059525854465291,0.038170751449744335,0.06964665983691426,0.005911086744163185,0.001081040265563256,10662.30222318904
230,-8.062161655941757e-05,8.013488376484856e-05,-0.0008741051486542695,1678319901323639177,228,1677825035256554603,camera_1,0,0.7038690899672265,0.7063024832339095,0.03429088114798566,0.06729964217152885,0.0031984401284717023,0.0005853721544425263,10659.927965403076
231,-0.0001810604636305474,0.0003188539266456569,-0.002477338803050344,1678319901330461840,229,1677825035263068437,camera_1,0,0.7039770911563823,0.7059876029852595,0.035840867692625115,0.06865268939499827,0.003398482396733016,0.0006214463974418388,10667.439664804026
232,-0.00016109780354049696,0.0002756080655798576,-0.0023341518109907256,1678319901337591803,230,1677825035269887208,camera_1,0,0.7038263222218729,0.7061292030323241,0.03578287194620764,0.06877239888100903,0.0011569199268706145,0.00021158566481702945,10666.014355747726
233,-7.752628163514019e-05,6.696662692223798e-05,-0.0006298004528311196,1678319901344937712,231,1677825035277042627,camera_1,0,0.7038555524584256,0.7062837455261224,0.03489563683498318,0.0673270124758052,0.002957414137199521,0.0005413617650242887,10657.161007894782
234,-2.227135479510034e-05,-2.157443757849764e-05,0.0001599568460446399,1678319901351434430,232,1677825035283699512,camera_1,0,0.7042615680586232,0.7061951982885835,0.0321280186029796,0.0653588256504384,0.003394783940166235,0.0006214772253109235,10659.050188281108
235,-8.818053169547257e-05,2.420347017617619e-05,-0.00011478792089603118,1678319901357859490,233,1677825035290376901,camera_1,0,0.7042984907655768,0.7060810458900645,0.032820819663901685,0.06584820678433945,0.0030763757531531155,0.0005631356858389483,10659.276188180893
236,-0.00013780566418572504,0.00016662656387422814,-0.0013351000465839924,1678319901365496147,234,1677825035297504425,camera_1,0,0.7038335972405645,0.7061800174017306,0.03678551759952463,0.06763783048585724,0.005357570247724652,0.0009803203883368278,10659.634287575493
237,-0.00014589912699282392,0.00017311199559888468,-0.0013588664329216016,1678319901371570607,235,1677825035303963899,camera_1,0,0.7038266248352301,0.7062400524684809,0.034691040572823184,0.06818799136461245,0.0066049948800355205,0.0012086179538944824,10661.089778879072
238,-0.00010109519363470099,0.00013722337242871863,-0.0011508157269264352,1678319901378275590,236,1677825035309730768,camera_1,0,0.7041182459389475,0.7061842553654598,0.03573579155130667,0.06514788110132423,0.0037251199246384203,0.000681260373507377,10665.792699413496
239,-1.4909848858671304e-05,-3.607529223237371e-05,0.0001351106889146969,1678319901384962902,237,1677825035316989421,camera_1,0,0.7041384421952263,0.7061610887246416,0.03368859393331666,0.06626197727886733,0.002443752659019083,0.0004474621041591956,10655.162094258587
240,-0.00010568789728790384,0.0001693983791068443,-0.0017810706604799442,1678319901391938307,238,1677825035323693037,camera_1,0,0.7039286375864673,0.7061043155812436,0.03699819974225197,0.0673223730942115,0.003030322666745633,0.0005542113508500722,10663.687072675908
241,-4.376115807602776e-05,6.647987561192448e-05,-0.0007101555905850709,1678319901398298067,239,1677825035330392837,camera_1,0,0.7038090125717659,0.7063822809541269,0.03355195583363218,0.06746268032430232,0.007738468644674867,0.0014164424014425315,10659.079561139455
242,-0.00015257770177239116,0.00021806902218485247,-0.0016364782592064309,1678319901403108481,240,1677825035336114168,camera_1,0,0.7039592956003194,0.7063586478774104,0.033662645991207475,0.06607266432927654,0.005542508792132139,0.0010134781581807297,10669.999839709373
243,-0.000173774349533945,0.00020518299338095902,-0.001615655762504442,1678319901412173030,241,1677825035343665838,camera_1,0,0.7039246050590742,0.7060589431324156,0.03488220915696147,0.06895034952408323,0.004961714614182711,0.0009079691401215027,10660.928535807176
244,-0.00012985178548995113,0.00010916529362886562,-0.0008498345586964717,1678319901417660969,242,1677825035350376844,camera_1,0,0.7040158180849214,0.7062118882991933,0.032814105258536536,0.06745169536185598,0.0030777899082750078,0.0005633241744276131,10661.139322493571
245,-0.00014106736592289781,0.00012880759182631873,-0.0009957367761539437,1678319901424803363,243,1677825035357006788,camera_1,0,0.7039681045046796,0.7061771120278986,0.03432824379975559,0.06756009151599687,0.0031645121634937823,0.0005791608067837136,10660.238269468073
246,-0.00015791575574800043,0.0002651884494517809,-0.0020252833711786877,1678319901430038549,244,1677825035363012313,camera_1,0,0.7038978750316419,0.7062321791223161,0.03325721124026085,0.06824843293882009,0.007022368954494596,0.0012843615299768644,10668.040597206687
247,-0.00011544345846356552,0.00018720541589761774,-0.001549141729740633,1678319901437665846,245,1677825035369699478,camera_1,0,0.7040317364675799,0.7060570466812998,0.03422452295272738,0.06820148757016438,0.0032595886150375013,0.0005963991687142571,10663.139088599592
248,6.151258857001185e-06,-7.771834745440298e-05,0.0004978070458259154,1678319901444929623,246,1677825035377024412,camera_1,0,0.7040949605279487,0.7063049020267375,0.03502017454232408,0.06447681216664207,0.004764882731251419,0.0008723631777632383,10655.052629461508
249,-6.196539751389396e-05,7.65811212011247e-05,-0.0007628934378698382,1678319901451073296,247,1677825035383746147,camera_1,0,0.7040544565182959,0.7061212568429408,0.03481288853023691,0.0669936988339488,0.005925067875068635,0.0010843811642686607,10659.17884544702
250,-0.00013994918053569783,0.00014925894544726148,-0.001309880589043022,1678319901457633499,248,1677825035390368700,camera_1,0,0.7039707224915209,0.7062215666149372,0.0354719608717569,0.06646849415040465,0.004469730833079666,0.0008175441600077032,10664.104571399392
251,-0.00012219955923155335,0.00013534131871922872,-0.0008322580732840201,1678319901464782667,249,1677825035397015571,camera_1,0,0.7039697751858804,0.7062107731525271,0.035665582009561485,0.06648959142580255,0.00313034316059202,0.0005728067592133831,10660.001101324222
252,-0.00015027748033792643,0.0002045284585126539,-0.001423096851439709,1678319901470253006,250,1677825035402904510,camera_1,0,0.7038447540728129,0.7062650112321238,0.033521290637211015,0.06832729430824143,0.004018646781332791,0.0007353165228375463,10662.678675393692
253,-0.00011146564811967408,0.00019879179599185948,-0.0014919052778719077,1678319901477947980,251,1677825035409975528,camera_1,0,0.704120872366702,0.7061157925463314,0.03276592023003521,0.0673845611820684,0.005161268752999604,0.0009441551761691864,10666.5390866521
254,-0.00012536064030582716,0.0002847251198590528,-0.0024269403719330285,1678319901484510068,252,1677825035417053222,camera_1,0,0.7037731476290926,0.7062199289643508,0.03626248308077309,0.06813076346734502,0.003599623625632376,0.0006581596613204711,10667.812625797347
255,-0.00013371299352560317,0.0002740089705262627,-0.002520395852285251,1678319901491253811,253,1677825035423679590,camera_1,0,0.7038779169100928,0.7060429310309915,0.03684886811942045,0.06856689103198896,0.0042561046429909774,0.0007782166217650447,10666.63275023131
256,-2.297511527736551e-05,-6.412782569353848e-06,-5.9834616965570575e-05,1678319901498132417,254,1677825035430486440,camera_1,0,0.7040983573829034,0.7063340966999461,0.03341884563141776,0.06496789766055244,0.003394158091396093,0.0006212051753520624,10660.284941323573
257,-0.00014043299276719767,0.0001787828141588399,-0.0013632583316813829,1678319901504754429,255,1677825035437006950,camera_1,0,0.7038841198721744,0.7062355803960501,0.03389855887325532,0.06803924221172247,0.003733278950676322,0.0006831301005624528,10662.481329245958
258,-0.0001633039099496747,8.25247440090493e-05,-0.0005747647353553376,1678319901510380652,256,1677825035443045377,camera_1,0,0.7040367961143291,0.7064251318628175,0.035183332502822795,0.06370130221327844,0.002459554350934923,0.0004498510419298173,10665.41748386878
259,-0.00014739375634909013,0.00011985797923413921,-0.0006899764366119499,1678319901516804386,257,1677825035449673652,camera_1,0,0.7039420699800975,0.7065590473441414,0.0311481080774052,0.06534271261183787,0.005789381102658809,0.0010592073124888076,10667.084654459151
260,-9.174402473857701e-05,3.634082829645502e-05,-0.00015774455287198563,1678319901524417855,258,1677825035457026004,camera_1,0,0.7038797443757145,0.7064095146709284,0.03219618027242966,0.06709924750567335,0.004994509858079255,0.0009144897155864369,10657.184923656632
261,-0.0001775573836869937,0.0003096202984142482,-0.002460114373605826,1678319901531332988,259,1677825035463811874,camera_1,0,0.7036775007547091,0.7061098486511218,0.035675605318804635,0.07052735465500701,0.003981645742896943,0.0007284012720217713,10662.504995052004
262,-2.7178070717268077e-05,5.315330733013379e-05,-0.0006492531741200125,1678319901538052776,260,1677825035470443964,camera_1,0,0.7039542382198575,0.7062458014638681,0.0350191329733685,0.06662551112563776,0.004825667187105864,0.0008831528345539338,10658.924992395796
263,-9.528097986394313e-05,0.00015355419786938773,-0.0016090111190494305,1678319901543401942,261,1677825035476294517,camera_1,0,0.7038387671237601,0.7061503550140058,0.03695711532314398,0.06779998255376554,0.007709439087193459,0.0014103047046893028,10661.134929535916
264,-7.964027875040358e-05,0.00010916204484689995,-0.0011500178036554232,1678319901550637573,262,1677825035483033418,camera_1,0,0.703849843196668,0.7062157338273723,0.037400143512327434,0.06675301335482142,0.0029197119874879718,0.0005341624413729889,10659.532815195736
265,-9.86674674360033e-05,6.26410633199348e-05,-0.0005411724048216549,1678319901557728844,263,1677825035490359306,camera_1,0,0.7039152937457589,0.7062395813973761,0.03600080244134369,0.06657969001174767,0.0021271876175887887,0.00038933355203100013,10656.957438200716
266,-0.00018876561215912246,0.00016435130401071252,-0.0011394801314366099,1678319901564448143,264,1677825035497017621,camera_1,0,0.7039944170803153,0.7062800337935711,0.033113068302802924,0.06681241869497723,0.002994578506331891,0.0005479119380850833,10664.79281166487
267,-0.00010872939696850159,6.0486171503448816e-05,-0.00011807735744895353,1678319901570979292,265,1677825035503709554,camera_1,0,0.7040531432289707,0.7063570206103019,0.03180890590673068,0.0660085180030625,0.006336647435091436,0.0011600715801133284,10660.097220172644
268,-0.00010993300901825098,0.00020437896383151966,-0.0015011083251277313,1678319901577406238,266,1677825035510363340,camera_1,0,0.7041185496780128,0.7060998969697988,0.03236280645367126,0.06776910990276899,0.0039767507114447645,0.0007275372099108888,10666.086283212991
269,-9.605849688262835e-05,0.00015107105243922225,-0.0012819685068006237,1678319901583341297,267,1677825035516306400,camera_1,0,0.7039412242953295,0.7061908078063727,0.034830288567204645,0.06743994888566303,0.0028189157019369304,0.0005157582305350074,10662.204087063199
270,-9.268830092429292e-05,0.00012875375671350664,-0.0010153548805162949,1678319901590836526,268,1677825035523036956,camera_1,0,0.7041041913890244,0.7060976495843568,0.034299437057205465,0.06698466643504263,0.00157724239397794,0.0002886252758777341,10661.889767186254
271,-4.839648678242603e-05,2.485021001480403e-05,-0.00045202648873132745,1678319901597777849,269,1677825035530386924,camera_1,0,0.7038777434195715,0.7063738246290239,0.03561340358361384,0.0657558186225957,0.0053251347853802145,0.0009745030525105492,10658.780132640035
272,-0.00017299879059062828,0.0002862544238811382,-0.002373556560909762,1678319901604628798,270,1677825035537023782,camera_1,0,0.7038341890421371,0.7060317435800552,0.03706619315808925,0.06901238089989112,0.004258357104845345,0.0007787787389616529,10664.023410668946
273,-0.0001250139116918264,0.00012413789045379042,-0.0009440854871791693,1678319901610998126,271,1677825035543740272,camera_1,0,0.7038622641099259,0.7061933834848033,0.034154076486558466,0.06857344488710303,0.004152596928179264,0.0007601802315525527,10657.398333784666
274,-0.0001656927304529432,0.0001168057239352982,-0.000741436438603138,1678319901617855919,272,1677825035550420522,camera_1,0,0.7039976581432855,0.7062536049902637,0.033559888889994435,0.06683469626412424,0.007064333593007176,0.0012929685644416475,10661.006101718176
275,-0.00010675250298347594,7.088342863770247e-05,-0.0004007454256784726,1678319901623365439,273,1677825035556342601,camera_1,0,0.7041970125392392,0.7061447777506173,0.03348233785052397,0.06591701933799424,0.0032310205278918147,0.0005913129244568344,10660.642872144816
276,-0.00017746057115672342,0.00026713671821215756,-0.002084596172100106,1678319901631208195,274,1677825035563626527,camera_1,0,0.7039929916377807,0.7061507590044092,0.033440223049578936,0.06802003208451722,0.00524177134502679,0.0009585972680906512,10668.894244670862
277,-0.00017420924440907093,0.00022275361224927126,-0.0019609878531703373,1678319901637956129,275,1677825035570414543,camera_1,0,0.7039085908615641,0.7060436768975175,0.03613724331843175,0.06862304037031293,0.003352117259055376,0.0006132124474833357,10662.944993642162
278,-0.0001039416707623031,0.000141563387849708,-0.0013054744250866612,1678319901643419135,276,1677825035576356649,camera_1,0,0.7038719173852631,0.7062380257822457,0.03533724978547348,0.06740514545039178,0.004948027548380196,0.0009052996877980683,10661.84219095786
279,-4.651444703879237e-05,6.772464995602467e-05,-0.0007844207640501644,1678319901650948586,277,1677825035583664894,camera_1,0,0.7038097877081787,0.7065311315624881,0.03411837398967843,0.0655856647103549,0.005906191654503346,0.001080534897226146,10663.743418595981
280,-3.321113415147292e-05,3.453731401925619e-05,-0.0006019431075188209,1678319901657981191,278,1677825035590401887,camera_1,0,0.7038199182754293,0.7063830581210357,0.035940874395585166,0.06609653081684372,0.002289441763423383,0.00041898730545765744,10658.699814304251
281,-0.0001854223105949987,0.0003393747828905891,-0.0028046823706051605,1678319901664650205,279,1677825035597009420,camera_1,0,0.7038025542482572,0.7060932199005213,0.03577351275090557,0.06938721229163024,0.005077555717434734,0.0009284143884759057,10668.207598314615
282,-0.00015636550583335296,0.00018193436140462316,-0.0015320081825880294,1678319901671353231,280,1677825035603729724,camera_1,0,0.7039148535569918,0.7061388068128941,0.032676240451658775,0.06931181547648534,0.005746909126173705,0.0010517293645394058,10661.923925620504
283,-0.00015491646841901685,0.0001963777522362986,-0.0012685248590322828,1678319901677720673,281,1677825035610400676,camera_1,0,0.7040529266534642,0.7062375224163366,0.033797978090637365,0.06630033996074869,0.00405393575783819,0.0007415497071448622,10666.3224432288
284,-0.00012826849352201575,0.00010321607618929418,-0.0006570322128474082,1678319901684398138,282,1677825035617014169,camera_1,0,0.7039507151534721,0.7062933226598358,0.03438281924109588,0.06649026050541776,0.002465293335262686,0.00045116285727370636,10660.184813099564
285,-0.000110842926673696,0.00012243673557715828,-0.0010508263853736821,1678319901690928379,283,1677825035623694896,camera_1,0,0.7039231425323804,0.7062805327667719,0.03412226843702719,0.06704990110905629,0.002733460976742208,0.0005001733519076929,10662.219687333913
286,-1.3910489567392492e-05,2.4524704451134305e-05,-0.0005692170208626557,1678319901697938914,284,1677825035630375146,camera_1,0,0.7040391391323112,0.7061321138209079,0.033976313973303716,0.0674680553257469,0.00520842761034146,0.0009534361902331512,10657.387778538283
287,-0.00011113189075190322,0.0002257801873105092,-0.0022037829634702355,1678319901704854396,285,1677825035637262821,camera_1,0,0.7037043346949282,0.7060468569145325,0.036658844521580684,0.07038589554037633,0.00375314790289849,0.0006867519780626451,10659.480287931628
288,-0.00014566281944064507,0.00026488587257256224,-0.0022187752449798204,1678319901711118963,286,1677825035643690347,camera_1,0,0.7036468142481631,0.7061629980160385,0.03637274907691551,0.06994286351014907,0.005674754385836422,0.0010382219008531366,10661.216952242192
289,-0.00015117112576754077,0.00016613218315242317,-0.0010688435590759937,1678319901717760739,287,1677825035650347948,camera_1,0,0.7041577149857579,0.7061428671577344,0.03416289051819858,0.066008033599949,0.004151043423917145,0.0007593555015984652,10665.00202331436
290,-0.00012116726062189054,5.527299795826668e-05,-0.00048146406670435127,1678319901725189689,288,1677825035657071828,camera_1,0,0.7039364654553495,0.7063131275054415,0.03304942115251931,0.06710405559424308,0.005847239983268082,0.0010703459582337284,10658.783612427304
291,-0.00022410317911966682,0.00027818876627311306,-0.002034450753549688,1678319901731214284,289,1677825035663634061,camera_1,0,0.7038455292509741,0.7061668680434475,0.035318928860982035,0.06842805488421842,0.002925398002844304,0.0005350989008560876,10665.154012591232
292,-0.0001391441195279508,0.00022068052682094885,-0.0017948636305713528,1678319901736692235,290,1677825035669648408,camera_1,0,0.7037583480271975,0.7061814484330193,0.033930317411199604,0.06986188539860658,0.005578316457103938,0.0010208522193262519,10661.099324426152
293,-0.00011466036342590302,0.0002078661631459422,-0.0018841577948784938,1678319901744918207,291,1677825035676990509,camera_1,0,0.7038407373778165,0.7061727577906709,0.03663917067387487,0.06771871036944542,0.006645009270869196,0.0012152724802023034,10664.002798540285
294,-2.469306260649562e-05,6.45173286918932e-05,-0.0006749497641527213,1678319901751205682,292,1677825035683659791,camera_1,0,0.7038644588146156,0.7063817837767123,0.03663427524070356,0.06524974362881905,0.006802050571423024,0.0012444324472302092,10660.514896178263
295,-0.00010472223907574685,0.00017589754426083903,-0.0015203023503027602,1678319901757715529,293,1677825035690332174,camera_1,0,0.7040010471875406,0.7061694972978492,0.03571094388784265,0.06657248028719287,0.005019504984375089,0.0009180278866607149,10665.227209834618
296,-0.000114732480716348,0.00018255069156986048,-0.0015964645178421222,1678319901764189688,294,1677825035696966171,camera_1,0,0.7037705208619922,0.7064248599306123,0.03605103598818159,0.06611576243101233,0.0054841323872096845,0.0010028088545214807,10666.555769691591
297,-0.00011726863744709881,8.907036472416419e-05,-0.0006069628365930058,1678319901770025992,295,1677825035703012466,camera_1,0,0.7041236519979234,0.7060979107123024,0.033886062889419685,0.06698774460065962,0.0032259108847938482,0.0005904407397583812,10659.109149967087
298,-0.00018021494384817816,0.00017696553117152458,-0.0011266768892737034,1678319901777128856,296,1677825035709858894,camera_1,0,0.703899268896472,0.7063469375863533,0.03224476501929685,0.0675284987116048,0.006002042267937213,0.0010982983051465855,10663.867605576988
299,-0.0001190477839660975,0.0001508926315252901,-0.0010280067471479803,1678319901784274882,297,1677825035716956615,camera_1,0,0.7040262713436081,0.7063484195965458,0.03511874289400408,0.06469616131597775,0.00453056552214548,0.0008285340858564336,10666.73138159095
300,-0.00014747843938037186,0.000289742620833644,-0.0023845201800138938,1678319901790192970,298,1677825035723027944,camera_1,0,0.7039083579192285,0.7060856177071405,0.03587205713792321,0.06833242008940331,0.0028343070880509913,0.000518252901191601,10667.461852222685
301,-4.753179581869216e-05,6.96356250317054e-05,-0.0007378978141061587,1678319901798005624,299,1677825035730298519,camera_1,0,0.7038645879733433,0.7064926162839815,0.035888733402163614,0.06445792230687326,0.003139260516036302,0.0005742012747815316,10663.941215224912
302,-0.0001477201325700006,0.00023525404734553446,-0.002148257203492321,1678319901804669959,300,1677825035736937999,camera_1,0,0.7038956875992707,0.7061948446685392,0.03566171259499043,0.06743845043830826,0.0031446065986528997,0.0005749857546595053,10668.127798734702
303,2.642440948705249e-05,-0.00010860103756049622,0.0008812244995848317,1678319901810766001,301,1677825035743620872,camera_1,0,0.7040609419555641,0.7065989494999699,0.03213866657913449,0.06311276169443028,0.003411709680221975,0.0006245928898934906,10658.692763303872
304,-0.00020434989899327516,0.00027454841875113045,-0.001878516869807445,1678319901817793647,302,1677825035750428915,camera_1,0,0.7039202668142686,0.7062397328400106,0.03499635873312321,0.06705932151179203,0.006352858152240515,0.0011617938060690912,10667.857683152197
305,-6.333183395779152e-05,-3.878698153064741e-05,0.0004432095854451923,1678319901825294672,303,1677825035757591724,camera_1,0,0.7041574015885922,0.7062805895553274,0.034976208989017085,0.064083909135897,0.004738321586046368,0.0008673566612175944,10656.545753826384
306,-0.00014450251814109027,0.00011808600439011663,-0.0007773521601337485,1678319901830281993,304,1677825035763080120,camera_1,0,0.7041216880470309,0.7061434235191524,0.03557860101279145,0.065637466377241,0.006092845113016665,0.001114644060982283,10661.805547222375
307,-7.615534191064699e-05,0.0001023738713668565,-0.000924007178676689,1678319901837818289,305,1677825035769843101,camera_1,0,0.7040211127228965,0.7064051577947557,0.03397581351291515,0.06474310756765463,0.0015950686647556722,0.00029174025870678995,10667.141692884614
308,-0.00014427761042079545,0.00030350201083961803,-0.0026457264378199064,1678319901844546737,306,1677825035777068376,camera_1,0,0.7036633369538289,0.7062565416458806,0.03595518637258767,0.06904223477202365,0.008078463026322423,0.0014772099035100224,10667.58722480899
309,-4.8281385362392015e-05,1.5551445571915234e-05,-0.000565640187612626,1678319901851001341,307,1677825035783717870,camera_1,0,0.7039225512174945,0.7062503454299466,0.03694533326898351,0.06586754752667684,0.0024102032766677444,0.000441081264785367,10657.653991756382
310,-6.529439781027824e-05,4.1083869505020854e-05,-0.00024467010738637995,1678319901857716659,308,1677825035790408372,camera_1,0,0.7041578427422789,0.7061801117616371,0.03478501741865755,0.06527928323783802,0.001433424069546163,0.00026234295952914016,10659.37833169336
311,-0.00013573592198609652,0.0001244687447454207,-0.0010687884615978582,1678319901864420943,309,1677825035797030210,camera_1,0,0.704040169834,0.7061376670654103,0.034198195053461285,0.06728683278783135,0.0005065718432888389,9.270184479896392e-05,10661.668353686577
312,-0.00014872812643466904,0.00018517302384024603,-0.0012980283585486418,1678319901872215928,310,1677825035803778648,camera_1,0,0.7040571723358926,0.7061956311990709,0.03421726473548282,0.06648614405840317,0.008530514198355377,0.0015603467133295734,10665.569711825456
313,-0.00013904813769929913,0.0001064867218235066,-0.0007119935496833207,1678319901879016801,311,1677825035810540437,camera_1,0,0.7039436251808595,0.7062327325282878,0.03439367847997606,0.0671995160211259,0.00202710967278108,0.0003710457896021839,10658.811769501188
314,-0.00010678535699047698,9.083278343091639e-05,-0.0005694511331202357,1678319901885291216,312,1677825035817027568,camera_1,0,0.7040530343383538,0.7062704079883416,0.034903390150916355,0.06536963358403856,0.0027794393245130773,0.0005085476122666674,10661.63802820444
315,-0.00014775180852009961,0.00026654995838082396,-0.001935001468284181,1678319901891614658,313,1677825035823714494,camera_1,0,0.7039008600636136,0.706160286440475,0.034895877848610916,0.06814328114484958,0.003019448195118457,0.0005522722559980727,10665.605147857215
316,4.057472276400298e-06,-2.7119240011475032e-05,0.00023571378053155456,1678319901897948717,314,1677825035830425262,camera_1,0,0.7041568946128847,0.7062701133138211,0.031146698565093438,0.06614739584682494,0.00259864324470982,0.000475845995674855,10657.552343290536
317,-0.00010759443077419661,0.00023008383507172603,-0.0019033789581195393,1678319901904120465,315,1677825035836252689,camera_1,0,0.7038966115511454,0.7063110891596224,0.03533178152307293,0.06637673381065015,0.005652749561704695,0.0010334663367820424,10669.29752234137
318,-0.00012374199138182052,0.00023120878990962046,-0.0017215084036679151,1678319901911462464,316,1677825035843706846,camera_1,0,0.7038921130961829,0.7063033097534226,0.035145805508676416,0.06660555613083123,0.0037697582738474007,0.0006893742338230374,10667.514220969984
319,-9.732374272201916e-05,8.415913816350873e-05,-0.0005271066686804993,1678319901917702517,317,1677825035850383758,camera_1,0,0.7040169811682132,0.70634838710466,0.035914259932313015,0.06436002015968835,0.002199928800109774,0.00040244206237061435,10662.49631134095
320,-0.00013064039435661812,0.00012205726358571756,-0.0009676225983903386,1678319901924436623,318,1677825035857123613,camera_1,0,0.7039520743998763,0.7060800606275878,0.0343229331229274,0.06873398863802631,0.002169861865695566,0.0003972376655582991,10656.955426966078
321,-0.0002163194102151461,0.0003690655170287549,-0.002776311068847015,1678319901930108103,319,1677825035862987279,camera_1,0,0.7038628913178578,0.7061740509345796,0.03339767103902756,0.06913635499127943,0.0054409358999691895,0.0009947579318948638,10671.614358330262
322,-0.0001172138050488658,0.00013443972110444014,-0.0010973074307969455,1678319901937082321,320,1677825035869719266,camera_1,0,0.704047274084754,0.7060909008753127,0.033418451543082234,0.06809025371798359,0.003684221068397164,0.0006742906258288497,10660.763211770802
323,-0.00012062875885575364,0.0001361510439874536,-0.0009917538221624334,1678319901944510572,321,1677825035877058506,camera_1,0,0.7040757322017708,0.7061576171807574,0.034589009462067964,0.06650100335008685,0.0020973573555238545,0.0003837511259588167,10662.589819129204
324,-5.553046771666903e-05,5.9617342774265225e-05,-0.0006845761232003866,1678319901951138311,322,1677825035883660554,camera_1,0,0.7039915351940442,0.7061047608829494,0.03569203300765425,0.06736515281171923,0.002026029513217509,0.0003708710513552314,10656.47812079615
325,-4.766864726107878e-05,5.425336857994845e-05,-0.0007954781473773487,1678319901958175036,323,1677825035890463590,camera_1,0,0.7039611036266592,0.7062352260640142,0.03552005439188498,0.06639951643682472,0.004121195001062007,0.0007541134561476348,10660.030709577492
326,-0.00011631911446619014,0.00025272870163217664,-0.00210433060844073,1678319901964860393,324,1677825035897118568,camera_1,0,0.7038847464709411,0.7061347164015904,0.03467833619724203,0.06868361505173932,0.0026008555432781573,0.0004757196540351017,10665.78550599702
327,-6.330278869219608e-05,6.764705770273549e-05,-0.0007263530236256699,1678319901971037030,325,1677825035903688669,camera_1,0,0.7040150401439994,0.7062880894713187,0.03411527499987081,0.0660008025230058,0.002914940705522895,0.0005333671950901184,10662.247019135391
328,-0.0002181566192169665,0.0003414098425740808,-0.0025245099335076127,1678319901977044095,326,1677825035909736394,camera_1,0,0.7038460870182937,0.7060830745359681,0.03506579556537098,0.06941014064413885,0.007141495065297931,0.001306021188167038,10666.831142752666
329,-5.606956597190016e-05,-0.00010891696398557249,0.0011043773378540678,1678319901984128801,327,1677825035916993856,camera_1,0,0.7044089298319637,0.7062530702561778,0.029643335498279064,0.0643112197617681,0.0026995801599696283,0.0004944593384676143,10656.734640786422
330,-0.00022987730422267816,0.0002884215785192712,-0.001993235334565302,1678319901991084441,328,1677825035923710823,camera_1,0,0.7037494769044855,0.7062177526460284,0.03593360382696725,0.06857066224168049,0.006087987392675132,0.0011135956630039473,10663.680044727756
331,-0.0001427630886135789,0.0001834838142113493,-0.0014801574724256916,1678319901997608116,329,1677825035930354833,camera_1,0,0.7039336462300967,0.7060514000426517,0.03644449799204287,0.06812224870863079,0.004788146063219756,0.0008760834226997827,10659.992626158404
332,-0.00010972797459966876,0.0001564405300270577,-0.0014779329342768932,1678319902003626565,330,1677825035936368942,camera_1,0,0.7038857726985377,0.7062985165073585,0.036155773732495525,0.06618145206847519,0.0032554548233747482,0.0005953530367213049,10665.284731708005
333,2.901388603020194e-05,-5.378154043950145e-05,7.14882847092646e-05,1678319902010943072,331,1677825035943660020,camera_1,0,0.7041332953006461,0.7063649355322521,0.03322822089814114,0.06434878115018958,0.002144676516763866,0.000392524782120942,10660.930973941811
334,-0.00010037884394872854,0.00019487720991961943,-0.001724219674008154,1678319902017871195,332,1677825035950426340,camera_1,0,0.7038133439085158,0.706312400377436,0.03594567500985379,0.06691396309787452,0.0046719954116269955,0.0008544279996771227,10665.693569881845
335,-7.046132994112386e-05,6.040435704374181e-05,-0.0005756000068082301,1678319902024253024,333,1677825035957033634,camera_1,0,0.7038795374945476,0.706200033210752,0.03642550608122816,0.06714381800524293,0.002953325980342925,0.0005405897373118344,10655.23193576443
336,-0.00019761442717201871,0.0002069661825860325,-0.0014904499462602416,1678319902030299828,334,1677825035963065385,camera_1,0,0.7039387054703043,0.7063438160811387,0.032899999272497815,0.06683040081127918,0.0053239273838698855,0.0009738345578988617,10667.824903768138
337,-0.0002227905164595284,0.00027448373642713353,-0.00222000864345695,1678319902038471394,335,1677825035970426082,camera_1,0,0.7038838257392005,0.7062487499937868,0.033749548278454285,0.06797963655360897,0.003570692031644285,0.0006529409368762183,10669.725255998086
338,-0.0001597423105924034,0.0001892790606370931,-0.0014806497407704455,1678319902045141246,336,1677825035977079868,camera_1,0,0.7039281257425454,0.7063002587268121,0.03277828090726465,0.0674590439584634,0.004639990453142673,0.0008488563187908259,10666.25171914208
339,-8.159426026714545e-05,5.6867399460980295e-05,-0.0003126854892503417,1678319902051206767,337,1677825035983690738,camera_1,0,0.7040368758059805,0.7064334401772956,0.032922760469369365,0.06480712883396615,0.006283735565375536,0.001149879119779819,10663.34665512922
340,-3.2871974606538124e-05,9.224412566111173e-05,-0.0008306134059217207,1678319902057626799,338,1677825035990382909,camera_1,0,0.7039260717881268,0.7063398161230933,0.03440030686593061,0.06624778112255005,0.004602078755851835,0.0008420385967028389,10662.121808569878
341,-5.737889729072465e-05,7.429998510705138e-05,-0.0006825951622597692,1678319902063843805,339,1677825035996399402,camera_1,0,0.7040799114147518,0.7062130816250818,0.03420487712794578,0.06606502905821672,0.006265645322855562,0.001146557522038073,10661.639876999776
342,-8.425369461670384e-05,0.00016107746430465975,-0.0013766394240652957,1678319902070397233,340,1677825036003070354,camera_1,0,0.7038618990397904,0.7062131234766668,0.035325942632556465,0.06777557883597668,0.003509634989313781,0.0006421505385901928,10661.476391233156
343,-0.00014934137753069843,0.0001940616644223181,-0.0012843026316478046,1678319902078103730,341,1677825036010373115,camera_1,0,0.70400035825452,0.7062806785875869,0.0330606034118448,0.06676896834166204,0.005435879167634994,0.0009944069196702592,10666.13044107263
344,-0.00010821835722192585,3.427898316193945e-05,-0.000172273603239681,1678319902084437229,342,1677825036017042875,camera_1,0,0.7039790001779835,0.7064352220000295,0.03248862389669257,0.06563028069020338,0.008903518319129944,0.0016294916033478782,10660.674620400534
345,-0.00017300238992679073,0.00011519126063452845,-0.0007945471189856335,1678319902091100586,343,1677825036023743391,camera_1,0,0.7040218370744603,0.7063115134178926,0.033868786908617,0.06580428716251717,0.002326337504200637,0.00042563386999004335,10663.649579282857
346,-0.00011620705995879499,0.00015404099913224334,-0.0013215913295478998,1678319902097834622,344,1677825036030383825,camera_1,0,0.7038704140320271,0.7062940981838627,0.035542257558273435,0.06672207317438829,0.004558303742669523,0.0008338279920389282,10663.46858370956
347,-9.542038624761606e-05,0.0001981397713352595,-0.001766745289007332,1678319902103493182,345,1677825036036308288,camera_1,0,0.7038368430862274,0.7063918546425517,0.033850298487578326,0.06692087343550784,0.003157260827720165,0.0005773821519124622,10668.625734774627
348,-9.668470179119426e-05,0.0002485144998146671,-0.0023209554532721555,1678319902111251640,346,1677825036043712615,camera_1,0,0.7040782712330202,0.7060084770817909,0.035818565322341504,0.06740065759635422,0.0033493729424662892,0.000612317669318804,10669.3904125765
349,-6.528276744047212e-05,5.186646624122382e-05,-0.0003668197946127272,1678319902117738859,347,1677825036050321340,camera_1,0,0.7042472208325462,0.7062382301604793,0.03155181049184566,0.06532914712527202,0.0034092303249053657,0.0006238814357498178,10664.023412222276
350,-8.045193170500009e-05,4.734032139946942e-05,-0.000501501905347812,1678319902123718546,348,1677825036056557416,camera_1,0,0.7038361240439133,0.7062931715945522,0.03704583833617139,0.06627421905778942,0.0029862691299058497,0.0005465484068961264,10656.024165566314
351,-0.0001581098365152911,0.00020333882951295568,-0.0015533260938958016,1678319902131221108,349,1677825036063668251,camera_1,0,0.7039402927985638,0.7062290975300969,0.03315944263292132,0.06788944940689405,0.004780547285918146,0.0008745865564964737,10665.283644591109
352,-0.0001711077343719003,0.0002413038042696214,-0.001855542732311477,1678319902137822517,350,1677825036070393562,camera_1,0,0.7039023485671351,0.7061265114734961,0.03465415836998558,0.06859972874297597,0.0015849251649342475,0.0002899520509293373,10664.064495115072
353,-0.00014528923087599177,0.0001746473758255096,-0.0013767297079216867,1678319902145003882,351,1677825036076998233,camera_1,0,0.7040282461460442,0.7061827480343433,0.034665091656254594,0.06669697465141726,0.0028963233926333487,0.0005297927048138465,10665.095251957424
354,-8.691379367661844e-05,0.00010186219708935296,-0.0010194696216840882,1678319902150829291,352,1677825036083642482,camera_1,0,0.7038600119142464,0.7061405918211452,0.03554468895149333,0.06843334931085415,0.005372326530050486,0.0009833770278487722,10656.602788484312
355,-3.5970232510895706e-05,4.338801831382799e-05,-0.000520371887117399,1678319902156689830,353,1677825036089705228,camera_1,0,0.7041858155071129,0.7061017486648041,0.03390613457478805,0.06627995028124747,0.003606766695156694,0.0006601130795051965,10660.135514691934
356,-0.00011945233413722389,0.00016389375869058087,-0.0014518031907400086,1678319902164643144,354,1677825036096935272,camera_1,0,0.7038898441662935,0.7063436681282947,0.033468647206951085,0.06706384591382454,0.0044907969422638425,0.0008215051112111183,10666.194501673688
357,-0.00011787205995650307,0.00022077567488848482,-0.0016023715195294663,1678319902170944237,355,1677825036103609561,camera_1,0,0.7038075642631835,0.7062490814693471,0.033395151986822996,0.06893410791042237,0.0045493695652112365,0.0008324772881167254,10662.669552961828
358,-0.00023804504411280292,0.00039541868193676555,-0.0028400955340726064,1678319902177723250,356,1677825036110304355,camera_1,0,0.7037879699234595,0.7060078648737677,0.03613956430082083,0.07020911635639948,0.0025685623404569924,0.0004697618714804417,10665.880452428712
359,-9.354463874074181e-05,-1.709596414017911e-05,0.0001313823030613115,1678319902184395547,357,1677825036116938829,camera_1,0,0.7040593741118049,0.7064442170786093,0.03317713119353497,0.06431363655750995,0.0038647495093755424,0.0007072913356327124,10660.657631470824
360,-0.00012679442005682218,0.0001081234598767078,-0.0008007107943988068,1678319902190956937,358,1677825036123649120,camera_1,0,0.7040224010661037,0.7062439924461126,0.034912410797838564,0.0659773105179096,0.002877959341276437,0.0005265732054682041,10661.968730902998
361,-0.00013449056249649483,8.301487186263001e-05,-0.000797210566561013,1678319902197611075,359,1677825036130313634,camera_1,0,0.7039538406778851,0.706203955960799,0.035683299252047926,0.06672079836648909,0.002473518194165081,0.0004526663022896013,10659.069598164991
362,-0.0001244184041744173,0.00019000949673142475,-0.0015385356281143459,1678319902204570486,360,1677825036136999368,camera_1,0,0.7038279330424052,0.7061826029365414,0.03609327762850538,0.06804151151362023,0.004785682423971593,0.0008756235667496808,10661.129265376136
363,-2.883030490014038e-05,2.8110615446497178e-08,-0.0002605114266360786,1678319902211364306,361,1677825036143615245,camera_1,0,0.7040367802106603,0.7062015733170198,0.03696943887647956,0.06515221058667639,0.002684366772882641,0.0004912425419982472,10656.95729327749
364,-0.00010360527778667528,0.00018976089886546532,-0.0016514085226391195,1678319902217779659,362,1677825036150329351,camera_1,0,0.7040177270037751,0.7061232518579033,0.03559543506296413,0.06694742902260534,0.005097661749459803,0.0009322705066598816,10665.470371662059
365,-6.726599181690329e-05,2.9592704058334363e-05,-0.0003320969177318389,1678319902224333226,363,1677825036156934738,camera_1,0,0.7039331901529878,0.7061359209311665,0.034865062644310045,0.06807754680171367,0.007039011805318295,0.0012890111489022367,10652.867886021968
366,-0.00011368732372302182,0.0001220911967080851,-0.0007976030972058901,1678319902230103880,364,1677825036163053274,camera_1,0,0.7040625688395027,0.7062489940799329,0.0324597104589235,0.06674297503952238,0.0022627723519690326,0.00041411228148572005,10662.95207542274
367,-7.839329774750325e-05,-7.242198380669196e-05,0.0006614958080457534,1678319902237691508,365,1677825036170283317,camera_1,0,0.7040805406018028,0.7063716774100316,0.0329013285421882,0.06501652312274801,0.0029332751873880625,0.0005371383372804093,10655.002921185927
368,-0.00018303408063961857,0.0002667586018378909,-0.0018707140899389962,1678319902244591625,366,1677825036176940202,camera_1,0,0.7038656952271394,0.7061968852078235,0.03440660095091955,0.068375640517571,0.0009880626457743347,0.00018075253712458754,10665.103834540116
369,-8.286122206749291e-05,4.6072848682188194e-05,-0.0003965175549991429,1678319902251266296,367,1677825036183572769,camera_1,0,0.7038730063773079,0.7062873395994528,0.0338378031038838,0.06764604863552894,0.00360394746530801,0.0006598801772209553,10655.768485673478
370,-9.552436031944056e-05,0.00011241067527778537,-0.001047042137077181,1678319902258026313,368,1677825036190279006,camera_1,0,0.7039835851452995,0.7061998210369229,0.03301523078088794,0.06781533123028713,0.002844106289558113,0.0005205208914895738,10661.525287765304
371,-6.080396132579491e-05,0.00010711227586129857,-0.0012171859840166555,1678319902264229630,369,1677825036196892023,camera_1,0,0.7038523631100451,0.7063402710709704,0.03400690413370036,0.06722204161608603,0.002868866315111518,0.0005249010067123245,10663.211723060347
372,-8.459811828639974e-05,0.000199486904983448,-0.0017898835486920284,1678319902270892707,370,1677825036203581333,camera_1,0,0.7038528771171774,0.7062101987669469,0.037107928260181534,0.06694239457666643,0.0027706233086064462,0.0005067011856285258,10664.610564217895
373,-3.282712484872774e-05,-1.4313144436173264e-05,-6.407001672403823e-05,1678319902277987330,371,1677825036210235118,camera_1,0,0.7040274109224949,0.7064582876573322,0.03328403909605107,0.06445358959353045,0.004089945869054645,0.0007484661350004746,10661.737166488778
374,-9.035245938725234e-05,3.9215957110039223e-05,-0.00016461416593172018,1678319902284593069,372,1677825036217001914,camera_1,0,0.7040486024355401,0.7063305296184246,0.03230939737228401,0.06609728571551611,0.00515200209338218,0.0009431466476472293,10659.654525215272
375,-0.0001908261654036958,0.00020330558168996093,-0.0012475222520218487,1678319902291085596,373,1677825036223650932,camera_1,0,0.7039162723852784,0.7061624416183029,0.03458036826583328,0.06812257811835279,0.005275007744785397,0.0009652884053988533,10660.548985363448
376,-0.0002217858743926715,0.0002412758724520403,-0.0018321527431042206,1678319902296498316,374,1677825036229637384,camera_1,0,0.7038713188306168,0.7062615626052398,0.032587474451294215,0.06854070486170492,0.0037638106732629244,0.0006885554415139183,10666.516000279693
377,-0.00018142481433534863,0.00032669142463065404,-0.0024760015005651503,1678319902303954574,375,1677825036236335039,camera_1,0,0.7038886675007956,0.7060565214944929,0.03522353715927377,0.06916816210540959,0.0031787937623448674,0.0005813410971716892,10666.863508815295
378,4.74438362214058e-05,-0.00011861957011333191,0.00077479568393235,1678319902311135311,376,1677825036243624925,camera_1,0,0.7040856274615795,0.7064707991578479,0.033594285740114256,0.06351270034345118,0.005519698082935065,0.0010104572500520216,10656.878179783464
379,-4.9419016295876306e-05,0.00015153681730706303,-0.0016665745599175885,1678319902317656193,377,1677825036250280618,camera_1,0,0.7038765410692854,0.7061503317983524,0.03698571264081764,0.06739125235419258,0.002204697695560753,0.0004032654905860009,10662.588228484616
380,-4.2814097275800655e-05,1.3519809997919463e-05,-0.0004929623101657121,1678319902324010365,378,1677825036256946086,camera_1,0,0.7041314794952815,0.7063048894102025,0.03534610550039553,0.06389769639808986,0.0014722816413268447,0.00026934362405485625,10664.000977011867
381,-0.0001461941587628246,0.0002667561250833117,-0.0020984045483682934,1678319902330909714,379,1677825036263598918,camera_1,0,0.7037419709522567,0.7062501049039848,0.036546779366290416,0.06798794423495677,0.0035408168914727867,0.0006475867162971468,10665.194217083625
382,-0.0001169064419227761,5.6548603933892494e-05,-0.00032453190081005445,1678319902337711984,380,1677825036270290851,camera_1,0,0.7040136421101009,0.7062500692501503,0.03440433638227765,0.0662719627378262,0.0025325868045911197,0.0004636113499524212,10658.032572989578
383,-0.0001936958490476176,8.136390418916895e-05,-0.0005105038214692215,1678319902343518187,381,1677825036276323795,camera_1,0,0.7041158989610298,0.7060825820329049,0.034715177491179035,0.06680602242165756,0.0012639646884053946,0.00023136294651375616,10657.807330790905
384,-0.0001675882491206232,7.344642251178035e-05,-0.0005195536949562651,1678319902351167484,382,1677825036283295154,camera_1,0,0.7037703929816859,0.7062781678361255,0.034793337053416536,0.06832135315650703,0.0035443113301880658,0.0006490390928052716,10653.875057433032
385,-0.00013697367750599432,0.00013718953791680422,-0.0009139537312261581,1678319902357796340,383,1677825036290279865,camera_1,0,0.7038188120158645,0.7063985833230658,0.035165814014793406,0.06635877377121907,0.0029289535013958816,0.0005359201342106856,10661.621703129615
386,-8.018117778929579e-05,0.00013009531591157142,-0.0013678683515889745,1678319902363386805,384,1677825036296329975,camera_1,0,0.7038681579621734,0.7062907255163284,0.03400543021139193,0.06757705211603872,0.005558551580179483,0.001016998264511904,10663.52664007723
387,-2.308173190014584e-05,0.00011552365994160763,-0.0011392885775438621,1678319902370565516,385,1677825036303261756,camera_1,0,0.7040638528121461,0.7062180907441223,0.034014859752600525,0.06628038009135308,0.004517077759373933,0.0008263237088231413,10664.977644049091
388,-7.713424058679308e-05,0.00016071984203896994,-0.0013643464316301923,1678319902378039304,386,1677825036310288190,camera_1,0,0.7041199762006612,0.7061928115389752,0.033118687535736345,0.06640726301970477,0.003105084877461195,0.0005679615271865688,10667.564327907754
389,-7.363425732249962e-05,-4.3794656430784507e-05,0.0002556485742619685,1678319902384334741,387,1677825036316930294,camera_1,0,0.7041071378127834,0.7063234476197078,0.03430032921418316,0.06452761609961151,0.0036402467521838852,0.0006663228438449454,10657.782516402309
390,-0.00014978352422727326,0.00015705877523575218,-0.00114109787251504,1678319902390890194,388,1677825036323622941,camera_1,0,0.7038612717797323,0.7062432135404959,0.034589959993914864,0.06784812513423541,0.0036461014533415437,0.000667213967372315,10660.348555317269
391,-0.0001553639617562219,9.745821035872515e-05,-0.0005836384946289463,1678319902397678496,389,1677825036330287933,camera_1,0,0.703983036682888,0.7063604725005963,0.034494951877493886,0.0653671572461552,0.005269378190860152,0.000964188736585076,10662.288791630295
392,-0.00018590490572809037,0.0002465461720757012,-0.001746111266470507,1678319902403381125,390,1677825036336394548,camera_1,0,0.7039370312311918,0.7061586316491871,0.03411869395679828,0.06818033243866006,0.007069380430039018,0.001293279483235355,10664.964814724164
393,-3.906325994841586e-05,-5.7842795411378045e-05,0.00043206153623343013,1678319902411492977,391,1677825036343592405,camera_1,0,0.7041327477487912,0.7062312447007498,0.03293465232409533,0.0659530987327964,0.003981919144280255,0.0007291922285524631,10654.459225792896
394,-0.00012484361276007827,0.00022399677294371312,-0.001967873895996064,1678319902417595374,392,1677825036350285530,camera_1,0,0.7040372007763661,0.7061344551928986,0.03587197619107409,0.0664752016661442,0.004644748813007027,0.0008491991538055617,10668.869881671384
395,1.9980063823976657e-06,2.61370523118587e-05,-0.00037290861084171567,1678319902424336604,393,1677825036356914520,camera_1,0,0.7039460420846501,0.7064397787674237,0.032836932637086445,0.06576127023847092,0.0023913787445053463,0.00043768557635258534,10661.507269114372
396,-0.00010962488591075015,0.00020287161237453333,-0.0016663407959511822,1678319902430061232,394,1677825036362918615,camera_1,0,0.7039827102324339,0.7062262474855343,0.033303477180690794,0.0674070431332889,0.004519403271842748,0.0008267270209420793,10667.247678186868
397,-6.814573365235277e-05,0.00010033056915775829,-0.0009590769222960205,1678319902437497446,395,1677825036370300769,camera_1,0,0.7039267643678401,0.7062192792661406,0.03453726274771109,0.06744343912740346,0.00461642345180735,0.000844813729258155,10659.942768985402
398,-0.00013601923236719604,0.00016919847251617437,-0.0012132074341981713,1678319902444524324,396,1677825036376973628,camera_1,0,0.7038581500643192,0.7063018915475348,0.034426043133271564,0.06735124452150107,0.004249475779943168,0.0007775540551801444,10662.418578468028
399,-0.00013215180147589656,6.207747784775508e-05,-0.00045999463585033595,1678319902451315489,397,1677825036383608818,camera_1,0,0.7039457081864382,0.7062201560579702,0.035048211684896365,0.06697129206638495,0.0039242456550709895,0.0007183794712317625,10656.54503585491
400,-0.0001887843836973907,0.00024728585415051407,-0.0018037547320672864,1678319902457756474,398,1677825036390296220,camera_1,0,0.7038760791270765,0.7062114929406594,0.035577012015194885,0.06751347041361,0.002060541941318661,0.000376880195994933,10665.329034040918
401,-0.00015812123916991716,0.0001786130950209852,-0.0010384219417369778,1678319902463757881,399,1677825036396291017,camera_1,0,0.7040600352445393,0.7063605969106594,0.033340996020773395,0.06513487458971337,0.005675611726474017,0.0010380538499979706,10667.935532319128
402,-0.00016453965190975361,0.0001716475106442461,-0.0015767046682482189,1678319902471368836,400,1677825036403615474,camera_1,0,0.7038044211989941,0.7062124405162947,0.03648881463541151,0.0677635002584025,0.004302693239878863,0.0007871631322670183,10661.627593899148
403,-8.734774498270204e-05,0.00011236789700619365,-0.0010928646860546287,1678319902477085573,401,1677825036409866094,camera_1,0,0.7040368734026411,0.7060789498059324,0.034456443880716905,0.06780376837226729,0.002316248544957489,0.00042390525405799033,10660.190916918456
404,-2.533820520572716e-05,5.9210100529616394e-05,-0.0006380796703409075,1678319902483825056,402,1677825036416499376,camera_1,0,0.7038422119516359,0.7064235250781743,0.035343620598304884,0.06574779368281101,0.005368650134187191,0.000982319258320457,10660.644245778209
405,-6.049279273719066e-05,6.62409866662439e-05,-0.0006428383284591277,1678319902491271397,403,1677825036423611402,camera_1,0,0.7041218417658438,0.7063000251939091,0.03326097583296645,0.06516451370184771,0.0047441310016438365,0.0008679744927461001,10664.690281750169
406,-8.162737907009554e-05,0.0001299505399170453,-0.001196339061094509,1678319902497898716,404,1677825036430307865,camera_1,0,0.7038538039715915,0.7062186248700021,0.03545213299297023,0.06773642142668032,0.003427770279813558,0.0006272324326560499,10659.955294726766
407,-0.00017870973167845305,0.00028433333741911815,-0.002196605175950328,1678319902504418760,405,1677825036436974525,camera_1,0,0.7037435510775861,0.7061218648438778,0.03524177678587526,0.06996387264215663,0.003869361709803343,0.0007079170411202856,10662.46289099241
408,-0.0001374381029068672,0.00015359142025639372,-0.001148143521745748,1678319902511490336,406,1677825036443635463,camera_1,0,0.7038874344970103,0.7061130851717646,0.0364032638673368,0.06798229833003977,0.002366933855228126,0.0004331698042105189,10657.744429220207
409,-0.00014887920905387597,0.0001734682728968262,-0.0011842176387699688,1678319902517917422,407,1677825036450297832,camera_1,0,0.703961364734382,0.7063217255294564,0.0340104024383128,0.06626695656495718,0.00345518090762198,0.0006320585038353004,10665.45900407084
410,-7.163501766634106e-05,9.754082672769337e-05,-0.0008475271318126865,1678319902523353749,408,1677825036456320047,camera_1,0,0.7038621101971237,0.7062449495024449,0.0342170800040579,0.06801023869342812,0.004092736111488193,0.0007491737557489049,10657.9865644211
411,-0.00012007990036254357,0.00020773768206583387,-0.0018552435571499437,1678319902531003116,409,1677825036463581085,camera_1,0,0.7039251022873769,0.7061060753854846,0.03542960781183919,0.06817920184127586,0.004925758228637278,0.0009010085112251868,10664.147649265473
412,-7.700381709459247e-05,0.00012149688099161171,-0.001086254620649818,1678319902537964413,410,1677825036470306396,camera_1,0,0.7039433637356827,0.7060765943578927,0.03632002745575842,0.06782653727019654,0.005108403565827757,0.0009349130862886832,10657.72701778193
413,-6.464896853965174e-05,2.5452796533154132e-05,-0.00020495220287797267,1678319902544711928,411,1677825036476965427,camera_1,0,0.7040921069553471,0.7061642854316544,0.03198016893986518,0.06755424263922136,0.004149370826780796,0.0007598260740529758,10656.617123744334
414,-0.00010095890597382196,6.936252936384779e-05,-0.00045664331916706047,1678319902551107516,412,1677825036483632564,camera_1,0,0.7039385128956396,0.7062597779420843,0.03465827420404776,0.06683187976310544,0.0036056365352123984,0.0006600054499197321,10657.354428496212
415,-0.000147556180813746,0.00015669396749173892,-0.0010021984220500713,1678319902557602907,413,1677825036490293025,camera_1,0,0.7040143982879014,0.7061556146178075,0.03269705880069533,0.06810930401093833,0.002765399287454784,0.0005061760151634486,10660.83065886842
416,-9.51043563589965e-05,6.614542573363247e-05,-0.000629288918679638,1678319902563588600,414,1677825036496360778,camera_1,0,0.7041625722316975,0.7061296014098906,0.0353651795141678,0.06546267607331148,0.001634246204048395,0.0002990330295487879,10661.27863176679
417,-0.00015195935737767619,0.0002497405509962469,-0.002044289413420053,1678319902570297074,415,1677825036503009796,camera_1,0,0.7038972525008932,0.7061167713401695,0.03415064881540278,0.06900359656797299,0.004947058449033648,0.0009050021754509887,10665.125421151752
418,-6.932921825909821e-05,0.00014479043879467302,-0.001225171041519424,1678319902577744322,416,1677825036510351181,camera_1,0,0.7039566763833275,0.7061781415362681,0.033549743624186314,0.06805765860263595,0.001829608285333961,0.00033482959795599844,10661.702270920388
419,-3.534733036161808e-05,-1.062120692452151e-06,4.493462524113312e-05,1678319902584276309,417,1677825036516952991,camera_1,0,0.7041578534860801,0.7063716847954925,0.03220913254808832,0.06452388761965333,0.0037266571889631455,0.0006820538649915284,10661.951748058666
420,-9.219946439689708e-05,4.54029028955083e-05,-0.00036551057354383687,1678319902591127258,418,1677825036523621082,camera_1,0,0.7040830923490142,0.7062212039191148,0.03404545593744068,0.06602663957295682,0.002414023387245834,0.0004418349353674512,10659.39030241163
421,-0.0001666416328306719,0.00020185770545522175,-0.0014020171676887294,1678319902597653518,419,1677825036530278921,camera_1,0,0.7039748152823911,0.7063072016315817,0.03419856563728598,0.06618198002356772,0.00782166316639632,0.0014304597593415686,10667.205149837886
422,-0.00015221477438970288,0.00018258923632596957,-0.0013603208386636645,1678319902604406970,420,1677825036536930561,camera_1,0,0.7039775240555367,0.7062307727962491,0.031381079968064066,0.06832985438508363,0.005806490953546017,0.0010625562017473609,10664.604200677475
423,-0.00011905461209764379,4.998217547752537e-05,-0.0003083674275474735,1678319902611282642,421,1677825036543661832,camera_1,0,0.7039429225225199,0.7062582196857001,0.035421751789008984,0.06640021428456896,0.0023040714440867305,0.0004217792738367691,10656.30466573779
424,-8.533083616829584e-05,0.00017854091248842296,-0.0015138493995179303,1678319902617939644,422,1677825036550298452,camera_1,0,0.7038484231558931,0.7061719617997859,0.03505863616864493,0.06847955621058845,0.0066565058077685535,0.0012179640050368641,10661.08728645125
425,-2.2131970582400795e-05,6.584072843907052e-05,-0.0007463033232686378,1678319902624410730,423,1677825036556923866,camera_1,0,0.7040602479648005,0.7062670586420933,0.03351567384424425,0.06605080407955806,0.0012876628316007555,0.00023563479639443575,10662.989170195651
426,-7.271131137141784e-05,0.00015843051403036101,-0.0014906914142280847,1678319902630643030,424,1677825036562974929,camera_1,0,0.7039335277829073,0.7062002791436508,0.035776552184635116,0.06692378138091705,0.00499514670809731,0.0009136820724246707,10663.991525188554
427,-0.00014389444503379312,0.00022545382139932402,-0.001992443661050558,1678319902638148665,425,1677825036570258140,camera_1,0,0.7038289599359279,0.7060907832853138,0.037985572654522064,0.0679536399698385,0.0024106358760036532,0.0004408859751452165,10662.455070791535
428,-0.00019054800983984987,0.00014303516506153358,-0.0009147189491947039,1678319902644617516,426,1677825036576950788,camera_1,0,0.7041503235443446,0.7062037008560833,0.03295324761399819,0.06605102740500672,0.0032681524171493948,0.000597923393816384,10665.097581656642
429,-0.0001916935404581016,9.039798793641918e-05,-0.00036825974522702865,1678319902651114164,427,1677825036583625793,camera_1,0,0.7041178800837684,0.7061372786173745,0.03293006139548083,0.06711010169622855,0.004417901218403132,0.0008088430804284497,10658.062232742901
430,-0.00018171970384202318,9.740352237069816e-05,-0.0004777558250244063,1678319902658451413,428,1677825036590372800,camera_1,0,0.7041350708149383,0.7063061975341401,0.03063026879470268,0.06623551922398084,0.0013562869862653315,0.00024825366143137347,10663.71094417782
431,-0.00011460430415709266,0.00018340205927730446,-0.0014331705696841723,1678319902663857499,429,1677825036596290349,camera_1,0,0.7039431196403463,0.7061978118568881,0.0336866345891215,0.06792602954405366,0.007101852330379187,0.0012994567505293358,10663.58613622724
432,-5.3508408450766987e-05,9.023304094823992e-05,-0.0009503319568833213,1678319902670204268,430,1677825036602980852,camera_1,0,0.7039826231628072,0.7062843707713429,0.036265501067813344,0.06523547594094713,0.0038899978972040117,0.000711571184722158,10663.248430505162
433,-4.988715266161792e-05,0.00012605871401411006,-0.0013132468268364228,1678319902677844905,431,1677825036610276460,camera_1,0,0.7038902963634999,0.7061894465665176,0.03433523949143814,0.06823494392498478,0.003909198800101875,0.0007153764054179879,10660.97228946479
434,-4.75331081012248e-05,0.00014186995461712426,-0.0011813870331418563,1678319902684758083,432,1677825036616991996,camera_1,0,0.7038494912584965,0.7065084095639176,0.033660628001234295,0.06564086374494044,0.005239940132014453,0.0009583517575426307,10667.372551893472
435,-0.00013143919364434764,0.00023950686173807023,-0.0019214160490075294,1678319902691493236,433,1677825036623600244,camera_1,0,0.7040118072930768,0.7061397873925731,0.032302300284783814,0.06848749702989015,0.004788946360349654,0.000876029782927104,10667.66363886546
436,-5.351524285332476e-05,-2.294073111397399e-05,0.00035055945017825607,1678319902696862865,434,1677825036629659414,camera_1,0,0.7041256084603736,0.7064115368468334,0.03017080863137848,0.06541857860373057,0.0034191187587566674,0.0006260869130452753,10659.526585000564
437,-0.00020624662957384465,0.0002745557711113511,-0.002032765941542447,1678319902704252914,435,1677825036636342048,camera_1,0,0.703876619235004,0.7061195986586816,0.03362599249375555,0.06944141353121731,0.004023669636808336,0.0007361004161933383,10664.53532314371
438,-0.0001414893696081443,9.433248145401807e-05,-0.0003722175521714277,1678319902710979127,436,1677825036643612623,camera_1,0,0.704128802359038,0.7060998987119371,0.034567731827762606,0.06656301257983549,0.0014713850105181336,0.0002693500432956501,10657.511072765688
439,-0.00014132652624719577,0.00020304558815142926,-0.0014799996613836797,1678319902717839505,437,1677825036650285482,camera_1,0,0.703805775522358,0.7062682925474834,0.034589571540834266,0.06816223898945861,0.0039485000306740395,0.0007224372761279398,10662.265287413613
440,-0.00010388247258415195,0.00018947208698810725,-0.0015624550492083777,1678319902724344812,438,1677825036656936407,camera_1,0,0.7038824389040681,0.7063324412403409,0.03594371603590768,0.06597002297598192,0.005748340976424515,0.001051176454178036,10666.79798989079
441,-7.041202606419827e-05,0.00018015773052904027,-0.00167666045433279,1678319902731113489,439,1677825036663644313,camera_1,0,0.7039719220742982,0.7061902966802596,0.033136105311106695,0.0679764395248573,0.002066466899123043,0.0003780297335372726,10666.015329995424
442,5.163554161664863e-05,-0.00012752948816657783,0.000869853919088559,1678319902738315457,440,1677825036670275926,camera_1,0,0.7040797185553568,0.7064382207454307,0.03188113506334268,0.06481036503609945,0.0034219681983813643,0.0006267317804068037,10654.943088476779
443,-0.000151785849621347,0.00028341302631351706,-0.002351307421936788,1678319902744331392,441,1677825036676929473,camera_1,0,0.7037921345646371,0.7061713039397387,0.03570678792870576,0.0687295141319615,0.002920122409705073,0.0005340428754694161,10666.370350466812
444,-9.444992454855916e-05,7.717564213544081e-05,-0.0007150070656853913,1678319902750829506,442,1677825036683606863,camera_1,0,0.7038175774874041,0.7062133116816471,0.03610823905609298,0.06782161230515406,0.0034428234794177115,0.000630235236704626,10655.03127673001
445,-0.0001660077186749903,0.00014871961880436046,-0.0010773347605899097,1678319902757730600,443,1677825036690271854,camera_1,0,0.7039859760492675,0.7061727968667043,0.035963150931428545,0.06656108672865825,0.0036413008929230273,0.0006661985558523331,10661.405678765032
446,-0.00014716069667136678,0.00010272505456526693,-0.0006919352452023908,1678319902764185553,444,1677825036696937561,camera_1,0,0.7040186596350438,0.7061450821528842,0.03569668049428733,0.06665280818286404,0.00348523911088705,0.0006378341706332843,10658.410645011
447,-0.00021025088199834452,0.00027477453988705713,-0.0022333999024186646,1678319902770960026,445,1677825036703590869,camera_1,0,0.7038813452871282,0.7061066900966719,0.035911912280885507,0.06837198632360546,0.00440631713718176,0.0008057910080676168,10666.112231570994
448,-0.00010131740700712599,0.00011271355844505448,-0.000739173979699359,1678319902777631485,446,1677825036710310220,camera_1,0,0.7040559141964084,0.706367664331029,0.03231528750941779,0.0656179446932776,0.004585337243042886,0.000838926791420133,10665.472901858393
449,4.7982506670984915e-06,4.839725563920982e-06,-0.00016357211954654005,1678319902784472866,447,1677825036716930150,camera_1,0,0.7039281194480342,0.7063957426907957,0.034229364368175544,0.06571611654399416,0.006144967221189289,0.0011247609121202607,10658.286673492055
450,-7.73547326797519e-05,0.0001630858274656588,-0.0014869103795973615,1678319902790323767,448,1677825036723072290,camera_1,0,0.7041445114881583,0.7061060291773862,0.03351743789969309,0.06686825747010132,0.0021958365687169135,0.0004016747961827551,10666.899736699175
451,1.6110139100633525e-05,-2.0898257814094823e-05,0.000177905266933287,1678319902797016177,449,1677825036729817628,camera_1,0,0.7042145857099877,0.7063716009814563,0.030873999062786726,0.0645583052912309,0.002714811358600855,0.0004969349426055847,10662.25239243102
452,-0.00015562741940400304,0.0002550206051062931,-0.002064932121770724,1678319902804389395,450,1677825036736964702,camera_1,0,0.7038733013431091,0.7062285938895881,0.03462361296844958,0.06785833960611888,0.006102398387156428,0.0011159470386252152,10667.709492181657
453,-4.483781850574131e-05,-8.30395797916661e-05,0.0008468281391507126,1678319902811315772,451,1677825036743674039,camera_1,0,0.7042226025334142,0.7063751786951319,0.03241415507566199,0.06367068049908345,0.003789725829847157,0.0006938986390638968,10657.359503704824
454,-0.0001833416022834905,0.0001615127242176606,-0.0012343608359932645,1678319902817720439,452,1677825036750306129,camera_1,0,0.7038495730582573,0.7062526267404688,0.03394709547413256,0.06819531095879748,0.002885663707274944,0.0005280913597519218,10660.987325128051
455,-0.00015886137141124523,0.0001768069451901222,-0.0011455523010788227,1678319902824195715,453,1677825036756942033,camera_1,0,0.7039431735222664,0.7061693359647628,0.035905669773443685,0.0670795070987159,0.003392664075363427,0.0006207536551717799,10660.725557887812
456,-0.0002218696510307011,0.0003314588649095396,-0.00254593615892329,1678319902831265196,454,1677825036763608217,camera_1,0,0.7038340133126997,0.7061943974653888,0.033986716682998235,0.06893517086179339,0.005103771865833551,0.0009332731615720195,10669.581240413478
457,-4.7848762909377673e-05,3.180095423072071e-05,-0.0005904697912924028,1678319902837708415,455,1677825036770293235,camera_1,0,0.7038849455261985,0.7061385459092427,0.03612581691118084,0.0678915517222919,0.007009462686255574,0.001283177228087496,10653.783701150564
458,-0.0001487399402372025,0.00026164904706432734,-0.002587015448974661,1678319902844482539,456,1677825036776935338,camera_1,0,0.7036593999787515,0.7061436578448688,0.03766700826536719,0.06932373183368892,0.004487181722652167,0.0008205599322718567,10664.050740192875
459,-2.6609507700142698e-05,2.412361271242336e-05,-0.0003227430074934645,1678319902851659644,457,1677825036783640861,camera_1,0,0.7039870425746684,0.7061781207962591,0.03363108361715031,0.06770270164751596,0.0007908033439889551,0.00014481745435125252,10655.247916832446
460,-0.00015257191136169856,0.00026418524379434594,-0.0021549452350639875,1678319902857886777,458,1677825036790299654,camera_1,0,0.7039403294669642,0.7060736133871155,0.036078593510155,0.06801764564238832,0.0027755413902923465,0.0005075657840294214,10666.171160015278
461,-0.0002039821015437926,0.00031458371886833314,-0.0023703704199391495,1678319902864195483,459,1677825036796910047,camera_1,0,0.7038645620731987,0.706130834625455,0.03434426530972566,0.06909699044819388,0.0015712239546701312,0.00028737553035170285,10667.300878557606
462,-9.952001949034561e-05,7.468504364177564e-05,-0.0005541508246480475,1678319902870181805,460,1677825036802959680,camera_1,0,0.7039331586634088,0.7063081150286825,0.03370137512184255,0.06686682356507267,0.006169417465571314,0.0011291900085330638,10659.207445990993
463,-0.00010223784652602097,0.00010341019501930448,-0.0009757307009179428,1678319902877682830,461,1677825036810318708,camera_1,0,0.7040753101306912,0.7060054471694621,0.03418969291775187,0.0683032292765773,0.0048042769776657215,0.0008793712070252202,10658.284092642369
464,-4.3092610352776783e-05,3.082745514243479e-05,-0.000418495531191887,1678319902884532871,462,1677825036816905021,camera_1,0,0.7040876620029547,0.7062065604713819,0.035923664002189715,0.06513331349663776,0.0033406473230570555,0.000611261132020942,10659.661777678404
465,-4.591725560729176e-05,3.2975482679054036e-05,-0.0004666452403836452,1678319902891657875,463,1677825036823577165,camera_1,0,0.7040138122876268,0.7062742929500058,0.03468274620641305,0.06586563855147344,0.0037523274077102538,0.0006866848844114629,10659.794030859832
466,-0.00014316498317409887,0.00021613611099485786,-0.0018170181744778802,1678319902897935572,464,1677825036830250501,camera_1,0,0.7037954332157128,0.7061413792785619,0.03618890553281208,0.06875102742224633,0.0047809050302021205,0.0008746900436672133,10661.386917235212
467,-0.00015037256255050202,0.00016919213569732694,-0.0013215822264882604,1678319902904144127,465,1677825036836349487,camera_1,0,0.7038937884554729,0.7063026692957988,0.034200694874289166,0.06708491924082001,0.005373376305215061,0.0009830374409847977,10664.240146662343
468,-0.00013947925898374902,0.0001325840420147717,-0.0009130664535570432,1678319902911444989,466,1677825036843589544,camera_1,0,0.7039905223856764,0.7061830685108308,0.034220619764083554,0.06731840255629838,0.003177314763888717,0.0005815072636284044,10660.338388962326
469,-0.0001341446295610449,0.0001650426466757171,-0.001015102937955259,1678319902918222955,467,1677825036850271940,camera_1,0,0.7040764260917174,0.7062898151861889,0.03357727429545255,0.06560220908674781,0.0037908713566139345,0.0006934335152297804,10666.290030634727
470,-0.00010886336450774414,0.00019524315022123595,-0.0015209502959043775,1678319902924406018,468,1677825036856925725,camera_1,0,0.7038623686430955,0.7062603005110626,0.035116397998890436,0.06738688686783435,0.003113968763500452,0.0005696311811101372,10663.924145067576
471,-0.00012606863024954007,0.0002321404861383436,-0.0018790553892293893,1678319902930580002,469,1677825036863016128,camera_1,0,0.7039410545827314,0.7061988177795311,0.03418719289404872,0.0676864630614544,0.003134429920464754,0.000573268642033718,10667.182686046237
472,-0.00010526477429247116,8.847916776955067e-05,-0.001065851223794656,1678319902938114830,470,1677825036870259761,camera_1,0,0.7038708671914715,0.7063255587761655,0.03745732893262557,0.06532194001938874,0.0009540777537040412,0.00017451207391017758,10662.369379779555
473,-0.00011003015250747594,8.334786838326558e-05,-0.0007454369102202207,1678319902944569154,471,1677825036876899480,camera_1,0,0.7040014189763611,0.7061933865147394,0.033839841983952026,0.06728869159535637,0.003144476213492453,0.0005755753355376713,10659.493625205476
474,-8.463907659807257e-05,-3.580373915412771e-05,0.0002869332357433585,1678319902951091782,472,1677825036883581876,camera_1,0,0.7039913486026097,0.7063289438826204,0.032253565144834274,0.06674812103564567,0.0009176514577120543,0.00016807602647942195,10654.420266560275
475,-0.00019320794797395013,0.00021235712825629083,-0.0014709112114044132,1678319902958392924,473,1677825036890329360,camera_1,0,0.7039037455485259,0.7062360872952714,0.03428035536285967,0.06763847456010591,0.004411906702443957,0.0008071632351361523,10663.95581099065
476,-0.00010505893598469762,6.458450214674727e-05,-0.0004227747940657167,1678319902964320440,474,1677825036896944999,camera_1,0,0.7040300749408785,0.7063973505840686,0.031897457088212795,0.0657798517621838,0.0026259995647706096,0.00048059887140495643,10662.986065399837
477,-0.000189523085521226,0.000331558800753029,-0.0028037035693255774,1678319902970912560,475,1677825036903576374,camera_1,0,0.7036813391272995,0.7060771325128422,0.03729337650359935,0.06997756765859825,0.004817068693228066,0.0008809172542736423,10664.611974361009
478,-2.687478563329071e-05,2.307125586115122e-05,-0.0001837987451294154,1678319902977503562,476,1677825036910258769,camera_1,0,0.7041965115564255,0.706380253251628,0.031017475855279295,0.06459200507411232,0.0020378880435600877,0.00037293303202471707,10664.935816736424
479,-4.7098261252848106e-05,0.00014517291150800693,-0.001337334653927158,1678319902983385332,477,1677825036916317701,camera_1,0,0.7039128631799779,0.7062541297727339,0.03670178494592502,0.06606636217097983,0.003943892021197826,0.0007213383862471642,10663.720124852502
480,-7.838617049549246e-05,0.00014100084058893403,-0.0011636769219824927,1678319902990783902,478,1677825036923572301,camera_1,0,0.7040526516157676,0.7062111428922235,0.03431186365977088,0.06632029417802211,0.0008788542472757398,0.00016077932409809848,10664.743769755121
481,-0.00012196051418834897,0.00021479990220735212,-0.0018188362343654063,1678319902998029520,479,1677825036930293321,camera_1,0,0.7038722048083838,0.7061675739460506,0.036544726372354265,0.06749636864086622,0.006110455491580069,0.0011175225175307712,10664.191699580173
482,-0.00012549094219709012,0.00010537269479077294,-0.0005637133622768964,1678319903004689874,480,1677825036936959505,camera_1,0,0.7040942172562803,0.7063248217555695,0.03108439894604537,0.0662596373397268,0.00577037053881213,0.00105600684655816,10663.8358972366
483,-0.00015516529770129295,0.0001219673436607116,-0.000794958300226245,1678319903010653847,481,1677825036943216562,camera_1,0,0.7037332970029918,0.7063808957097106,0.035626589573235085,0.0672028495007918,0.0044619175023399285,0.0008166150263793513,10657.937791558448
484,-0.00016308754684257742,7.019725962242873e-05,-0.00040620491570519945,1678319903017130311,482,1677825036949720621,camera_1,0,0.7037937350959851,0.7063793118432317,0.03373281418176468,0.06756288542464266,0.003847652988042681,0.000704478043901088,10656.229185269794
485,-9.131628458564078e-05,2.7338050065439656e-05,-8.943668215444234e-05,1678319903024610733,483,1677825036957004308,camera_1,0,0.7041237732255972,0.7062500720050208,0.035623078259204966,0.06443247680160552,0.0051613469258882105,0.0009444845673946274,10659.171145956854
486,-0.0001112736821839988,0.00017856040048624955,-0.0014908967081730395,1678319903031347493,484,1677825036963708162,camera_1,0,0.7039367551462933,0.7061819377342375,0.0350192490760215,0.06748161057782097,0.006725434272084385,0.0012302603161781006,10663.549684782976
487,-5.688410029741631e-05,4.980485796368672e-05,-0.0005172473510817177,1678319903038061345,485,1677825036970366477,camera_1,0,0.7040944058107556,0.7062267471830773,0.033689799905282244,0.06602913486901653,0.002411573543213308,0.0004413474820607927,10661.011890819875
488,-6.736543690150087e-05,0.00016504837618258605,-0.0014692083385083876,1678319903043432929,486,1677825036976381778,camera_1,0,0.7040206104440435,0.706187128675082,0.03545194634626756,0.06631650521477266,0.005127850279677659,0.0009377765396689539,10665.77686838515
489,-7.260186211574537e-05,7.46821013263288e-05,-0.0007306628169834184,1678319903050715843,487,1677825036983211040,camera_1,0,0.7038909643875841,0.7063833727004312,0.034429730313235735,0.06614102128360767,0.00313449400709942,0.0005735859830956863,10661.558366785057
490,-0.00011617714321184025,0.00013641833877131582,-0.0012822262220248959,1678319903057959156,488,1677825036990387916,camera_1,0,0.7038803524941305,0.7062809919248579,0.034123891648298814,0.0674919983194492,0.003048532002139836,0.0005578068703931178,10662.936664809471
491,-0.0001740828641994957,0.0001756144545627114,-0.0011843251719931835,1678319903064351392,489,1677825036997050046,camera_1,0,0.7038922144430075,0.7063517438353265,0.03309977164790078,0.06713694619335407,0.0031673535122536127,0.0005795204236374237,10664.341064441596
492,-0.00018920499135356705,0.00019948276445491686,-0.0012600460733871444,1678319903071201643,490,1677825037003714561,camera_1,0,0.7039452310562273,0.7061490885605562,0.033252849407711824,0.06862087440829166,0.006102452811319381,0.0011169209815926275,10660.948182059688
493,-0.00011619051156462612,5.385991349227126e-05,-0.00046583244076270347,1678319903077771483,491,1677825037010389566,camera_1,0,0.7039435580169751,0.7063283055207855,0.034015716024889994,0.06638315305747093,0.0048597645363770425,0.0008894340577945768,10659.33855517942
494,-6.175181742089364e-05,7.611333704937717e-05,-0.0004403501095362472,1678319903083502747,492,1677825037016378402,camera_1,0,0.7039607455893665,0.7064190837955947,0.0329557684099198,0.06576673967263083,0.0037159465719014398,0.0006800905530161642,10661.954166138543
495,-0.0001116585439897011,0.0001962259632505292,-0.0016871535636964197,1678319903090738727,493,1677825037023102760,camera_1,0,0.7039797529214834,0.7060680416450548,0.036782456625015086,0.06728654344483184,0.005004272854421289,0.0009153320230324301,10663.35433986772
496,-4.053905878624586e-05,6.707124412375087e-05,-0.0007779615432221831,1678319903097787256,494,1677825037030390262,camera_1,0,0.7040123702987668,0.7062950728855792,0.03627466315611631,0.06479198481893103,0.004702849662862718,0.0008602857453229869,10662.939923728349
497,-0.00010937529359074383,0.00019360325056000383,-0.0016302943528341274,1678319903104532955,495,1677825037037028551,camera_1,0,0.7039225900794474,0.7064088039930231,0.033592349510869424,0.06596319330754624,0.004266501520760357,0.0007801594371559622,10670.276723056795
498,-0.00013917246779650283,0.00016082185835136764,-0.0011683926812517953,1678319903110134943,496,1677825037042940378,camera_1,0,0.7038966192671359,0.7062179989147528,0.03581565813971733,0.0671038450847497,0.0036090506473556157,0.0006603965706835471,10660.945023517706
499,-0.0001632618789468715,0.00023245870439464467,-0.0018665460773044096,1678319903117080387,497,1677825037049901723,camera_1,0,0.7038175341962509,0.706115954852249,0.036576716042812304,0.06858046882698522,0.0051903860876336685,0.0009494555009164076,10661.733994344715
500,-0.00020769410162492508,0.00022468368088202073,-0.0014066247565103218,1678319903124799525,498,1677825037057060956,camera_1,0,0.7037977148650639,0.7063140220462061,0.03582751322749648,0.06712427360917561,0.007152522099204362,0.0013084327936438267,10662.844465225351
501,-0.00017877384173559108,0.0002057411740735704,-0.0012719795755047336,1678319903131260065,499,1677825037063696861,camera_1,0,0.7040844863486441,0.7061624510514312,0.030747356595052212,0.06822190902208701,0.003020306117832661,0.0005527210083874625,10664.895019749527
502,-8.354513058519974e-05,-1.4668695777375618e-05,0.000316950606734423,1678319903137753919,500,1677825037070375680,camera_1,0,0.7041324926805888,0.7063200305500515,0.034592647425591844,0.06413108403327973,0.003195533587131649,0.0005849331363836764,10657.936075530712
503,-6.94665569831443e-05,0.0001472984109905373,-0.0012294144705080612,1678319903144847075,501,1677825037077024221,camera_1,0,0.7038334450441246,0.7063407888601055,0.035805065448592445,0.06647682993363235,0.005777382350061089,0.0010568768833545783,10663.008903527743
504,-4.3080916566892724e-05,5.312621793795991e-05,-0.0007037120314468126,1678319903150020312,502,1677825037083045721,camera_1,0,0.7039337572397435,0.7064371674152924,0.034881205878166566,0.06486212599877603,0.004283329064492136,0.0007835285342573016,10663.938216889048
505,-0.00010854762123246875,0.00020862322140463574,-0.0019421877034191404,1678319903157437948,503,1677825037090077638,camera_1,0,0.7037892615198372,0.7061977951326462,0.03653348275385406,0.06804891003554177,0.003024185367394239,0.0005531464687937241,10663.746713625971
506,-9.458611165905073e-05,6.41022323434326e-05,-0.00042646862964534904,1678319903164493321,504,1677825037096947669,camera_1,0,0.7040016673314092,0.7064390694527035,0.035294420112143066,0.06387329218336849,0.0051615622942335895,0.0009441971827085859,10663.657677275944
507,-0.00014265964148592325,0.0001966859527835485,-0.0014641128047374607,1678319903170205727,505,1677825037102999925,camera_1,0,0.7039446996746498,0.7062004970090333,0.034769114174755145,0.06733369530676545,0.0034151605213992298,0.0006247807279212033,10664.056926563033
508,-0.00014811537732446756,0.0001751164424034224,-0.0012081150350624625,1678319903177808930,506,1677825037110302209,camera_1,0,0.7039680493576157,0.7061390852172146,0.035271069642681466,0.06747243480481616,0.002979851211421192,0.000545238976496407,10661.01786802046
509,-7.339741892974094e-05,1.2823226573532853e-05,-6.575774545414248e-05,1678319903184547226,507,1677825037116950750,camera_1,0,0.7041294977110044,0.7063398108341212,0.03145334197705242,0.06554700117122786,0.003569893655367196,0.0006534690491380403,10661.170747867558
510,-0.0001709444479505995,0.00029853818233332996,-0.0023753018290602057,1678319903190950148,508,1677825037123640537,camera_1,0,0.7038598167022829,0.7061865464083662,0.03546994927476127,0.06799854999997422,0.004286148468963803,0.0007837110635786959,10668.795007834444
511,-0.00010102514011409158,0.0001379446173450649,-0.001214638487094799,1678319903197993787,509,1677825037130305051,camera_1,0,0.7041182347695968,0.7060796165442976,0.03526644471743555,0.06652341274015383,0.004290460899937898,0.000784891564255917,10663.455762456866
512,-0.00011294636858429075,0.00015071852760945026,-0.0011421245929708057,1678319903203743558,510,1677825037136338233,camera_1,0,0.7038853356733495,0.7062950678152782,0.03244244402384723,0.06811900784353211,0.004317541723139584,0.0007901832719572223,10662.194723215653
513,-5.870038159382085e-05,-8.33508248138104e-06,0.00011379027853042345,1678319903210896010,511,1677825037143619060,camera_1,0,0.7040724926529178,0.7061499236168118,0.03430928328568268,0.06676139263002716,0.001701772620435804,0.00031164216972972945,10653.3558066003
514,-0.00015556877471414876,0.00021961608081583206,-0.001691301851298288,1678319903218045877,512,1677825037150319099,camera_1,0,0.7039179501703496,0.7061474888133068,0.03533364997839119,0.06787323957082445,0.005889044259674847,0.001077225663435303,10663.782509212848
515,-5.6687817579267885e-05,-8.835731604084351e-05,0.000876717313094133,1678319903223859413,513,1677825037156540632,camera_1,0,0.7042963276262162,0.7063672745952579,0.031024236762361424,0.0636353125741195,0.0021218075999058783,0.0003885228574849375,10658.745950618293
516,-0.00018587983417819864,0.0003714759605267237,-0.0029000333634656705,1678319903230515506,514,1677825037162970304,camera_1,0,0.7037568476985153,0.7061737515620042,0.034850703603330674,0.06950079410083164,0.005773237848188728,0.0010555643738532454,10669.86207759008
517,-3.719139578539643e-05,9.528520343682345e-05,-0.0007680679555930325,1678319903237769017,515,1677825037170233011,camera_1,0,0.7042912758819816,0.7061513336099512,0.03341801832093743,0.06486392532771668,0.0035949145094491537,0.0006575819244759504,10666.256010926794
518,-0.00011606064932861981,0.00017053094447694317,-0.0015174216197646473,1678319903244631490,516,1677825037176970005,camera_1,0,0.7039301469965322,0.7061538214013083,0.03553751563013116,0.06757376452890651,0.004447334795258939,0.0008135540198098907,10662.85991001234
519,-0.00013371658239547113,0.00019460059120574025,-0.0017162259206613406,1678319903251254199,517,1677825037183577299,camera_1,0,0.7039413992628087,0.7060580019601023,0.03565195892152185,0.06839255878445706,0.0031058191671036184,0.0005682126857233475,10662.1941673531
520,-0.00017927709551766868,0.000237380404548293,-0.0016746681129244934,1678319903258174989,518,1677825037190267086,camera_1,0,0.7040487993870835,0.7061252230690678,0.03410723773177198,0.06737324217798941,0.004967198066879064,0.0009085068915518649,10666.482361083848
521,-0.00020126073779919151,0.00028761155641426894,-0.002170369666102623,1678319903263515843,519,1677825037196315765,camera_1,0,0.7038148232324359,0.7059225710640488,0.03593481929537873,0.07089927378208198,0.005418165645096451,0.000991518333822533,10658.850712504936
522,-9.624792296866747e-05,0.00010661763895924992,-0.0008887671468520431,1678319903270888851,520,1677825037203408479,camera_1,0,0.703938061140202,0.7061699432765474,0.03615133907458015,0.0669947607957983,0.00553143722936511,0.0010122147328280762,10658.50700692262
523,-6.335719160870112e-05,2.8323154309173315e-05,-0.00035151570126146225,1678319903277999538,521,1677825037210301876,camera_1,0,0.7039022801872622,0.7062464867081152,0.03481505909551496,0.0672710310593883,0.0036625830107368533,0.0006706122030139352,10655.163230807872
524,1.7439146999503885e-05,-8.201993206108371e-05,0.0005442156775798956,1678319903284366701,522,1677825037216938257,camera_1,0,0.7040688677609883,0.7064468237400915,0.034242394670707534,0.06361896796169875,0.00402949604904279,0.0007375857541956581,10657.714217071536
525,-0.00010241786647832707,0.0001814724270067236,-0.0015405720085310826,1678319903290080085,523,1677825037222970724,camera_1,0,0.7039925058849018,0.7062128093775386,0.03436876822182599,0.06690894783132982,0.004380075610242784,0.0008011578144104897,10666.21999462054
526,-5.555736382290011e-05,5.1099606293292243e-05,-0.00035663590925638644,1678319903297206556,524,1677825037229860782,camera_1,0,0.7039795983327142,0.7063337114520309,0.03268326302679369,0.06661244264873784,0.0039618585142306975,0.0007252883197470562,10659.452689307513
527,-0.00017860810370169677,0.00026471256775295604,-0.002158918327829884,1678319903304606103,525,1677825037237012147,camera_1,0,0.7037588429204361,0.7062992515033055,0.033172316299528985,0.06902503725810916,0.004724175843875854,0.0008641191551143237,10667.166941995612
528,-9.785866911553309e-05,7.801738397261726e-06,-6.451395355444589e-05,1678319903311122376,526,1677825037243778228,camera_1,0,0.7041659921200027,0.7061224003258811,0.033084820949344666,0.06668437539947518,0.004140096250921489,0.0007580216485389553,10656.452984682757
