Time (s),Cam1 Fiducial ID,Cam1 Position X,Cam1 Position Y,Cam1 Position Z,Cam1 Rotation X,Cam1 Rotation Y,Cam1 Rotation Z,Cam1 Rotation W
1721049641.4666603,9,0.35172105233478607,-0.024313828411706588,1.167132947614357,0.000840901715206471,-0.11674780011219207,0.010775682086351528,0.993102778532435
1721049641.479211,9,0.3518506071104559,-0.024320050601740195,1.1674540869708363,0.0008053441466011386,-0.11528930825995079,0.012053514233039363,0.9932584958692181
1721049641.5003793,9,0.35200391532194997,-0.024324108351893803,1.1677535421409855,0.0005911216822151654,-0.11434668564988372,0.011196505064705488,0.9933776343014672
1721049641.5225863,9,0.35198151539984446,-0.024320411599040605,1.1674936472795066,0.00038646497606804924,-0.11632741055548168,0.010075414863948187,0.9931597405320043
1721049641.5329463,9,0.351954609315511,-0.024312260650474905,1.1672526378191643,0.0004491705005324844,-0.11668388480815638,0.01003619358204196,0.9931182931002339
1721049641.5450294,9,0.3520746776685121,-0.02431989932772862,1.167561707875176,0.0005110222311258775,-0.11562306784834309,0.010805928904707328,0.9932342507878609
1721049641.5610342,9,0.35204637797668253,-0.024314001656396023,1.1674800139721426,0.00040840326463997486,-0.11620606168631235,0.009812854471551674,0.9931765665385237
1721049641.578899,9,0.3519900602060188,-0.024317243180323696,1.1673938411459617,2.5106260356986726e-05,-0.11646869538616457,0.008176669032700848,0.9931607042408848
1721049641.5951824,9,0.35203935127453906,-0.024322290224357307,1.1677277639519303,0.00019245955018285213,-0.11614502722674434,0.007423917137209095,0.9932045011296315
1721049641.6119492,9,0.35194808075103917,-0.024323430393745717,1.1676124770285279,0.00020848746680797014,-0.11580392208852841,0.00839689440331797,0.9932365782260889
1721049641.628417,9,0.3517465427713786,-0.024312767805620392,1.1671317762037166,0.0005797925419467031,-0.11652669479329551,0.009507478002762937,0.9931418836718072
1721049641.6450539,9,0.3517937805943685,-0.024316559423649676,1.1674107292534195,0.0005400811004339116,-0.11609823410923692,0.009672877654117383,0.9931904871609526
1721049641.6622975,9,0.351652252131628,-0.024309055810374708,1.1669611455491031,0.0005534998948430746,-0.11680206631401673,0.009769026429275851,0.9931070118900918
1721049641.6779077,9,0.3517335398519959,-0.024312215070532057,1.167127721199049,0.0008503335444917208,-0.11609292355052622,0.011535066465228287,0.9931710085760648
1721049641.6968234,9,0.35183602798947394,-0.02431489654620583,1.167302410607112,0.0006800083906095294,-0.11665126280714011,0.010910483896629549,0.9931127739663959
1721049641.7133434,9,0.3518311700746507,-0.024315125346365398,1.1670922048380692,0.0005626359850858104,-0.1160749410613506,0.010634566039547768,0.9931833654987898
1721049641.7279825,9,0.35198062582671513,-0.02431710138501251,1.1674019613744624,0.0005037540812365864,-0.11600664215596937,0.01076725667819661,0.9931899472865946
1721049641.7463603,9,0.35201163464985014,-0.02431691411137698,1.1673913685408852,0.0003123100362722613,-0.11620513697422132,0.010496376318121474,0.9931697209880253
1721049641.7618349,9,0.3519712950336987,-0.02431098677987876,1.1672145708922548,0.0003947182021901651,-0.11663258833153621,0.010290043953569571,0.9931217440636676
1721049641.7784398,9,0.3520307915865086,-0.02431582407425375,1.1674673485526115,0.0002999897133607407,-0.1161701179747383,0.009352270551862914,0.9931852539840853
1721049641.7954726,9,0.35194528418514454,-0.02431876100269075,1.1673371748242019,0.00022262869863354828,-0.11588543851012412,0.008032811383374734,0.993230078843295
1721049641.812185,9,0.3518398040153379,-0.024312204633289758,1.1671384379763028,0.00016759940957603822,-0.116805887369533,0.00793512271632509,0.9931230489791941
1721049641.8285913,9,0.3518070132660261,-0.024313380393736782,1.1672432634889578,0.0006342087607060649,-0.11646282905280254,0.009198992516998865,0.9931522470220453
1721049641.8469274,9,0.35170088973753394,-0.024309842608483463,1.1670230566460122,0.000669163453787852,-0.11662035890993803,0.01044940770241378,0.9931213692125742
1721049641.8615966,9,0.3517631390736366,-0.024314636361547112,1.1673291816926719,0.0004671686302813131,-0.1163399229149539,0.008999090355384423,0.9931685760546338
1721049641.8779683,9,0.35174975023911903,-0.02431403080576753,1.1672390880734762,0.0006501611606072287,-0.11671618155611851,0.010322754716185984,0.9931114494297676
1721049641.8955011,9,0.3517545229454633,-0.024311638078215077,1.1671250484874924,0.0007690440708471817,-0.11699888576902512,0.011413180410000567,0.9930661652744758
1721049641.9114125,9,0.3519344179270153,-0.024320791755763946,1.1675409820547418,0.0005672492377721385,-0.11486532533266555,0.011697863534067345,0.9933120331765148
1721049641.9302032,9,0.3518964526953286,-0.024316388920980765,1.1672285185353186,0.0004300623792277831,-0.11683878207169839,0.010877731443059872,0.9930912289457625
1721049641.9455876,9,0.3519333115463675,-0.024314520612153417,1.167192755410824,0.00047286041674134263,-0.11664041573709297,0.010884756096613107,0.9931144505566424
1721049641.9622808,9,0.35189290558507536,-0.024306957738792996,1.166957211322937,0.0006097785804025915,-0.11812568706607547,0.010708703621762324,0.9929407202305645
1721049641.982688,9,0.3519788180936331,-0.024314372637816137,1.1672770823290293,0.00030221613128184174,-0.11689945411050957,0.008977138168938593,0.9931031352706378
1721049641.9949036,9,0.35196859299598315,-0.024316349790980664,1.1673407238356095,0.0003006369225237881,-0.11624041170517944,0.008723492460455463,0.9931827510500489
1721049642.012678,9,0.35199576473889865,-0.02432003418092797,1.167582916783613,0.00017988522394959651,-0.11559174960051206,0.007743396456031678,0.9932666081555965
1721049642.0308552,9,0.3519244995681513,-0.024319418775554408,1.1675238830829757,0.000531099885572003,-0.11566647431693275,0.008627086271792699,0.9932505011498666
1721049642.0450137,9,0.351747972076922,-0.02431213009366837,1.1671113210176804,0.0005367115810497648,-0.11659224201508002,0.009690092309894052,0.9931324499549904
1721049642.0628705,9,0.35181386400292747,-0.024319367631693727,1.1674714240434632,0.000592743445637212,-0.11568925317169658,0.00915707481792134,0.9932430686073584
1721049642.0792747,9,0.3517238639917807,-0.024307461010425555,1.1671617125209621,0.0005299755426764111,-0.11710187359392421,0.009885491460528468,0.9930705651590427
1721049642.0945654,9,0.35167795248921263,-0.024310369028162093,1.1669437356990733,0.0008343671379567485,-0.1166836236690946,0.011370269270998943,0.9931036968895208
1721049642.1121802,9,0.3518268350683631,-0.024321154380496517,1.1672829567366925,0.0008291737927508249,-0.1164880167576878,0.011140607984302537,0.9931292671532855
1721049642.128668,9,0.351910948220322,-0.024318824582476233,1.167365112186544,0.0004982783539670458,-0.11629040229043808,0.010378146445498044,0.9931609074717781
1721049642.1449132,9,0.3518918135140068,-0.024312407271050503,1.1671340932146914,0.0004997946090352063,-0.11682259213511874,0.011106092592502288,0.9930905733514478
1721049642.1625023,9,0.3519748564684078,-0.02431443427500235,1.1672926389151963,0.0004972758628512721,-0.11607673526547233,0.010703041299084413,0.9931824551177774
1721049642.1788669,9,0.35194212554010595,-0.02430799585377849,1.167100947004071,0.00043503558593048947,-0.11676521012278707,0.010634194229744749,0.993102517548971
1721049642.1946785,9,0.35203605958016465,-0.024315245994261665,1.1675088041221362,0.00022832285980552968,-0.11553382069055486,0.00898690159045182,0.9932628653811225
1721049642.2122352,9,0.35204869826858776,-0.024322521808965637,1.16767061277238,0.00016160348832812706,-0.11545157005856256,0.00832846904304227,0.9932781813060853
1721049642.228026,9,0.351910050644737,-0.024317076848276484,1.167383794950075,0.0002076869776631392,-0.11647804356816276,0.00844334179712105,0.9931573552121283
1721049642.2464628,9,0.35186945505233735,-0.024320056606178753,1.1674326613634236,0.0006056702761939546,-0.11612756152703906,0.008588420605291315,0.9931969903542835
1721049642.2624667,9,0.3518155250992305,-0.02431694545525135,1.167407690552443,0.0005189744341562864,-0.11655015259592,0.009275003418894897,0.993141363002762
1721049642.2804751,9,0.3517069660449304,-0.02431028490771597,1.1671305031329624,0.0007253411339727962,-0.11721496453056861,0.010132907241089357,0.9930546058305054
1721049642.297212,9,0.35167530776872524,-0.024311967712551823,1.1669845191952386,0.0007110389958522829,-0.1169691462264184,0.00990245959317955,0.9930859250581566
1721049642.3122227,9,0.351765512593141,-0.024313524523212227,1.167162515246343,0.0007077981355792559,-0.11670261730608295,0.01122143807990319,0.9931032561940013
1721049642.3309422,9,0.351843816888515,-0.024312718804758788,1.1672464115541628,0.0007002461661153463,-0.11605397758525207,0.011227152962327385,0.9931792058728924
1721049642.3460019,9,0.3519833569334743,-0.024319598476191216,1.167537004669547,0.0003841358456685922,-0.11603837511715688,0.010030227666712146,0.9931940104897813
1721049642.362131,9,0.35196596303498695,-0.02431300942327881,1.1672997555345666,0.0005356714913414316,-0.11657342929384065,0.011029221986750659,0.9931206899974918
1721049642.379236,9,0.35204276266633694,-0.02431578601954467,1.1674636698379963,0.00048575768595262187,-0.11552317062366682,0.010602196836582199,0.9932480830642283
1721049642.3955905,9,0.35193917599786323,-0.02430965197445836,1.1671308298266738,0.00034285101559687966,-0.1170291351384646,0.009716019144105126,0.9930808944662642
1721049642.4128695,9,0.35205219623679596,-0.024321341380381424,1.1676102424123587,0.0002674844066485826,-0.11593685534104967,0.008866502100252584,0.9932169748681438
1721049642.430368,9,0.35193267517608323,-0.024317104923186707,1.1673579710903554,5.234569654255997e-05,-0.11638775386677637,0.007257963631628706,0.9931773305778263
1721049642.4467707,9,0.3519190216515714,-0.024319322230678828,1.1674972478410242,0.00033772998403057755,-0.11535656272428552,0.00911230111640756,0.9932822938838988
1721049642.4634614,9,0.35186222691785995,-0.024319741263520746,1.1674739362192226,0.000638567302145733,-0.11549979918764298,0.010016284914826219,0.9932567959273774
1721049642.480222,9,0.3517544471833184,-0.024315820682808624,1.167241020820949,0.0006373308278056695,-0.1160319457619754,0.009883434300001494,0.9931961030423668
1721049642.4956949,9,0.35171615150390384,-0.02431281558193031,1.1671470563341788,0.0007071904212746577,-0.1165651417285582,0.010577524360464358,0.9931264690833252
1721049642.5136745,9,0.35180305675339435,-0.024317876925003413,1.1673591486323451,0.0008657748125727816,-0.11578034950215636,0.010675573916498102,0.9932170926965996
1721049642.5289967,9,0.35177031593104285,-0.024311543628236294,1.1670938535513546,0.0008095569562468855,-0.11660952335392524,0.011394202644884291,0.993112146651521
1721049642.5463786,9,0.3518529091987436,-0.024313477902571136,1.1671894572577284,0.00043663101010233324,-0.11640502558061369,0.010809063152192818,0.9931429119349892
1721049642.563811,9,0.351989365453197,-0.024320568782167536,1.167474267226795,0.0005459472622168458,-0.11636556593830406,0.010224067603450852,0.993153676651849
1721049642.5786164,9,0.35209338365890397,-0.024327729069393664,1.1676970171123504,0.00044210858966501135,-0.11591055459834493,0.010972713999514848,0.9931989465460502
1721049642.594989,9,0.3518554893789954,-0.024305058903434394,1.166844501952346,0.00037261986495890726,-0.11774939212707251,0.00976268287803907,0.9929952828846489
1721049642.6132152,9,0.3520189989056007,-0.024316968217195912,1.167426458111619,0.0002792549099745634,-0.11589386590475449,0.009679101679130183,0.9932144022581585
1721049642.6289313,9,0.35192252951926206,-0.02431249377052691,1.167246671326163,0.00020681873015860214,-0.11734731695949804,0.008106047424526933,0.993057831359066
1721049642.6467378,9,0.3518963306088838,-0.024317108880666835,1.1673167251838965,0.00028361928762311563,-0.11681059664879316,0.007811742957891974,0.9931234468798995
1721049642.662702,9,0.35184966610648016,-0.024318580552185696,1.167345420332134,0.0004958385392002529,-0.11615500283690026,0.009218447119680373,0.9931881944993125
1721049642.679411,9,0.351832177136562,-0.02431883074818534,1.1674407899342658,0.000687178439384344,-0.11561918500408581,0.010305217124176577,0.9932399178168421
1721049642.6968482,9,0.351825521890255,-0.024319060952961227,1.167502981983257,0.0006476906667394296,-0.11553908844089829,0.010665662447576439,0.9932454596843626
1721049642.7128382,9,0.35177470343779593,-0.024320490856417798,1.1673223069647638,0.0007361019054584058,-0.1163958238157966,0.010577110996949305,0.993146311011215
1721049642.7304003,9,0.35176317393929024,-0.02431222986936779,1.167154712682616,0.0009154540356708286,-0.1168542073329684,0.0117624870963717,0.9930789999138033
1721049642.7466953,9,0.35180490358442135,-0.02431360887226488,1.1671158866024027,0.0006505989011341975,-0.11559805958288062,0.011871478817616873,0.99322491578314
1721049642.7623618,9,0.3519537051965252,-0.024320249810899232,1.1674353314931458,0.000375475732040382,-0.11599906773188955,0.010339137423008031,0.993195437736529
1721049642.7808049,9,0.3518693983123234,-0.024310258400138868,1.1669995645709825,0.0004446321151932123,-0.11696150758240272,0.010307419791633545,0.993082859153038
1721049642.7971933,9,0.35196029753458324,-0.02431544169872054,1.1672083222607201,0.00053870098116259,-0.11632232078611758,0.010522472061387258,0.9931556298334625
1721049642.812452,9,0.3520968632408069,-0.02432017806943848,1.167650215660267,0.0004284844928206358,-0.11469199844653452,0.00992141820201232,0.9933514621493443
1721049642.82984,9,0.3520191095353407,-0.024316724306254468,1.1674853227668147,0.0002487210835789928,-0.116026466405855,0.009069977808501167,0.9932046781674696
1721049642.8463948,9,0.35203036285171074,-0.024324080345611704,1.167675064127079,0.00020991741205120544,-0.11637616518911208,0.007835678551429618,0.9931742778849013
1721049642.8676233,9,0.35195196077860785,-0.024324240236521227,1.1675955847748491,0.00028794188098802,-0.11560362967781494,0.008600969312737749,0.9932581443017062
1721049642.8797352,9,0.3517969064117909,-0.024315368560833408,1.1672268502510403,0.0005992705837765347,-0.11617421221162992,0.009368095457429094,0.9931844904544549
1721049642.897742,9,0.3518175253817369,-0.024320687230814007,1.1674538717374912,0.0005908869439817657,-0.11479366933572835,0.010258772023785051,0.9933362079022505
1721049642.9167047,9,0.3517087939516317,-0.024313591182168328,1.1671090646427995,0.0007177026625278906,-0.11698740874223983,0.011231737079880094,0.9930696245383969
1721049642.9293606,9,0.3517395352654619,-0.02431532490268365,1.1671530800620022,0.0008008610973987434,-0.11630549309028908,0.011295408594339971,0.993148933767345
1721049642.9470353,9,0.3517958888907769,-0.02431416447048041,1.1671797746184338,0.0006860721250257473,-0.11577721953954086,0.010959321685150267,0.9932145075505763
1721049642.9657474,9,0.3517643938284628,-0.0243071623162337,1.1669073279659734,0.0005183321034640259,-0.11605207499068713,0.011129353933849447,0.9931806405197403
1721049642.9800184,9,0.35192672138168685,-0.02431433718275119,1.1672751597528068,0.00038381172275112014,-0.11656224493986168,0.009608122280139457,0.9931368383709221
1721049642.9971552,9,0.35199120742304935,-0.024318298873732193,1.1673503971843806,0.00044882772253486,-0.1163783104044086,0.009493342900457072,0.9931594856122882
1721049643.0148292,9,0.35200073233715057,-0.024316624943448183,1.1673356867525424,0.0004590478112372291,-0.11564318067317214,0.009373489015603916,0.9932464858949028
1721049643.0291321,9,0.35194490538660267,-0.024310334687164526,1.1671867447496336,0.00034586057993631346,-0.1167926706213203,0.00944137861906487,0.9931113798760794
1721049643.046036,9,0.35206736195725225,-0.024324039687803216,1.1677059967002397,0.00019230363457457223,-0.11595421502540999,0.008659005077085908,0.993216796408633
1721049643.0650554,9,0.3519261207574792,-0.024319946762088103,1.1674241743088618,0.00022197093036214514,-0.11629023692574218,0.008440858577791642,0.9931793812958113
1721049643.0791228,9,0.3518700670456552,-0.02431953029132452,1.1673812574458289,0.00042561594891385646,-0.11568389306667322,0.00875890720628451,0.9932473696318325
1721049643.0966208,9,0.3518088926733203,-0.024318188050519683,1.167375245426309,0.0006249963281725504,-0.11652848380006406,0.010224262222306846,0.9931345257843258
1721049643.1136146,9,0.3518470566730299,-0.02431962319935371,1.1675629868888096,0.0005896683930754675,-0.11606636953989558,0.009606160149468435,0.9931948307558781
1721049643.1301045,9,0.3517829228072433,-0.024322183582490865,1.1673577366442829,0.0006181922314362625,-0.11575594423833917,0.010768590972637536,0.9932191181508335
1721049643.1471145,9,0.35173269460622497,-0.024313884635662614,1.1670747901978433,0.000811656603724387,-0.11681861935353571,0.011809341569930817,0.9930827210447154
1721049643.1632297,9,0.3518670893602111,-0.0243148003694063,1.1673337993013115,0.0004538868524504714,-0.11596921319031182,0.010838404149949186,0.9931935685324526
1721049643.1803544,9,0.35191944250757745,-0.024317370021233013,1.1673448795653818,0.0003467442465579127,-0.11672177651408279,0.010404624178677949,0.9931100897944419
1721049643.1966326,9,0.35198488448155624,-0.02432134285150723,1.167392813434395,0.0003598217081586178,-0.11542637959718406,0.009912668925719521,0.9932665102660988
1721049643.2132623,9,0.35198147507511723,-0.024316314682422027,1.1672987903303655,0.000376587002623076,-0.11647343526961591,0.010571456195810309,0.9931374735516851
1721049643.2319465,9,0.35195382306697287,-0.024311658081977217,1.1671887516478427,0.00038940803973585474,-0.11674485642606007,0.009964654982305608,0.9931118731092288
1721049643.2475944,9,0.3519987159917685,-0.02431428932033721,1.167420002598441,0.0003618055190227788,-0.1159924009461479,0.008236745942605568,0.9932158818886212
1721049643.26395,9,0.3519482714658465,-0.024319907712221076,1.1673801835053783,0.00025657545657973224,-0.11637121502585587,0.00900084892616448,0.9931649707883627
1721049643.282172,9,0.35196744570896243,-0.024323617676512303,1.1676168392224222,0.0001507883907209175,-0.11537322145306883,0.008637892966592939,0.9932846439160832
1721049643.2973168,9,0.3518738434158663,-0.02432131394267903,1.1674860964982219,0.0005346727565114695,-0.11595604477336222,0.009769171513997171,0.9932061584049363
1721049643.3153682,9,0.3516963637342146,-0.02431097306109184,1.1670115021433707,0.0007353743062690871,-0.11692824285599247,0.010015223557129863,0.9930895934125684
1721049643.3330462,9,0.3517837105105067,-0.024319742115560823,1.1673644801924123,0.0006439935537828065,-0.11585041355463921,0.009941685270871562,0.9932167084002851
1721049643.3470848,9,0.3517281078621024,-0.024313724380368405,1.167109551435244,0.0007669131318227746,-0.11625511641255369,0.010609646646943693,0.9931624213340831
1721049643.3647525,9,0.351887551926059,-0.02432133611980664,1.1675006063024702,0.0007656696742531431,-0.11596531713135284,0.010594889545844711,0.9931964595628027
1721049643.3820982,9,0.3519490790815589,-0.02432463537650017,1.1675334248777551,0.00038657421131343695,-0.1153161834472688,0.010373811637144735,0.9932745906483524
1721049643.3971653,9,0.3519961947015353,-0.024320325339400154,1.1675293587310382,0.0003908669402027179,-0.11569985053868743,0.010622000217446833,0.9932273480526707
1721049643.4145684,9,0.35191340570333335,-0.024314354892990248,1.1671117275202743,0.00039087135925315337,-0.11698481923397029,0.010352137277934458,0.9930796707929102
1721049643.4308026,9,0.3521152745070231,-0.024322985718755886,1.167716925212034,0.0004063315106886776,-0.11472275270482993,0.010323076226132447,0.9933438271835987
1721049643.4469106,9,0.35199122322337884,-0.024315811776754598,1.167333256649518,0.000304301276729711,-0.11622972060156729,0.009366926848156579,0.9931781411866836
1721049643.4677606,9,0.35209722468007215,-0.024325734761953023,1.1677961037600912,0.00010783741884134667,-0.11567926244594141,0.008594195463526716,0.9932494331311692
1721049643.48169,9,0.35193321067966465,-0.02432061397248196,1.1674174418173842,0.00023741731088900242,-0.11618636095516502,0.009037043791739176,0.993186289172642
1721049643.4974215,9,0.3519086160866738,-0.024321072509733522,1.1675203839390678,0.00043360430731553427,-0.11555973148955567,0.008949172815938078,0.9932601234073967
1721049643.5169208,9,0.3518015362903319,-0.02431839402844745,1.1673020252353958,0.0007695425406321356,-0.11612507342809841,0.010124467587706854,0.9931826973330045
1721049643.530849,9,0.3517538733774634,-0.02431671565840418,1.1672341703353561,0.0006342052678982933,-0.1163840056514509,0.010068105003312507,0.9931530568214768
1721049643.5481024,9,0.3517258562646209,-0.024315719862089486,1.1671634488292817,0.0005507498684858673,-0.1158518500088592,0.009867776593083997,0.9932173339754075
1721049643.5662696,9,0.3518280891760985,-0.024319723675689846,1.1673841877171238,0.0009027467226936358,-0.11614087472876929,0.011384573465121582,0.9931670925642916
1721049643.580781,9,0.3518261311034969,-0.024313382440499198,1.1672097183939596,0.0006063596494301998,-0.11596672549378292,0.010933302115323009,0.9931927374941282
1721049643.5983946,9,0.35197944907189055,-0.024318390311884437,1.1675410649650388,0.0004272779347711561,-0.11638720828315162,0.009822490187496556,0.9931552516440405
1721049643.6155944,9,0.35200192610123743,-0.024320583767077304,1.1674713857280477,0.00026135423188515126,-0.11658155870514383,0.010455242851236566,0.9931260543157481
1721049643.6300201,9,0.3519567381401833,-0.02431497054565831,1.1672152024907496,0.000556652619487469,-0.11614291477802727,0.010037660213159473,0.9931816343761952
1721049643.6476786,9,0.3519604650224325,-0.02431563067378242,1.1672157725259995,0.0004651541162924736,-0.1163039008263386,0.009848011698292764,0.9931647410927431
1721049643.663819,9,0.352083753164842,-0.02432011212799169,1.1677049344117867,0.00033915657208551304,-0.11543714271792961,0.009361869578376095,0.993270610887052
1721049643.6803765,9,0.35206360309984736,-0.024324379060392934,1.1677732134821832,0.00018684099602373083,-0.11499478512640708,0.007987269096761332,0.9933339660036545
1721049643.6979,9,0.35191134640651656,-0.02432104492641525,1.1674338977385004,0.0004045437940473547,-0.1152437833852495,0.009164006763943546,0.993294884571245
1721049643.714244,9,0.351732603344443,-0.024314230622399582,1.1670127882306465,0.0007323813502743524,-0.11635544401432774,0.01013747267667733,0.9931556302581768
1721049643.7314608,9,0.3517335358420019,-0.02431039840385118,1.1671393050865893,0.0006793491408457389,-0.11622557708347729,0.009457646253523936,0.9931775806187434
1721049643.74793,9,0.3517820973944248,-0.024313621352597535,1.1673492111058723,0.0006668478923113777,-0.11664256489614512,0.010502700221597036,0.9931182007477218
1721049643.7634048,9,0.3517463491250466,-0.024316026701657806,1.1671884931448073,0.000725952323896755,-0.11647254597373163,0.010831365714553634,0.9931345832989493
1721049643.7819436,9,0.3518628583618168,-0.02432310436572038,1.1674099722350368,0.000760492951977481,-0.11598558760706507,0.010937181705239328,0.993190386166852
1721049643.7972188,9,0.35192193267725186,-0.024319935138591993,1.1674576107138583,0.0004376463735079885,-0.1155749118396391,0.009657829231079041,0.9932517176191817
1721049643.8136559,9,0.35198637938115074,-0.02431672454396635,1.1674878829320061,0.0004673173101027608,-0.11600117672622633,0.010280731839589594,0.9931957587331437
1721049643.8324869,9,0.35198476338086804,-0.024316781530107676,1.167356346466417,0.0003694562208216595,-0.11524381040801764,0.010473299148789044,0.993281952755451
1721049643.8467312,9,0.35202941578044256,-0.024320833110379206,1.167441439455185,0.0004411283686815069,-0.11477940491003773,0.010432731099597832,0.9933361222345957
1721049643.8647754,9,0.3520804702664868,-0.02432259047922237,1.1676168784954792,0.00045814510611658364,-0.11614080199854028,0.009669619358810224,0.9931855831996622
1721049643.8825493,9,0.3519847120627368,-0.024315783557470626,1.1674240487411593,0.0002509292556500516,-0.11707067302800415,0.008422093884435183,0.9930878424821646
1721049643.8983316,9,0.3519300311883229,-0.02431937381313553,1.167402348304349,0.00022263160949538238,-0.1163714742140476,0.008643463155517563,0.9931681232143402
1721049643.914967,9,0.3519253688210423,-0.02432552132051599,1.1675573297790445,0.0003818597586165385,-0.11501825528680766,0.008882064913606734,0.9933235948354261
1721049643.9310222,9,0.3517860410268377,-0.024317664657525474,1.1672402592235673,0.0007824853611443026,-0.11614747596809805,0.010882256874586878,0.9931720535880051
1721049643.947844,9,0.3518456593040066,-0.024320765539639733,1.1675339747474323,0.0006127371573675408,-0.1153991492885212,0.009817016980037079,0.9932705004550751
1721049643.965698,9,0.35183644196951436,-0.024322240737987506,1.1675313929407432,0.0005808629996553347,-0.11654070465026206,0.009876142205201534,0.9931366414411155
1721049643.9825146,9,0.3517475767449272,-0.02431948673362968,1.167127130918102,0.0007830301443605261,-0.11682277072800613,0.010904547164847029,0.9930926029098971
1721049643.9990752,9,0.35183423758796384,-0.024320777771473123,1.1672507923975572,0.0006365370916604353,-0.1156218073090397,0.009901604840031823,0.9932437519142591
1721049644.0168974,9,0.35188363452864213,-0.024316250719818626,1.1672315773735193,0.0004488503273755528,-0.11705593421327214,0.009988254856933158,0.9930749929203507
1721049644.0314562,9,0.35208665626106506,-0.024323450099226415,1.167778385591018,0.00031592620268228194,-0.1157880622443597,0.009309654234721786,0.9932302629150808
1721049644.0485394,9,0.3519675208658809,-0.024319875481458333,1.1672730001792766,0.00042233138308661177,-0.11653238816189307,0.010238671821386427,0.9931340260734312
1721049644.0664,9,0.3519221191770448,-0.024313740733311513,1.167099264511201,0.00036863809674253983,-0.11679069423886274,0.009639544850723325,0.9931097003957966
1721049644.0808325,9,0.3519931315027218,-0.0243203027009982,1.1674016273233132,0.0003644045133675249,-0.11589258821994718,0.009107688828688787,0.9932199279158831
1721049644.098634,9,0.351908736679083,-0.024318944535845252,1.1672470500369265,0.00023403193158467582,-0.11596967281234118,0.009083300976325967,0.9932111929797344
1721049644.1146498,9,0.3519463714723064,-0.024327128557791386,1.1675542231843155,0.00045887973944552844,-0.11565110125334209,0.008978128227509737,0.9932492161697407
1721049644.1305523,9,0.35170534433244216,-0.024315090027309666,1.1669152156104317,0.0006117236434618641,-0.11658401695845225,0.009739037152619638,0.9931328933931024
1721049644.1484587,9,0.3518123978600721,-0.02432008419588656,1.1673894298879968,0.0007245359833438613,-0.11637033577086912,0.010670330368145875,0.9931483091915421
1721049644.1651783,9,0.3518057767238692,-0.02432102158889162,1.167415505078107,0.0006060743369133053,-0.11597643002881265,0.010231161586236041,0.9931990856239581
1721049644.1813755,9,0.35170993703058573,-0.024315773664572084,1.167052503388309,0.0007869220372211901,-0.11646206383501645,0.011340599861843194,0.9931300817293622
1721049644.1995585,9,0.3518204959276219,-0.024320246099873405,1.1672899566115198,0.000684853396636056,-0.11547721931620962,0.01009394675937533,0.9932586043088879
1721049644.213903,9,0.35175990394194356,-0.024315120924920563,1.166948391443994,0.0006042594282916086,-0.11730004210305799,0.010665514593618355,0.9930390635778722
1721049644.2429547,9,0.3519907127530967,-0.02431951933547319,1.1675252853970828,0.00037643232073409163,-0.11548019431369003,0.010474372782502435,0.9932544842762069
1721049644.2620595,9,0.3520089065078032,-0.02432046120590122,1.1674582032315814,0.0003188339548752519,-0.11553619980426492,0.009540299069526699,0.9932574024759957
1721049644.2733552,9,0.35188047146538487,-0.024313124367648813,1.1669623016430095,0.0005175776177920676,-0.1164269806676959,0.009937200110394576,0.993149405849885
1721049644.2829216,9,0.3519566835774505,-0.024316902890491997,1.1672403013491897,0.0002490556131153056,-0.11583532746723813,0.009172421557163636,0.993226047566533
1721049644.2975996,9,0.3519432584846588,-0.024320337717260665,1.1672854701839925,0.0003107448745473649,-0.11623012650894954,0.009384292147150418,0.9931779277602948
1721049644.31426,9,0.3519135495730265,-0.024321100900950368,1.1673365037564554,0.0002055301020132569,-0.11575578527797935,0.009149739648098603,0.9932355401396123
1721049644.330951,9,0.3518690417870379,-0.024320399214528696,1.1673751781062416,0.0004243454184492069,-0.11569952907975667,0.009378548766438313,0.9932398913277316
1721049644.3479383,9,0.3517830799739899,-0.02431942932035183,1.1672260581712683,0.0006634426863757295,-0.11765996193999341,0.009715567137792817,0.9930061938151606
1721049644.365766,9,0.3517086771441661,-0.024315144770067083,1.167063376967882,0.0007786212113899726,-0.11670595283168889,0.010438205001326407,0.9931113523663936
1721049644.3821723,9,0.3517892905316142,-0.02432209709134256,1.1673748065595395,0.0006180205133250927,-0.11622153860893161,0.010139700497778589,0.9931713641098564
1721049644.3977354,9,0.3517234808886421,-0.024317114738812023,1.167048557156035,0.0008386657743519073,-0.11728310661499258,0.010373219031709619,0.993043989896407
1721049644.4147975,9,0.35184689672375974,-0.024319519964983223,1.1673256682805917,0.0004437406050684134,-0.11520046521771686,0.0104724312077334,0.9932869595904782
1721049644.431974,9,0.3519377953523428,-0.02432617978326746,1.1674394895404905,0.00039642841932354257,-0.11557879372707983,0.010258449512929434,0.9932452615032664
1721049644.4510567,9,0.3519237936719844,-0.02431763741023483,1.1672457568836208,0.000305839570134114,-0.11764707758886322,0.009039497349969677,0.993014279396131
1721049644.4642396,9,0.3519620626998851,-0.02431808382889664,1.1672754610887839,0.0003354040300692704,-0.11587522142534658,0.009672564108056511,0.9932166239382721
1721049644.4835498,9,0.3519399975991863,-0.0243154223594303,1.167173663888731,0.0004479529290592579,-0.1164496088686417,0.009917305648069611,0.9931469855873282
1721049644.4997506,9,0.3520061048249683,-0.024319494997716337,1.1674438957172664,0.00027989445801105355,-0.11650833240871798,0.009447474853592847,0.9931447403864769
1721049644.5146277,9,0.3519707204467138,-0.024318745005667622,1.1674460389878278,0.00024725047549119055,-0.11626751526354366,0.007819149014544982,0.9931871247002411
1721049644.5336227,9,0.35190441558379415,-0.024323761885529413,1.167396513804405,0.00040278456375074015,-0.1156370470399077,0.008591868427957236,0.9932542931764262
1721049644.549357,9,0.35183068463478423,-0.024320052137476088,1.167321017214054,0.0006159821138092434,-0.1156801843688609,0.008909335976719905,0.9932463638206162
1721049644.5656452,9,0.3517358563715255,-0.024314083270373786,1.167114802471629,0.0006165885399620566,-0.1164916372525047,0.009335156860237366,0.9931476089258827
1721049644.5814056,9,0.3517203994981617,-0.024317000386599567,1.1671369257586237,0.0006813873278246376,-0.11667956159220984,0.009981680864328159,0.9931192182538217
1721049644.5991354,9,0.3517598161555605,-0.024322493398632843,1.1672468090630292,0.0006594388114751593,-0.11626169571106104,0.009697102315194887,0.9931710575009378
1721049644.6149447,9,0.3517515020714926,-0.02431794831714234,1.1670847062631382,0.0009056592718036882,-0.11619795865329158,0.011226453481663528,0.9931622127972425
1721049644.6322389,9,0.35191871568520244,-0.02432224012283922,1.1674738223284982,0.0004820421504869133,-0.11633180293183788,0.010929834166752875,0.9931501487625527
1721049644.649626,9,0.35194528100066896,-0.024318907410259414,1.1673952813339017,0.00031489201204679373,-0.11651823316670908,0.01020492465348931,0.9931360741084505
1721049644.6651793,9,0.3519722257867798,-0.024316558101486627,1.1673548005772485,0.00037247099592169653,-0.11637634419326709,0.00977889647104619,0.9931569769987904
1721049644.6840959,9,0.3520802005490305,-0.024325611086447395,1.1676429415609786,0.0004346114886534679,-0.11561383491473275,0.009803017573820488,0.9932457667343014
1721049644.6983476,9,0.3519499629056563,-0.024317497360913938,1.1672199389731617,0.0003567856879252871,-0.11703765417941207,0.009334502568297482,0.9930835449598163
1721049644.7161777,9,0.3520290864577618,-0.02431952769373059,1.1675654900440795,0.00023143938893806332,-0.11583883717525549,0.008839697598320904,0.9932286594657164
1721049644.7331963,9,0.35196794767078565,-0.024323630093868173,1.1675068807491482,0.00023457549162969268,-0.11571163639828141,0.008224930257005486,0.993248766774285
1721049644.748546,9,0.35188912065902744,-0.02432504534866035,1.1674319940212299,0.0005334371783526796,-0.11548446599982351,0.010183332086297885,0.9932569422385794
1721049644.7670522,9,0.3518402147177221,-0.024326354060776784,1.1674015515484797,0.0006811282773376601,-0.11606618404700361,0.0103368853069081,0.9931874575261151
1721049644.7856216,9,0.3518782699259545,-0.02432432075489195,1.1676281288161015,0.0005968924839246254,-0.11604612141243409,0.009504776909275203,0.9931981678599686
1721049644.7980251,9,0.3517931590289098,-0.024322303280347818,1.167369186114144,0.0008162365118481454,-0.11587079108359107,0.010500456256555348,0.993208454429393
1721049644.816403,9,0.35182926965198313,-0.024321807161831313,1.1674129775772222,0.0007216729233925364,-0.11482241940334759,0.010984730766489103,0.9933250358671835
1721049644.8321102,9,0.3518263057579515,-0.024318450660225303,1.167262701527612,0.0006828070129434409,-0.11567726876113699,0.010602687234046126,0.9932300268769385
1721049644.8481767,9,0.35194065187369417,-0.024321359092977612,1.1674636038803294,0.0002290864071403293,-0.11615696142363248,0.009820223351222783,0.9931822949718642
1721049644.8641622,9,0.3519773574997756,-0.024321463910853575,1.1674299688918501,0.0003241089807576421,-0.11623782982480231,0.009924411543353575,0.9931717716117927
1721049644.8816,9,0.35207542752188,-0.024326283952333844,1.1676462351394044,0.0003356336011113987,-0.11544631394852586,0.00975299048690984,0.993265782719986
1721049644.8991647,9,0.3521083610384,-0.024330338517038124,1.167739805934053,0.00044010246772685583,-0.11535820355157991,0.010089495408237175,0.993272617797137
1721049644.9162655,9,0.352035403814448,-0.024325549373738115,1.1675247766151098,0.0003659458231306066,-0.1160506668581439,0.009349836611190359,0.993199219371813
1721049644.9322324,9,0.35198639322567243,-0.024325266564067784,1.1674956307822428,0.00020591378617865628,-0.11632789670886212,0.008372424567469706,0.9931755537434794
1721049644.9496965,9,0.35188805592355454,-0.024322157912984275,1.1673215023501473,0.0003555488094175443,-0.11588334784165644,0.009118079170665252,0.9932209139513181
1721049644.9670677,9,0.3518534710423963,-0.02432256686967607,1.1673735955711,0.000593417080532245,-0.11541425974647583,0.00994383772192302,0.9932674949854654
1721049644.981594,9,0.3517520329582946,-0.024317647568751405,1.1671680458217917,0.000743036062460562,-0.11675132027104466,0.010397183966045007,0.9931064775128365
1721049644.9982533,9,0.35177365572368996,-0.024318821983702003,1.1673106960024122,0.0006159424009669163,-0.11608042287836076,0.010430351411852647,0.9931848588297976
1721049645.015601,9,0.3517625054943714,-0.024320114476993136,1.1672419965258356,0.00079420729997197,-0.11685235799896079,0.010333076642183192,0.9930952236276006
1721049645.0319073,9,0.3517431962606017,-0.02431711743731029,1.1670704650139059,0.0008459623836677162,-0.11683851950094258,0.011511336435510866,0.9930838503580358
1721049645.0499942,9,0.35201854236422725,-0.024328837444896674,1.1678128164120658,0.00041848133156863416,-0.11486729772988366,0.010152383118415147,0.9933288770103416
1721049645.0654607,9,0.3519594264167104,-0.024327650707369995,1.1674625495966233,0.0002841612481045959,-0.11671141569602562,0.00950964453703767,0.9931203005474181
1721049645.0815978,9,0.35198318200382567,-0.024329514770941564,1.1673932385748995,0.0003025194907317025,-0.116834903395106,0.009833111132793627,0.9931026249869971
1721049645.1010728,9,0.3519215571534395,-0.024319483314674324,1.1671225548967454,0.00034589127577480693,-0.11657703238285924,0.01006626618119646,0.9931305786074661
1721049645.1156821,9,0.3520098126887094,-0.024319978206244375,1.167413285700863,0.00044687284757973823,-0.11634157003314245,0.009893375736695478,0.9931598866765684
1721049645.131899,9,0.3519814957707534,-0.024314478401852718,1.167406718926553,0.000299152187664178,-0.11710274524082022,0.00937917178651675,0.9930754697915114
1721049645.1494982,9,0.3520472807514201,-0.024333096316187013,1.1677690876560634,0.00027715463603885185,-0.11505265734519493,0.009357918715591378,0.9933152765262544
1721049645.165616,9,0.35191466711992575,-0.02432856107323816,1.1675035736209565,0.0005274372833860271,-0.11530517127033403,0.010072999250038359,0.9932789003972348
1721049645.1812985,9,0.3517668973873849,-0.024317573281931786,1.1671546586289823,0.0006233560757898039,-0.11683281276970672,0.009622350230518968,0.9931047858426435
1721049645.1989727,9,0.35171169203287,-0.024310543558241283,1.1670451831601407,0.0006720807999467753,-0.11661440269581838,0.010137986808561419,0.9931252945196619
1721049645.2170713,9,0.3517501997337534,-0.024321215997075728,1.167212437059714,0.0008087451788753617,-0.11696622238777796,0.010162278905092593,0.993083569916965
1721049645.2341478,9,0.3516801840466377,-0.024319697236883334,1.166906979414293,0.0008280062100935239,-0.1177008489988922,0.011224836773511456,0.9929853108631889
1721049645.249157,9,0.35184880385400485,-0.024326092351924077,1.167324849850503,0.000808226975933997,-0.11532629034273031,0.011257525252833618,0.9932635408843523
1721049645.2652082,9,0.3518436070885578,-0.024313245926152638,1.1671411241262146,0.0004040860143109104,-0.11634055080751514,0.009985873088225334,0.9931590986800468
1721049645.2838347,9,0.351920214967743,-0.024319189608191953,1.1672535750874762,0.0003222650130933288,-0.11699835177313754,0.009378880274349712,0.9930877697527193
1721049645.2984517,9,0.35190593971368683,-0.024316258933922162,1.1671057491925847,0.0004084652480937731,-0.1175651744187993,0.009743245421443038,0.9930172869032422
1721049645.3167772,9,0.3519590697310991,-0.02432184722982823,1.1672438602950932,0.00042763486722125177,-0.11700549078942989,0.009776273965830432,0.9930830563054079
1721049645.3327045,9,0.35192946460331315,-0.02431242672439181,1.1671595440271059,0.0003267209958179058,-0.11698294661699568,0.009891867172625092,0.9930846058710382
1721049645.3498132,9,0.3519895648936769,-0.024320253361403345,1.1674949098059821,0.0002692947715395662,-0.11605149172005638,0.008557400153770411,0.993206297630298
1721049645.3671212,9,0.3519334489575117,-0.024325474237534783,1.167473783906546,0.00027569870017284223,-0.1155275342698473,0.00852537151253869,0.9932676531813212
1721049645.382049,9,0.3518268286972619,-0.024325551726235746,1.1672815466815858,0.0005667469042532421,-0.11469664231906983,0.009739284706773288,0.9933526591156225
1721049645.3997512,9,0.35181874958175274,-0.024320314394171615,1.1673670277340078,0.0007868632902615019,-0.1151699926274971,0.010476576445692456,0.9932902370356422
1721049645.4155765,9,0.35170621294327015,-0.024313151803600892,1.1670719277480803,0.0006399015682565314,-0.11680528484631172,0.009842920043177137,0.9931058518018
1721049645.433162,9,0.3518605574869879,-0.024327316427873346,1.1675676395494001,0.0008230105442282614,-0.11500902514184778,0.01130228723878918,0.9932998062482131
1721049645.451289,9,0.35171162755140756,-0.024317974040007566,1.1669589069366557,0.0007976300250089053,-0.1167437522681603,0.01040318897802582,0.993107261957026
1721049645.4688623,9,0.35199124794877895,-0.024329613924492816,1.1677262815982794,0.0005678462795608233,-0.11495782552138324,0.010736926066758542,0.9933121837169999
1721049645.4822533,9,0.3518566152092311,-0.024312263377055575,1.1671046176428945,0.00033795480628889856,-0.11701175048546686,0.010192825089750527,0.9930781652778222
1721049645.5002825,9,0.351936163207616,-0.024318667597886125,1.1672512664726709,0.00042511772253494683,-0.11640521016467884,0.01056083272264986,0.9931455659336366
1721049645.5165093,9,0.3518669867782758,-0.024316852869813978,1.1669472966009227,0.00046876531638348766,-0.11722849843330006,0.01007276984327845,0.9930537743354266
1721049645.5328627,9,0.3520069281957795,-0.024324446446659584,1.1674031055508307,0.0005363613041438301,-0.11602659664824046,0.010275933975580081,0.9931928042267057
1721049645.5515885,9,0.3519524039682499,-0.02431865839079731,1.1672954883171205,0.000375885248455446,-0.11669563769041129,0.009507688344476128,0.9931221428991767
1721049645.5655715,9,0.3519757142436561,-0.02432369699389994,1.1675117382393885,0.0002991011355271261,-0.1158197122556943,0.008722057173332973,0.9932319117457836
1721049645.5820599,9,0.351895286751321,-0.02432244847448815,1.1674158709607134,0.0003150279886481472,-0.11484942180028349,0.00959381766385923,0.9933365339763456
1721049645.5994158,9,0.35177574558069896,-0.024318571190775698,1.1671733936629067,0.0005321540714967093,-0.11539854883856214,0.009918339406857622,0.9932696100663749
1721049645.6156034,9,0.35171812507810907,-0.024316586457857788,1.167046831441919,0.0007317471393207958,-0.11627338944700255,0.010931377565978928,0.9931568196599869
1721049645.6334953,9,0.3517998421987771,-0.02432053972527971,1.1673768642513598,0.0006946400471036014,-0.1155734646157555,0.01003903433433547,0.9932479597469857
1721049645.6493328,9,0.35171270313138797,-0.024316053779026993,1.167031758332739,0.0007136411962701621,-0.1167851027784763,0.011821722164756859,0.9930865910736701
1721049645.6657557,9,0.35176472545106313,-0.02432057373744846,1.1670659552943383,0.0005688490896546018,-0.11571642959865003,0.009876588662551974,0.9932330226729499
1721049645.6859508,9,0.35181945177093066,-0.024319734372413186,1.1670798144526227,0.0004719237560790524,-0.1156734506665287,0.009649911926036484,0.9932403079309087
1721049645.6991096,9,0.3519400340343156,-0.02432112221428436,1.1673447280448304,0.0003211327649843777,-0.11671243922568107,0.00975909284972977,0.9931177490662874
1721049645.7151685,9,0.35181694753532644,-0.024312553971737295,1.166827428823519,0.00046501346942178894,-0.11632573574600057,0.010523843793660415,0.9931552525549223
1721049645.7337763,9,0.3518824615336038,-0.02431521669331929,1.1669870472943433,0.000476543962732366,-0.11554316347320466,0.01032067573757796,0.9932487271236624
1721049645.748691,9,0.3519506073973894,-0.02431518669154281,1.167258923742669,0.0003570596960712113,-0.11558670748854759,0.009936241161412286,0.9932476310930285
1721049645.7667432,9,0.35183436093346154,-0.024313837658740133,1.1669648118979958,0.0001780791909191465,-0.11739822064130903,0.008709488590618512,0.9930467113316203
1721049645.7864115,9,0.35186303600598023,-0.02431900335329036,1.1671995815883227,0.00034443660308974177,-0.11567353506182743,0.009331257209694039,0.9932433952907078
1721049645.7992039,9,0.35171653918608764,-0.024315612536367763,1.1668953708851901,0.0006608068480857788,-0.1163280675198766,0.009180547101507437,0.9931681940116273
1721049645.8161333,9,0.35188499171934357,-0.024328635029829956,1.16757025905774,0.0006471125447491427,-0.11400825229218739,0.010786111892908852,0.9934210383542664
1721049645.832614,9,0.3516784925491117,-0.0243103785866811,1.1669576302268962,0.0007889843380377835,-0.11723213116528655,0.010164351177902646,0.9930522095495742
1721049645.85023,9,0.3517594650905685,-0.02432299985719113,1.1672239335080623,0.000882279246096812,-0.11585789174190593,0.01094038138938199,0.9932051543158179
1721049645.868041,9,0.3516919107394381,-0.02431671958633546,1.1669015105495228,0.0007588890050189892,-0.11682385739097653,0.01135086108368451,0.9930874928144194
1721049645.8825443,9,0.3518928272350316,-0.024323490438137446,1.1674090282972958,0.0005402641233360694,-0.11512530274233863,0.011279051319240736,0.9932867943270463
1721049645.8999496,9,0.3518606582777284,-0.02431686233904126,1.1671281368150919,0.00034657579683308645,-0.116465612959234,0.010000376527215388,0.9931443164780036
1721049645.9165168,9,0.3518698495066079,-0.02431626475055198,1.1670557806447168,0.0004315297117883917,-0.11636828202775044,0.01008248790732769,0.9931548621225273
1721049645.9331398,9,0.3519175703956678,-0.02431680642420008,1.1671134449192193,0.0004613593945683688,-0.11700066555190405,0.00990580493887291,0.9930823261122078
1721049645.9522717,9,0.351933963957004,-0.024316021192676056,1.1671621252537063,0.00030459639215862667,-0.11631820567246604,0.009570809919189415,0.9931658380389784
1721049645.9668393,9,0.35203696036089216,-0.02432585492064682,1.16757740154476,0.0002779745086025925,-0.11577425607922547,0.009336200557389275,0.9932316344733623
1721049645.9827552,9,0.35185017958435316,-0.024320036445049598,1.1670952085630864,0.0001689179161666541,-0.11660521827299887,0.008583594421046557,0.993141236906946
1721049646.0027387,9,0.35177671778190484,-0.024322280024511693,1.1670042307872392,0.0003854126812233604,-0.11662188496652373,0.0082467766553538,0.9931420734611524
1721049646.0168855,9,0.3516043442210887,-0.024307892681818384,1.1665900859534988,0.0008720895350081565,-0.11675747938786203,0.011309456828036895,0.9930956784988497
1721049646.033487,9,0.3516855631846254,-0.024314068895339408,1.1669649843289336,0.0006806679209301621,-0.11625000498846207,0.010362480270239208,0.9931656921350097
1721049646.0515246,9,0.3518298948534272,-0.02432455494575679,1.1674628919663452,0.0006774091099059589,-0.11616526838971422,0.01059213629570842,0.9931731864008093
1721049646.0654838,9,0.3517837964470944,-0.0243220321733161,1.1672694518645517,0.0008524888876231131,-0.11604609931208497,0.010742378668926066,0.9931853691016997
1721049646.0849812,9,0.3519139589538776,-0.024326955635669504,1.167586954828144,0.0005493150209394902,-0.11518079762370075,0.010687361565265296,0.993286898340328
1721049646.1031437,9,0.35186897514759813,-0.024319161299758335,1.167260071772457,0.0003617256344175883,-0.1157638871032917,0.01059030875654423,0.993220235878097
1721049646.1158772,9,0.351887754888657,-0.024317299324620168,1.167183014832297,0.00035430700671078643,-0.11636101485051939,0.00926566269619466,0.9931637005973902
1721049646.1328428,9,0.35196225000560444,-0.024323005190045717,1.1673129886554106,0.0004688343941806139,-0.11650413675744475,0.010742728097320185,0.99313199530865
1721049646.1494582,9,0.3519455098620039,-0.024318193677249966,1.167209158740477,0.0002480263502618846,-0.1162805817650998,0.010676699687561582,0.9931589867040831
1721049646.166801,9,0.35197198258422635,-0.02431816959572064,1.1673353455983269,0.0003295112131756541,-0.11618210190854744,0.008855117072937535,0.9931883998114844
1721049646.185142,9,0.35203742541868827,-0.024326802067180617,1.167636896834053,0.00025280554455758944,-0.11505510061728133,0.009303337404385329,0.9933155127271718
1721049646.199474,9,0.3518461073942394,-0.024318567158638366,1.1671335737002813,0.0001558458204684803,-0.11599774823901851,0.009032779480528216,0.9932083905255803
1721049646.2161376,9,0.3519428334710569,-0.0243287398620332,1.1676144935035853,0.00042263030068533585,-0.11428785569537235,0.009248715929379408,0.9934045342547215
1721049646.2356772,9,0.3517248068859169,-0.02431511035611069,1.1670340692166208,0.0005246266829527494,-0.11592606381660278,0.010460757286225211,0.9932026203407999
1721049646.249777,9,0.351671346908392,-0.024313917762450336,1.1669344462655795,0.0005830625517018631,-0.11675110286886002,0.010610438528397778,0.9931043543410736
1721049646.2688863,9,0.35164737243737315,-0.024312389324471523,1.1668307640078872,0.0007445957512465766,-0.11757246614531083,0.010736212927641504,0.9930059891630307
1721049646.2832355,9,0.35175012524754423,-0.024319736756065392,1.1670902892990085,0.0006664448151846693,-0.11638287933777954,0.00998348608486564,0.9931540219190322
1721049646.3000054,9,0.3517324901432536,-0.02431771970860112,1.1668888271300204,0.0006471826612192118,-0.11615563335955847,0.010486044962492771,0.9931754592490128
1721049646.3193345,9,0.35191326345644375,-0.02432243539972538,1.1673350010112653,0.0004956887455008614,-0.11567570032325059,0.009473026703794924,0.9932417371478417
1721049646.334518,9,0.3517372924210203,-0.02430654110260104,1.1666217223369109,0.00043336440322250307,-0.11683942930264646,0.010453576077233065,0.9930957067185032
1721049646.3503864,9,0.3519091149893147,-0.02432055066610512,1.1671121476241781,0.0003417037693062143,-0.1169134430719137,0.010126826914399867,0.9930904175573593
1721049646.3667595,9,0.35175170308306725,-0.02431091323440448,1.1665775038107602,0.00034136524542000327,-0.11710655158243827,0.009598536380402166,0.9930729112938248
1721049646.3828378,9,0.3521606034307135,-0.024335704795453342,1.1680817296085384,-5.065439749861265e-05,-0.11584921421232784,0.005001514801634854,0.9932542181386432
1721049646.3997118,9,0.3514692954635225,-0.024337542917242747,1.1675556284076256,0.0006067455220609811,-0.12090040397214445,0.0053437015548244505,0.9926500738089615
1721049646.4166362,9,0.3512521117446084,-0.02434133555942115,1.1681491945306026,-0.00035000431970945634,-0.12342483602358005,-0.002147459522169693,0.9923515384011501
1721049646.4327893,9,0.35039389023082107,-0.024337379256670896,1.1669753046052118,0.0018943225624961555,-0.11678106853616849,0.010337700610200692,0.9931020720548688
1721049646.4525251,9,0.35049226335931705,-0.024338807254995078,1.1674519254858062,0.001188597644114635,-0.11634113300444292,0.005714918627304844,0.9931921605167684
1721049646.4693913,9,0.3500878095259677,-0.02431178636743983,1.1659749668918304,0.0026640305227806182,-0.12288559941546122,0.01757483363975765,0.9922616376844422
1721049646.483535,9,0.3507565997976042,-0.024317644449364982,1.166550740970263,0.0016856041472156,-0.11934100579161531,0.014647230360956382,0.9927438449660907
1721049646.5020652,9,0.3510333723347957,-0.024287695330025037,1.1654451434958892,0.002549287842690316,-0.1342903334284544,0.021094059687836873,0.9907142111250123
1721049646.516542,9,0.35217332676921326,-0.024305147053045383,1.1666856077423395,0.001098941975025291,-0.12103002838911223,0.018605034200155152,0.9924738672917676
1721049646.5354815,9,0.3525266515432942,-0.024284402976826124,1.1659739196132255,0.0009669396390358945,-0.1280247013701322,0.019399362722933005,0.9915807610037454
1721049646.5528243,9,0.35328611824821404,-0.024304275556792956,1.167251860391401,-0.0008186186675836311,-0.11661851304914925,0.010458895322882135,0.9931213741463364
1721049646.5676713,9,0.3532449877365027,-0.02430704750079475,1.1672082795764787,-0.0006015458954335756,-0.11696645943612473,0.009715820233792891,0.9930881573892107
1721049646.584846,9,0.35309174110791797,-0.02431253755479199,1.16771377567587,-0.00178121069302091,-0.125165196928989,-0.0010425960783589582,0.9921337680774763
1721049646.602936,9,0.35251307210494426,-0.024324862223061565,1.1679310994067882,-0.0009413434413153312,-0.12066419608849858,0.00034851797035480753,0.9926928750575709
1721049646.6162198,9,0.35178461921134124,-0.02433103904278779,1.167792343251776,-0.0010753647804911004,-0.13197976224887598,-0.004739564459645356,0.991240496789781
1721049646.6344213,9,0.35108602560487434,-0.024344525515236273,1.1677179873513504,0.0003460971705524267,-0.1201376786915159,0.0028557378086030293,0.9927530725900229
1721049646.6581397,9,0.3508340395041668,-0.024354485989861924,1.1682402754996275,0.0005016443711864383,-0.11884198680023633,0.003118816161263626,0.9929081546205819
1721049646.6707428,9,0.35033727675085313,-0.02432870015168844,1.1670027595284183,0.002192841998335246,-0.11843658910610656,0.013464836506227006,0.9928678985558664
1721049646.683365,9,0.35059791895832915,-0.024327561408103365,1.1669725026417446,0.0020495351115205093,-0.11875831610863316,0.014860564999128651,0.9928098636540511
1721049646.700572,9,0.35085266582451075,-0.024305472980373197,1.1660365155274979,0.0028840834560243576,-0.13143113980978746,0.021530963407387776,0.9910872591077278
1721049646.717459,9,0.3517746633040806,-0.02430765126558839,1.1667214925586316,0.0014933475617637988,-0.12458530132181402,0.018534380515497405,0.9920346512831693
1721049646.7358615,9,0.3521783295702501,-0.024283449016652178,1.1658185656251407,0.0015460701282049346,-0.13126061118462118,0.02143993104425085,0.9911148222962949
1721049646.750778,9,0.352971603958229,-0.024298252334375325,1.1667898193364536,-0.00017996991944902208,-0.11872804852282456,0.0134014492787498,0.9928363506953294
1721049646.767843,9,0.3531943028624308,-0.02429941060104908,1.1669243912787535,-0.0004841909770595777,-0.11791368135147438,0.01251325176168877,0.9929448866073027
1721049646.785088,9,0.35333179583771335,-0.024322921945724447,1.1678699862183692,-0.001442429079805784,-0.11995044584982478,0.0016085364771028592,0.992777529232597
1721049646.8005269,9,0.35285088179597035,-0.024324851963894247,1.1678550668085232,-0.0009159347274033465,-0.11949131119604871,0.002936253646747683,0.9928304820193355
1721049646.816889,9,0.35223587318121136,-0.024330172744665757,1.1680055732582881,-0.0012707538804651835,-0.12979253314798325,-0.0040021706050105575,0.9915322819525612
1721049646.834522,9,0.3513996912819811,-0.024333469514671364,1.1675883216035436,-0.000128101278410631,-0.1221145671094677,-3.3381640019837175e-05,0.992516002377491
1721049646.8503468,9,0.3508852249441396,-0.024343804044022865,1.167736152746766,6.95790102633832e-05,-0.1236106903023015,-0.0009218116149967778,0.9923303596409294
1721049646.868139,9,0.3504420640565459,-0.024338566997388685,1.1672171998941299,0.0018776497627671085,-0.11573126329813542,0.010601321468029697,0.9932222113454356
1721049646.8838892,9,0.3503925757754779,-0.024327810844419283,1.1668818865147543,0.0017970657274266055,-0.1163162907056138,0.012149670449563195,0.9931362829839747
1721049646.901026,9,0.3505729648942389,-0.024309740202046695,1.1661235839256083,0.002626399569233177,-0.12659939951269714,0.019774716781881762,0.9917533234854943
1721049646.9190269,9,0.35130820589906037,-0.024311843826641935,1.1665167389818514,0.001959090511983484,-0.12523421415299255,0.018942609515405162,0.9919444193676352
1721049646.9336307,9,0.35192680139201205,-0.02429695660939918,1.1661851033109214,0.001845224571342913,-0.1296039648243642,0.021574406666001973,0.9913293864428191
1721049646.951334,9,0.3526306785956538,-0.024297186964008417,1.1665399876708047,0.00045638622774736077,-0.12089510240705133,0.0167152030566736,0.9925244419722739
1721049646.9685,9,0.3530702094669682,-0.024296058694656973,1.1667112619447901,-3.197450064307e-05,-0.11972466299331742,0.01557512201659069,0.9926849548688327
1721049646.9835765,9,0.3533118699644219,-0.024310260500085036,1.1674548600672205,-0.0009769016135843605,-0.11779753010216423,0.006476689492437131,0.9930160321255069
1721049647.0017176,9,0.35296929163377755,-0.02430798497820496,1.167251459011762,-0.0012960939951069817,-0.11938703533014564,0.002724261567781894,0.9928432073264866
1721049647.0178962,9,0.35257184794141316,-0.02432599152288912,1.1679050706825582,-0.0015852339747194897,-0.1280774437123675,-0.0033726333793128367,0.9917571682571493
1721049647.0346196,9,0.35199650021990053,-0.024338494220454424,1.1682294750422637,-0.0008278177660513503,-0.12276187833365676,-0.0017055962773599963,0.9924343438671787
1721049647.0551453,9,0.35129908038198754,-0.024350127879616795,1.1681791277968607,-0.00039587784208561087,-0.12424049270905711,-0.002486143372247388,0.9922489417194043
1721049647.0677927,9,0.3507472807479375,-0.024345996379251222,1.1677732457888292,0.0010255312989474732,-0.11639060608970485,0.005675632815763643,0.9931867711018741
1721049647.0844831,9,0.35044155012380523,-0.024342589168067804,1.1672559237664077,0.001759892773191776,-0.11672001026782244,0.010192074175513838,0.9931110026600788
1721049647.1044042,9,0.350554414727971,-0.024329502763070762,1.1668388187316652,0.002543361229710135,-0.12123990104502498,0.01787408747675209,0.9924590342704938
1721049647.118295,9,0.3508852872190894,-0.024314821100665775,1.16633603355604,0.0023585307404561896,-0.12395229387593386,0.019176679897989598,0.9921000560042975
1721049647.1352017,9,0.35146694034062054,-0.024294102334093272,1.1659073155684936,0.0021445046925812703,-0.1314982235011216,0.02173586660078515,0.9910757642172395
1721049647.1525972,9,0.3522827697488702,-0.02430209069479515,1.1664738938098198,0.001436110250032008,-0.1232784969988155,0.020466534374901736,0.9921600025881632
1721049647.1670523,9,0.35283199490762246,-0.024292735446370766,1.1664945293407865,0.0004630640573351251,-0.12165039063981005,0.01779253758721404,0.9924134187096968
1721049647.1845696,9,0.353256637592521,-0.024309879688274895,1.1672752496358254,-0.0006322916677334962,-0.11738826972549173,0.009546131918573742,0.9930400121362155
1721049647.201814,9,0.3532507989697802,-0.02431076771714471,1.1675743088600194,-0.0011627259768025755,-0.11720706509642785,0.005091085847783694,0.9930937683847759
1721049647.2181313,9,0.35286555215623505,-0.024321873760388527,1.1678088124900947,-0.0014575564872271304,-0.12462252908147836,-0.0015251048520761392,0.9922019828792991
1721049647.2347522,9,0.3522227452473422,-0.024323395253129376,1.1676903647574584,-0.0013395118582564466,-0.12487251063220373,-0.003367601770767637,0.9921661761291327
1721049647.2513015,9,0.3515587752044655,-0.024333132381738058,1.1679083816858702,-0.000638158352370053,-0.12650275181046727,-0.004899977133265482,0.9919539489121408
1721049647.2674224,9,0.351036032767543,-0.02434548619860208,1.167970620583527,0.00026959818335556664,-0.11878438276182318,0.00041637264378285036,0.9929199486174773
1721049647.2869854,9,0.35060729801824253,-0.02434473658816315,1.1676748266739387,0.0012397651132783527,-0.11588827204620718,0.006600010885523552,0.9932395538040756
1721049647.3005385,9,0.3504188874400054,-0.024321533389385655,1.1668675450139658,0.00205787790834344,-0.11776839242686755,0.01442698524319303,0.9929341533961346
1721049647.3182988,9,0.35068698848975033,-0.024315228651890557,1.1666418475646998,0.0024575349410266203,-0.12201840074582991,0.01865883037571101,0.9923493933340485
1721049647.334874,9,0.3511329988167767,-0.024298719662988397,1.1660807232628718,0.002480378022409227,-0.1286982781822718,0.021491421191907216,0.9914477897160983
1721049647.3509583,9,0.35187164614763833,-0.024297143928466623,1.1663148986279248,0.001844101410503997,-0.12665615570278754,0.020705238100750128,0.9917288493473254
1721049647.3670187,9,0.3525128802512856,-0.024292269279732635,1.1663106028197319,0.0010117638799764161,-0.12489089098808089,0.020246137121772007,0.9919633741291565
1721049647.3856943,9,0.35305952680926794,-0.024300913307654708,1.1669524735572896,5.5934369043454016e-05,-0.11829208689741981,0.014786034257527237,0.9928687487476554
1721049647.402495,9,0.35319701914838647,-0.024298416148889862,1.167063775324582,-0.0009875502057979833,-0.11663298857720847,0.008671379720983962,0.9931367367557572
1721049647.419498,9,0.3531144818711503,-0.024320627146471638,1.1677750988702207,-0.0016939285312918308,-0.11989220517347707,-0.000339552255252083,0.9927854120851282
1721049647.4345555,9,0.3525653602280776,-0.024320328188935154,1.1676447166335158,-0.0017090984512861788,-0.1242856783376525,-0.00311075618018953,0.9922401283654179
1721049647.4522731,9,0.3519050073316689,-0.02432855958673898,1.1677868516658136,-0.0012834128930672558,-0.12592928543523677,-0.005461362742976939,0.9920233573047089
1721049647.469643,9,0.35122739517156193,-0.024329711746577998,1.1676009308872655,-0.0005186923888687378,-0.12244469679038687,-0.002370240008266775,0.9924723719824242
1721049647.4844809,9,0.3507595858212667,-0.02433997549125365,1.167700384049048,0.0007156047798989848,-0.11922809526583834,0.0020421382129063442,0.9928645319884272
1721049647.5014255,9,0.3505589801767066,-0.02433867917155578,1.1674743238064689,0.001570052243511703,-0.11515790434770072,0.0107565114491509,0.99328771736272
1721049647.5192695,9,0.35046365821710684,-0.0243202574763876,1.1666466844376315,0.002364422108095236,-0.12021330197757236,0.016188009002820827,0.9926132781200684
1721049647.5346859,9,0.3508768536124534,-0.024308298626178122,1.1663541530710735,0.0024362683855716607,-0.1255758949753749,0.02009015761672163,0.9918775855741586
1721049647.5514324,9,0.351426267304273,-0.024298364605846598,1.1661165165138683,0.0024538686324706975,-0.1266661408956025,0.022794853196440593,0.9916804232952784
1721049647.5720353,9,0.3521173970173557,-0.024290461114233948,1.1660786374225747,0.0016186909857820657,-0.12686135712313187,0.02240970065670516,0.9916659625220816
1721049647.5856352,9,0.35269400009038004,-0.02429395017950771,1.1663694847065167,0.0007794936624898757,-0.12061111072350489,0.01888966298775739,0.992519789723047
1721049647.6033545,9,0.3531606399325357,-0.024303343432325264,1.167000521328779,-0.0004030751488857064,-0.11727106052334586,0.011755011445988131,0.9930302893668748
1721049647.6209943,9,0.35316582879559694,-0.024308529327061824,1.1673871629238468,-0.0011711631184524707,-0.1175366769236204,0.004317989162030603,0.9930584640011377
1721049647.6339538,9,0.3529103048415866,-0.02431837629113988,1.1677584682028874,-0.0014510553360883055,-0.12159490049254902,-0.0016761224004802713,0.9925773346325804
1721049647.651853,9,0.3522978176609043,-0.024326694995919395,1.1678651562609175,-0.0014787632568325102,-0.12569069546678482,-0.005094415785952369,0.9920552954649786
1721049647.6683757,9,0.35180267510711327,-0.024341740779846605,1.1683748084352474,-0.000980056686763711,-0.12295236298050286,-0.0046762996821337055,0.9924010722221557
1721049647.685263,9,0.35101591883706806,-0.02434196004087702,1.1677977835622317,1.3230399623642597e-05,-0.12019226212001534,-0.0007877900159492518,0.9927503207445066
1721049647.7020295,9,0.350615435094096,-0.02433691077390817,1.167469658139687,0.0008659067540186495,-0.11748924076291384,0.0050331346478882455,0.9930610233344492
1721049647.718028,9,0.35053669414786165,-0.02433766655955631,1.167300214325182,0.0019174247345130318,-0.11664027606976327,0.011996072180582733,0.9930999263583676
1721049647.7351265,9,0.35064244119908233,-0.024314136457736148,1.1665050073930532,0.0024421574043051427,-0.12156708812378972,0.019229486347562115,0.9923939267282547
1721049647.7531679,9,0.3509901544545802,-0.024301089908939113,1.1658471183453318,0.002788659205599175,-0.1265943809388185,0.02238624126791341,0.9916980096261396
1721049647.7674577,9,0.3517216384781376,-0.02428994300154777,1.1659723497693604,0.0018994543160438999,-0.12730358999440758,0.02254191724429887,0.9916057936573324
1721049647.7850106,9,0.35240617587861445,-0.02429115521965318,1.1662724975960406,0.0013792414533772197,-0.12431918407671197,0.021428937847515244,0.9920098985323892
1721049647.8030427,9,0.3530086326058413,-0.02429879024656736,1.166876180644657,0.00011288406589221573,-0.11804946949352955,0.015852251240499493,0.9928811691940239
1721049647.8180022,9,0.35324569608584966,-0.024309391755939616,1.1673805468265377,-0.0005624051999378536,-0.11586950870365365,0.009372563840425521,0.9932200640846026
1721049647.8337073,9,0.353104295179051,-0.024314661388625647,1.1676149129612048,-0.001656847700399497,-0.11962479289981633,0.00048043602446366985,0.9928176735738543
1721049647.8514361,9,0.35258261341735664,-0.024317450233986362,1.167638146711736,-0.0015887767554845285,-0.1242510255967309,-0.002998802594541152,0.9922450128922699
1721049647.8690743,9,0.35205603876404057,-0.02432849323539517,1.167978107870481,-0.0013431443694680075,-0.1252749051930794,-0.005465523141423547,0.992106104279607
1721049647.8856916,9,0.3513220224841795,-0.024336342946337478,1.1677629712026532,-0.0004604929664119525,-0.12267652053148136,-0.003214926961919974,0.9924413954995762
1721049647.9017868,9,0.3508124792026772,-0.024336342280450122,1.167589712334719,0.000419284466765352,-0.1188298352455266,0.002002714401159842,0.9929125256492055
1721049647.9202049,9,0.35050761177401896,-0.024333408499453268,1.1672680325329936,0.0014557216933708292,-0.1157206133625195,0.00929731405717441,0.9932372226556332
1721049647.9377446,9,0.3505354003182738,-0.024323909999891924,1.1668196011890066,0.0023147357094853993,-0.11895438560074789,0.016792285194620674,0.9927550127311805
1721049647.9515088,9,0.350799316495549,-0.0243093157523398,1.1662860517955491,0.002658373883581428,-0.12426992724626269,0.020653906579801286,0.9920299059874639
1721049647.9693239,9,0.35130653058652134,-0.024290648661718754,1.165839905169784,0.0024154943500523376,-0.12734498147613918,0.022610874436414043,0.9915977861195068
1721049647.9853022,9,0.35195320489922277,-0.024288392002109246,1.1658312730995783,0.0020058382067970598,-0.1270712936706165,0.02290423279462964,0.9916270766059454
1721049648.0025058,9,0.3527020697053538,-0.024295860257716094,1.1665214583221752,0.0008028282230714898,-0.12139585794602895,0.018916454574954694,0.9924235833990975
1721049648.022524,9,0.35306084742169763,-0.024302951735708414,1.1668675256803256,3.5044221103573694e-05,-0.11765693383128732,0.013844007105384326,0.9929577977741997
1721049648.035592,9,0.3531842362557771,-0.024310086220938824,1.1674321792482574,-0.001291935545057198,-0.11663922552518313,0.003879948030781936,0.9931659317428843
1721049648.0519388,9,0.352911672648037,-0.024320648763807795,1.1677446961251612,-0.0014682043559967148,-0.12045084761305222,-0.0012582205245849473,0.9927174092189468
1721049648.0682456,9,0.352284987853885,-0.024320544241634923,1.1675670217996028,-0.0015844547141519246,-0.12610694879047207,-0.005878148189962693,0.9919979709373768
1721049648.0855289,9,0.35178858939619073,-0.024339802757383372,1.1681641780570076,-0.0009715462582204641,-0.12267392036099094,-0.005099730244293528,0.992433452737547
1721049648.1015825,9,0.3510745512863295,-0.024331958733265387,1.1676657228912934,-0.00026617168167390504,-0.12080819592439851,-0.001557411258802885,0.9926746110485041
1721049648.119606,9,0.35067932636600685,-0.02434202745159856,1.1675809897373732,0.0010060975202926205,-0.11648154589817968,0.005613462758102791,0.9931764829418854
1721049648.1344006,9,0.35048767842576545,-0.024330274977003602,1.167022412148486,0.0017216335128612576,-0.1171647221190944,0.011895630413233603,0.9930397564276441
1721049648.1526694,9,0.3505758355535032,-0.024314540215963576,1.1663820183387912,0.0025421009017817654,-0.12195085873141077,0.01915666998655344,0.9923479973137966
1721049648.1693437,9,0.3510699503335401,-0.024306929257853535,1.166240063099113,0.0026007006938779335,-0.12514209214423994,0.02239640146912446,0.9918826010828586
1721049648.185528,9,0.3517112663224007,-0.02430149933893135,1.1662135268847933,0.002095983553257207,-0.12634543335640322,0.022963626679044127,0.991718261489962
1721049648.2035992,9,0.3522949889205243,-0.024290192640162796,1.1660637423876188,0.0013241297614000381,-0.12377650970818581,0.02075231575959567,0.9920922153285189
1721049648.2190351,9,0.3528912990040022,-0.024297099963843487,1.16670359714644,0.00022662314124014243,-0.11877710704811172,0.016325346033254792,0.9927866994274892
1721049648.2344756,9,0.35319365978026507,-0.02430846613857524,1.1672653730077014,-0.000736263015015838,-0.11591390694288235,0.008474809231935547,0.9932228358744536
1721049648.251783,9,0.3531264021073405,-0.024319494767143117,1.1677332722009657,-0.001343391553087251,-0.11814990713158231,0.002670026757732376,0.9929912717144328
1721049648.2680252,9,0.35271276245373345,-0.02432307200077805,1.167893594544752,-0.0017312992471034928,-0.12281058440725959,-0.003994201833343685,0.9924205808588307
1721049648.2860994,9,0.35206903777745774,-0.024328525634119434,1.167877026857317,-0.0014908919211393044,-0.1244837164120957,-0.006509071955876216,0.9921991803926193
1721049648.3026948,9,0.35140737322929416,-0.024333318677105566,1.1677921845947443,-0.000577935520925989,-0.12358196397461262,-0.004097873655510375,0.992325738657531
1721049648.319276,9,0.35090655518217806,-0.02434433550529458,1.1677447902440838,0.0002972304151563684,-0.1181607098871295,0.0005103027763303383,0.9929943090894964
1721049648.3365717,9,0.35049867013130864,-0.024331231015128258,1.1670874086493221,0.001249439224430827,-0.1165267684923102,0.007331177976940493,0.9931597076783948
1721049648.3526015,9,0.3504715900896693,-0.024324643285456506,1.1666356619586284,0.0023381764869080664,-0.11951298633154885,0.01706590688613591,0.9926831991380658
1721049648.370494,9,0.3508536668629008,-0.024317724640508208,1.1665144825066327,0.0025364117434268944,-0.12150640037659313,0.021080503703765,0.9923635289784618
1721049648.3890576,9,0.35131115432574733,-0.024297146146595026,1.1660711933263064,0.002711332333807018,-0.12767431043548394,0.02418814220304012,0.9915174496238404
1721049648.4021342,9,0.3520665739392565,-0.024299125999379806,1.1664239096995228,0.0018449524837124416,-0.12429292374705583,0.02236834135654309,0.9919916948047997
1721049648.4190912,9,0.35268276512941277,-0.024297386479489876,1.1666981937352765,0.0006394785978750734,-0.1211982866592275,0.01877677577522351,0.9924505020752812
1721049648.43511,9,0.3529896067770701,-0.024295028163209085,1.1667363652619265,-5.24635842914699e-05,-0.11811035433594096,0.013639278946265538,0.9929067990078609
1721049648.4522274,9,0.3531180554565103,-0.024309450248676576,1.1672702690603125,-0.0010119405923343365,-0.11735182110866622,0.006377877253757732,0.9930694078162177
1721049648.4696696,9,0.35298552936488004,-0.024320768180201076,1.167875537207206,-0.0016339484796703662,-0.11968474642059578,-0.000862912321559729,0.9928102271174127
1721049648.4861724,9,0.35242332183318725,-0.024327289774893093,1.1678882000143676,-0.0016145928346693148,-0.12360544189226119,-0.005330669133285006,0.9923158125270344
1721049648.5026875,9,0.35182315015493487,-0.024335056672152865,1.1680282002767353,-0.0011598892461410105,-0.12456545308071393,-0.0060166911875097345,0.9921924722466338
1721049648.522243,9,0.35113652626828645,-0.024334733642393424,1.1676796747759342,-7.358377128889663e-05,-0.12062348508448906,-0.00188924656388401,0.9926965297506188
1721049648.534694,9,0.35071870182775106,-0.024333794795156745,1.1675263812395742,0.0008910651349236098,-0.11672479241110408,0.004345542111659174,0.9931543913728951
1721049648.5520246,9,0.35054461628197675,-0.024326834582149792,1.1671344260738667,0.0017628674582386952,-0.11657435258899346,0.011896188478818225,0.993109154784336
1721049648.568431,9,0.35059170934740547,-0.02431398306406915,1.1664606345583253,0.0024041905008299926,-0.12077625009405578,0.01790804382723795,0.9925152992511176
1721049648.5849333,9,0.3510219461961056,-0.02430453537611586,1.166210072495732,0.002644301299865778,-0.12510950737144513,0.022223301074104303,0.9918904897846736
1721049648.6018167,9,0.3516109686347571,-0.024295178386611632,1.1660621826104822,0.002120321946916444,-0.12602231747343062,0.022822685177883707,0.9917625748004099
1721049648.6199467,9,0.3521999183565117,-0.024286328613373716,1.1659979862741785,0.0014767549592465104,-0.12541623974483432,0.02185889603725242,0.9918622760580671
1721049648.635597,9,0.35280972395039845,-0.02429669287589019,1.166610677679895,0.0003592129996013315,-0.11921987860370557,0.016267050080667315,0.9927345438703198
1721049648.6522012,9,0.3530968590554472,-0.02430590026815229,1.1670626529689054,-0.0004270795042679603,-0.116663355343642,0.010408250297878695,0.9931168850889591
1721049648.6682873,9,0.35308736125105156,-0.02431508499460945,1.1675575776564069,-0.0013186461118641533,-0.11919393936834426,0.0018884679265163133,0.9928683194055381
1721049648.6861756,9,0.35271979408793375,-0.024318303037323706,1.16782793697198,-0.0014473322845945454,-0.12166510491588638,-0.0026748997284729886,0.9925665480896013
1721049648.7033067,9,0.35207701973167227,-0.024322620698340444,1.1677285523701313,-0.0014438014064310622,-0.12443229220678846,-0.005466429397216547,0.9922119925919602
1721049648.7180452,9,0.35150883249310055,-0.024338864763081926,1.1679163264512518,-0.0006863364851230507,-0.1220694380964388,-0.0036395136302550687,0.9925146523682077
1721049648.7370389,9,0.351079389190551,-0.024347897986059623,1.1681456023349677,0.00010211206236181356,-0.1176621669188115,-0.00096993063827325,0.9930532026450816
1721049648.7548203,9,0.35052629077339614,-0.02433107866092682,1.1670902807794683,0.0012551404020237286,-0.11744031966409776,0.007495401999498323,0.9930508621861378
1721049648.768208,9,0.35051475195431014,-0.02432617229437728,1.1667739169062028,0.0021317447906266736,-0.11851168609030069,0.015567033795303007,0.9928283353042446
1721049648.7851107,9,0.35081421257356643,-0.02431678686230696,1.1664676280081645,0.0025779273776629632,-0.12305026339426524,0.02037902758896857,0.9921878260710345
1721049648.801951,9,0.3512609645049851,-0.024304465051834524,1.1660578633561185,0.0023292109331761314,-0.12569788812845048,0.022005016411610366,0.9918217556341468
1721049648.8187325,9,0.35185014849161966,-0.024293828894346805,1.1659148926596847,0.001824172275273801,-0.1251733540654966,0.023436667498321618,0.9918563537347922
1721049648.837353,9,0.3524069447627137,-0.024285635205401224,1.1659869361979478,0.001100830589063312,-0.12209446594893797,0.01931961543599701,0.9923298252174338
1721049648.8523343,9,0.3530209390145464,-0.0243021374591499,1.1669872089190325,-9.755769778456287e-05,-0.11843813181220653,0.013243675263087324,0.9928731059308917
1721049648.8691816,9,0.3531286297266959,-0.024306683015727228,1.1673561826486585,-0.0007838006172772741,-0.11708326170030114,0.006560439853759344,0.9931001239125571
1721049648.888711,9,0.35297051588056844,-0.02432246113729737,1.1677880813455528,-0.0015017701229646093,-0.11965302651735532,0.00027950094033679684,0.9928145948821256
1721049648.9033499,9,0.3524621503401188,-0.024321595996415545,1.1678766042585906,-0.001596421359166722,-0.12353025609135665,-0.004606109383075198,0.9923288321041563
1721049648.9206889,9,0.35185673797515354,-0.024328239424677385,1.1679589835841762,-0.0011442574871877846,-0.12390035360057708,-0.0044351220904488104,0.9922840937677566
1721049648.9371867,9,0.35120873490011106,-0.024334693466459816,1.1677417467949185,-0.0002596532929457261,-0.1208705314238634,-0.002088298146976537,0.9926660496986535
1721049648.952755,9,0.35076383439751146,-0.024338316321429545,1.1675060065739788,0.0008557891014011849,-0.11644027315468275,0.004487252729421738,0.9931871902998041
1721049648.969112,9,0.3504728146749666,-0.024330766933457017,1.16684916338385,0.0016816436456303485,-0.11767219091401265,0.011185030524315612,0.992988077799686
1721049648.9870987,9,0.3505750976965672,-0.024317941209558713,1.1664281710667868,0.0022082230142245894,-0.12050357802611941,0.017249298662555437,0.9925605639605437
1721049649.0029547,9,0.3509697540933414,-0.024300983396283535,1.166166435176627,0.002479549900758862,-0.1244217391291169,0.02145001076101477,0.9919944453991302
1721049649.0194855,9,0.35158867341223315,-0.024294658854803693,1.1661716765819126,0.0021899344743051812,-0.12661281672929042,0.02232239562902204,0.991698598103403
1721049649.0355592,9,0.35221052461282587,-0.02429468954552877,1.1662501419612878,0.0014798280794222434,-0.12266142929868382,0.02145818613512799,0.9922154655713897
1721049649.0536,9,0.35276618046609604,-0.024293534871938242,1.166620027064605,0.0005187365858884574,-0.1194060593754159,0.017396317757738016,0.9926929495192665
1721049649.0698256,9,0.35312100971469385,-0.02430635765469263,1.1672667770625509,-0.00043903033057864126,-0.11630978253839684,0.010348918983941252,0.993158970967943
1721049649.086237,9,0.353104731134288,-0.024315095860339517,1.167606695854565,-0.0011032126042491567,-0.11791665419158086,0.004352119875683117,0.9930133456498965
1721049649.1068313,9,0.352769732312919,-0.024324976450050887,1.1678917941120264,-0.0015557819275426304,-0.12124543974185337,-0.002223960351109262,0.9926188477380203
1721049649.1193097,9,0.352164936831298,-0.024326379135377184,1.1678218115766152,-0.0012036550116631295,-0.12386337053795513,-0.003860906366397471,0.9922910410034044
1721049649.1357532,9,0.35158643575307896,-0.024337050052587517,1.167967530408822,-0.0007302651507420246,-0.12282087761759992,-0.003973725121069678,0.9924206307018785
1721049649.1560447,9,0.3509278690119918,-0.024334035330461662,1.1674315644915516,0.00030229433125052705,-0.11996905192633707,0.001007549666740643,0.9927770746958766
1721049649.1704066,9,0.3505188334976182,-0.024327619529694026,1.166940463982329,0.001394898684484718,-0.11805034241895505,0.00790823681266895,0.9929751410296948
1721049649.1856532,9,0.3505769080899437,-0.024328284072907085,1.1669298604395366,0.0021213787031776577,-0.11806935683597772,0.014089383089394369,0.9929031251904168
1721049649.2030115,9,0.35077028935532567,-0.024314506372540207,1.1664291398100324,0.0023748011939242293,-0.12295347144324598,0.01876750980564709,0.9922321224164431
1721049649.2186975,9,0.35126670919689723,-0.02430273761104293,1.166239820395218,0.002423791358880854,-0.12426115706565032,0.022587718626875076,0.9919894581331938
1721049649.235928,9,0.3519567107650571,-0.024302682704160847,1.1664623245274897,0.001847328600299253,-0.12447584667201052,0.022121305419827347,0.9919742934264231
1721049649.255031,9,0.3524436003531233,-0.024293996710581293,1.166267448285506,0.000956411596451562,-0.12106836762561939,0.020772349193619487,0.9924263424286481
1721049649.2695782,9,0.35294580180505136,-0.02430300964442026,1.166888031368224,-8.476887014596735e-05,-0.11746433771100902,0.013610287058957107,0.9929838277970722
1721049649.2861469,9,0.35305318330242397,-0.02430460588059904,1.1671382493021731,-0.0008976489291920734,-0.11720753793242766,0.007417334683346601,0.9930793374269821
1721049649.3050072,9,0.3530535022905782,-0.02432563338462873,1.1680136697130838,-0.0012648021269176246,-0.11803213848195937,0.0022457785062572214,0.9930064305128422
1721049649.3203325,9,0.35255156287245354,-0.024329769637160267,1.1680302634193085,-0.0014190698868990093,-0.12269876781155799,-0.00293264179932598,0.9924386118195212
1721049649.3372812,9,0.35183645158600885,-0.02432928786276707,1.1676946526587006,-0.0009493269055266749,-0.1236249233841649,-0.004170065912334963,0.9923198010958828
1721049649.353325,9,0.3511869698325161,-0.024325961516027988,1.1674270152727186,-0.00031285830417984966,-0.12296466088313761,-0.0021495230767725826,0.9924086727977134
1721049649.3693995,9,0.35076273776794276,-0.02433341718776038,1.1673442684414672,0.0005711753585067519,-0.11836680210584737,0.0032339306791942064,0.9929645087364942
1721049649.3875031,9,0.35055821036959883,-0.02433079780578884,1.1670243990950988,0.0017629426658473848,-0.11694870698730896,0.01146918255913493,0.9930701635929754
1721049649.4078376,9,0.350663419789094,-0.024328575625845644,1.1667642766835133,0.0021877103146650057,-0.11947252200567388,0.016433264053629847,0.9926990874588968
1721049649.419896,9,0.35097020906108956,-0.024308738860642186,1.1662893144092743,0.0024118402788715827,-0.12384519197204115,0.020432659042359056,0.9920882309030464
1721049649.437815,9,0.3515324880424991,-0.024300502316894245,1.166200352396023,0.002018558254218655,-0.1253634974700546,0.02137627924452454,0.991878507484818
1721049649.4532185,9,0.3521362515424302,-0.024293074799556683,1.166189522517512,0.0013838257966006951,-0.12418808677529983,0.0210774947779593,0.9920338418336041
1721049649.4701521,9,0.35269300313777,-0.024294797985530803,1.1665486058623804,0.0006209413530629164,-0.11991922973030303,0.017561706937767683,0.9926281172836878
1721049649.4882848,9,0.35305753146128926,-0.024303414250263417,1.1671236505970022,-0.00035642279492509733,-0.11659920802330778,0.01167171421866513,0.9931104010825414
1721049649.502807,9,0.3530857429217946,-0.02431480870854069,1.1675435560860035,-0.0011217022508071901,-0.11766855728098606,0.005070328407684763,0.9930393467437784
1721049649.5235415,9,0.35280477867034404,-0.024324474593305712,1.1678993201032295,-0.0013617979994793251,-0.12060987221283517,2.238435693850027e-06,0.9926990501788553
1721049649.5367627,9,0.35224798954061687,-0.0243316127578097,1.1679361623171858,-0.0013486524222468977,-0.12356693324112912,-0.004412764092729966,0.9923255119460994
1721049649.5534155,9,0.35170384483400147,-0.024340532535563862,1.1681458225673327,-0.0006009238343127072,-0.1217687787064894,-0.002622812395138628,0.9925548469873166
1721049649.571645,9,0.3510005691203546,-0.024335241331490565,1.1674830573404893,0.0002011635899845547,-0.11926674918864355,0.0012519282715673283,0.9928614378385264
1721049649.5859618,9,0.35066205318496746,-0.024333675166008616,1.1672561601390348,0.0013040559293086328,-0.11694263221811747,0.0074107007339154155,0.9931101659547463
1721049649.6047282,9,0.3506017614521213,-0.024331207103791358,1.166996832905963,0.00202231900310894,-0.11676699104319094,0.01354994611373461,0.9930648412812146
1721049649.6224842,9,0.3507620734652197,-0.02431325972927824,1.1664553800696111,0.002087053622898135,-0.12117370825966829,0.01794754314774991,0.9924668570429622
1721049649.6364403,9,0.3511913868624687,-0.024302088298300814,1.1661313565513838,0.0022925012224182095,-0.12463295684686708,0.02086477321193695,0.9919808625898822
1721049649.655117,9,0.35180832617208535,-0.02429350811469596,1.1661820373738938,0.001748129236572879,-0.12547123501106244,0.021303974052427378,0.9918669537385266
1721049649.669192,9,0.35247747711126,-0.024297929898429885,1.166590620201477,0.0010545347274905686,-0.12148975550724306,0.019447148243594312,0.9924016000029879
1721049649.6865664,9,0.35286051966302834,-0.024297954425629695,1.1667230640837725,-7.418186957232159e-05,-0.11784143987407615,0.014031093527152375,0.9929332897833002
1721049649.7039788,9,0.35319031699065073,-0.02431801697979572,1.1676502868818175,-0.0006615214827639526,-0.11616386630575022,0.008064162007323622,0.9931971042272261
1721049649.7197204,9,0.3530656045541595,-0.024324024361231423,1.1680139038619775,-0.001072505690603432,-0.11882118782942089,0.0030103352891282962,0.9929105261481501
1721049649.7369127,9,0.35250530945452624,-0.02432405055097793,1.1677303660836358,-0.0012262454679591002,-0.12248791027038877,-0.0015712486996009517,0.9924680041881297
1721049649.7532291,9,0.3518622639936503,-0.02432656521229124,1.1675667175251048,-0.0008637462739781327,-0.12356300877763635,-0.0031361560054234024,0.9923313969283154
1721049649.7710004,9,0.35135299932035363,-0.024333723903198337,1.1677867334702157,-0.00015410505480772634,-0.12134780798399293,-0.0005426283406361296,0.9926098887798751
1721049649.7865367,9,0.3508994605794811,-0.024338536962414996,1.1676356877580074,0.000632546929810806,-0.11757232079546127,0.003499488140928142,0.99305795543357
1721049649.8036833,9,0.3505505839245961,-0.024326996576905853,1.1669522072847374,0.0017208136931268507,-0.11707315208472865,0.011147469991744116,0.9930592377970021
1721049649.820076,9,0.3506273301614725,-0.024322796626303128,1.1666759484183062,0.0019078049901058087,-0.11889335031741963,0.014707782232216594,0.9927962593967751
1721049649.8388298,9,0.3509114256414469,-0.02430494372786347,1.1662135997913132,0.002153810968162421,-0.12345750127248521,0.019002801112697632,0.9921655607950413
1721049649.8537247,9,0.3516222011008978,-0.02430639472729404,1.1666398123571067,0.0019103802504153373,-0.12338669266739963,0.020807331330760705,0.992138664443026
1721049649.871409,9,0.352172199527897,-0.02430161849593588,1.166525098098152,0.001327963819973759,-0.12358891264856842,0.019008510547344704,0.9921505398422201
1721049649.8889859,9,0.35268615765284084,-0.02430053251410316,1.166709691342386,0.0003842399064433006,-0.11974557182465917,0.016250400089584095,0.9926715342372864
1721049649.9032702,9,0.3530126359955681,-0.024308157756831532,1.1670832931314967,-0.00032285655173446833,-0.11700454216553352,0.011746160092017937,0.9930618614161828
1721049649.921242,9,0.35305054485355397,-0.024312921979726926,1.1674405255871743,-0.0009757172341963209,-0.11771908224708406,0.006131808541089608,0.9930275255876841
1721049649.9377136,9,0.3527576716150825,-0.02431841598987069,1.1676581358911349,-0.001064157406327191,-0.12068951399403216,0.002221599939932857,0.992687248469832
1721049649.9545524,9,0.3523375344412255,-0.024331425331154028,1.1680815865947987,-0.0011315972829096378,-0.12223806347946489,-0.001448633956342139,0.9924991066918096
1721049649.9713836,9,0.35165375569539453,-0.024333213270403484,1.167791455264194,-0.0004542577135585673,-0.12267192965953094,-0.0007281508613395695,0.9924469059450284
1721049649.9877036,9,0.35119410255478906,-0.024341027646328523,1.1679243198480296,0.00011170070102174753,-0.11929879271341952,0.0016332506069404857,0.9928570481557397
1721049650.003918,9,0.35078184253764727,-0.02433697224833991,1.167526315202653,0.001228674063653924,-0.11594581676151913,0.007832860396443306,0.9932238943126366
1721049650.0200794,9,0.3506110454499639,-0.024330276394704774,1.1669877621649627,0.0019289392129928059,-0.1170299909778269,0.012331085372024009,0.9930499507772961
1721049650.0375519,9,0.3507971447562244,-0.024319601361321563,1.1666702317232711,0.002020207301228613,-0.1199997198708986,0.01601834514283536,0.992642633888073
1721049650.0542984,9,0.35124007400011836,-0.024310723207015147,1.1664369076037253,0.0018607755082881946,-0.12425401183790168,0.018191289463399814,0.9920819296027688
1721049650.0785317,9,0.35181743513402947,-0.024298616495281086,1.1663997273792246,0.0017262838284787833,-0.12366337644111326,0.020149371492913043,0.9921181341452073
1721049650.0872564,9,0.35235576270049934,-0.024295067904826044,1.1663841995123123,0.0008195650511976609,-0.1224942189404045,0.017323545707808894,0.9923176857254015
1721049650.1038995,9,0.3528110193654238,-0.024298850024761676,1.166727703797073,0.00011266181009795084,-0.11835124744639626,0.014615056774778937,0.9928642251842233
1721049650.1239815,9,0.353159003644349,-0.024315962159071437,1.1676010451091747,-0.00063252587209638,-0.11606975345386901,0.008964537455450883,0.9932004074266124
1721049650.137071,9,0.352927616969322,-0.024313764492673147,1.1675299892085278,-0.00090674819368802,-0.1189146760604824,0.00483269522448534,0.9928923016531103
1721049650.1543643,9,0.35257907715015824,-0.024325768924491065,1.167851654981699,-0.0011710538196627273,-0.12071517309393558,0.0008865785605425444,0.9926860982185197
1721049650.1723979,9,0.3519196970671339,-0.024326353552730176,1.1675790733135976,-0.0007613946080663721,-0.12451386660204398,-0.0012580058724369078,0.9922167780899918
1721049650.1880083,9,0.3514845990998853,-0.024339487151821368,1.1680409950658575,-0.00011960820983635136,-0.12113935063836498,5.2532912864423787e-05,0.9926355024182263
1721049650.2057114,9,0.3509119517227895,-0.024337395600406687,1.1675087759279061,0.0007283825870649756,-0.11790704246441469,0.0043975871377117184,0.9930146323309983
1721049650.2222743,9,0.35071288936350253,-0.024336956166795924,1.1674128562526533,0.0015810855597884978,-0.11644489372604926,0.00951528322438744,0.9931503140404988
1721049650.2378798,9,0.3506715412372805,-0.024323471352763984,1.1668173919289875,0.001697149733668245,-0.1191187593117395,0.013663874543774504,0.9927845382535252
1721049650.2551072,9,0.35094600184348707,-0.024312264031364092,1.1664439308284722,0.002064382538860366,-0.12279913702741697,0.016583324339617164,0.992290836208771
1721049650.272279,9,0.3515357844772464,-0.024309192427794283,1.1665249071906016,0.0017183315587026404,-0.12357970912218225,0.0186048863932788,0.992158737819823
1721049650.2883132,9,0.35222022941170106,-0.024311131966391956,1.1668897525820063,0.0012007067608053288,-0.12231844554169313,0.01865039265642251,0.9923149293633043
1721049650.3032691,9,0.3526819423777983,-0.024305372042552065,1.1668654341311298,0.0003633845098408701,-0.12000232490697672,0.015690744736404062,0.9926495406225881
1721049650.3216732,9,0.35300884623896933,-0.02430995793500667,1.1671626628276872,-0.0004204347046744859,-0.1175555487919212,0.01100554252730411,0.9930052337307035
1721049650.3368149,9,0.35297660622878296,-0.024309490533758246,1.1672116474989391,-0.0006556117475916167,-0.11749745290670728,0.007251170862671123,0.9930464940045822
1721049650.3544474,9,0.35284079952384656,-0.024324058558189247,1.1678431099920514,-0.0010202517842128663,-0.11951301330931104,0.0023867002552683094,0.992829241308855
1721049650.3712373,9,0.3523195478508914,-0.024326966820394664,1.1678373913296594,-0.0007065616505236162,-0.1218138833453711,0.0010444308940610913,0.9925521587095872
1721049650.3873346,9,0.35162665894419587,-0.02432739896845731,1.1674896922438092,-0.0004200540924508994,-0.12324496234078212,-0.0009365486188143657,0.9923757482369585
1721049650.406171,9,0.3511641464075237,-0.024336919104556806,1.167660747134088,0.00024625611856957124,-0.11984259469518661,0.0016322958507014357,0.9927915327322776
1721049650.4208775,9,0.3508004196198802,-0.024335800621907516,1.1674466758438908,0.0008035201907719249,-0.11692680241542286,0.005747952436646925,0.9931235765376804
1721049650.4374988,9,0.3506964067984173,-0.024333773054156363,1.167226020752222,0.0016628754349171662,-0.11669215668945694,0.011302202708835495,0.9931024295743011
1721049650.4548452,9,0.3508388463778164,-0.024323774636410726,1.1668544597533006,0.00199362286427767,-0.11906441554086784,0.015984739436049746,0.9927558504108389
1721049650.4709027,9,0.35117814893541843,-0.024308869290649925,1.1663824286691655,0.0019223233328197141,-0.12370944309404378,0.016879709437587966,0.9921730462835948
1721049650.4874253,9,0.35184347159468876,-0.024307499814436914,1.1666569892412635,0.001348042594048215,-0.12264656190918252,0.01745598122109204,0.9922959701382599
1721049650.5045195,9,0.352396251815333,-0.02430594076076468,1.166698581247656,0.0008080601098271208,-0.12190391555796623,0.017526648520326878,0.9923868192404312
1721049650.521226,9,0.3526845743283616,-0.024293132958377844,1.16644719455521,0.00017133751468451124,-0.11972120694038729,0.014566107166491234,0.992700675820364
1721049650.540792,9,0.35300038658592015,-0.024307619702118394,1.1671396887358265,-0.0006299459285380029,-0.11761065123185978,0.008449902153141595,0.9930236336757284
1721049650.5549095,9,0.35292774267698357,-0.02431398629776605,1.1674903950958286,-0.0007860847580374121,-0.11782883994905832,0.005773726319572276,0.9930168229347373
1721049650.5704842,9,0.3525331921068773,-0.02431953647888676,1.1675861121126736,-0.0009521594768556539,-0.12159136428688967,0.002232845604297926,0.9925772755426607
1721049650.5882695,9,0.35204823297030335,-0.02433170198895744,1.1678142547589776,-0.0005681078021089229,-0.12195491192337228,0.0008994438638687346,0.9925350712755813
1721049650.6045725,9,0.3515112976366104,-0.02434061547334627,1.1679403050416994,-9.827573324347152e-05,-0.12041620944115207,0.001231863684306141,0.9927227253153663
1721049650.6220124,9,0.3508992102432651,-0.024334305818013262,1.1673098116303897,0.0006635326665748595,-0.1180825697476789,0.004808067443452925,0.9929919178591758
1721049650.6401167,9,0.3507096577904484,-0.024337988188659326,1.1673099695936067,0.0013656292834152413,-0.11598416779045684,0.009153199084259425,0.9932079474234686
1721049650.6540017,9,0.35068500093643545,-0.02432788923879075,1.1668647771106955,0.0016684051832759862,-0.11881070110340669,0.011955141674004688,0.9928435467459189
1721049650.6714916,9,0.35099917541986964,-0.024321854340589075,1.166721709589209,0.0019627848728773277,-0.12093901356203739,0.016141728169153494,0.9925267488012087
1721049650.6893265,9,0.3514932854053129,-0.02430852179776309,1.1665596898593273,0.0016013991900929645,-0.1248470288337318,0.016926244885939398,0.9920303206788009
1721049650.7044022,9,0.3521681861455542,-0.02431054475440776,1.1668994041158447,0.0011249986600661958,-0.12248123394432106,0.01744057728062087,0.9923169392757588
1721049650.7251456,9,0.35259368902620014,-0.024301515403419474,1.1667337194132301,0.0005807085432369125,-0.12069020435622534,0.016119457091253564,0.9925591672304093
1721049650.7382932,9,0.3529544046320185,-0.024308180088894793,1.1671032389369136,-0.00029339833662246823,-0.11627492037924403,0.011868969380352092,0.993146104243512
1721049650.7542377,9,0.3530018119657521,-0.024308776510521504,1.1673161086711317,-0.0007865037997875097,-0.11645698250384376,0.007727717214197548,0.9931653613696613
1721049650.7731297,9,0.3527337994053057,-0.02431716818714045,1.167434637777071,-0.0007076481836278738,-0.1197347848847443,0.004743353021501868,0.9927943297202928
1721049650.787737,9,0.35242899855558907,-0.024331911008865083,1.1680562008366315,-0.0006528556441729101,-0.12138465348661255,0.0022123055502004645,0.9926028638794044
1721049650.8045042,9,0.35175559691230457,-0.024333094033468734,1.1677175902457473,-0.0003905628306100418,-0.12347891045542304,0.0007585403272854274,0.9923468298684632
1721049650.8223112,9,0.3512472470580701,-0.024341476147556305,1.167741777021265,0.00026351915978889477,-0.12004844013313876,0.002618412615598625,0.9927645473598596
1721049650.8385284,9,0.35090652423230834,-0.024343412986216114,1.1676748504858643,0.000888153050079272,-0.11750404098820992,0.006200567125062106,0.9930526494113635
1721049650.8569577,9,0.3506882957696249,-0.024330406353805314,1.1671393699599204,0.0014613028317249832,-0.11616064013498001,0.010072980157895489,0.9931782847747953
1721049650.8713405,9,0.3508758559223158,-0.024329105004484194,1.1670156898586435,0.0018148102340217525,-0.11886441866288039,0.01378986416657075,0.9928130720765201
1721049650.888333,9,0.35121222340200314,-0.02431584693091767,1.1666564980616714,0.001809139814683303,-0.12300602788730787,0.01641139586511577,0.9922685675774863
1721049650.908494,9,0.3518926272982159,-0.02431130894392016,1.1669968502558787,0.001210452345363249,-0.12311142813288825,0.01565687161256015,0.9922685994424635
1721049650.9233484,9,0.35232340389692207,-0.02430056318813387,1.1666592554752329,0.0007999332707917641,-0.1217740251419461,0.017106781319362725,0.9924100991729087
1721049650.939054,9,0.3527184522584115,-0.02429818512477909,1.1667195022204662,-5.288903727217369e-05,-0.11910017093235545,0.013095155608194199,0.9927958820352906
1721049650.9583473,9,0.3529900394570701,-0.024309762718184698,1.1671939785255456,-0.0004209234225158185,-0.11640469923859793,0.010073564378457004,0.9931506895327401
1721049650.9719076,9,0.3528437460044227,-0.02431029379342104,1.1672046225678088,-0.0007310764603404349,-0.11837383973449729,0.006262084493888162,0.9929490852463242
1721049650.9886642,9,0.35259158208322744,-0.0243246235749144,1.1676599831755854,-0.0007779444729133814,-0.12182976135894075,0.004090884680411926,0.9925422755289328
1721049651.0077639,9,0.3520920574313289,-0.024331601658829395,1.1678018066100873,-0.000526244602464883,-0.121792112624229,0.002232828049217888,0.9925529803733643
1721049651.0229468,9,0.3514231458019641,-0.024326693231218083,1.1674203070716074,-0.00010598542978144101,-0.12210977749612748,0.0026920391341040983,0.99251294396206
1721049651.0378242,9,0.3511119868274624,-0.024341031292570613,1.1678222298639147,0.0007087730470261704,-0.1167731583551343,0.005527613120102862,0.9931429769281607
1721049651.0554516,9,0.35067023687624965,-0.02432847289423478,1.1670541950254834,0.0011105693959026705,-0.11708199178559797,0.008764475620847435,0.9930829561533244
1721049651.0713193,9,0.35070974091189017,-0.024327900559560633,1.1669228823418707,0.0016315989896835948,-0.11863667942300622,0.011844074619274902,0.992865748264403
1721049651.08884,9,0.35097189012282237,-0.024318110839150323,1.1667115782458717,0.0018728675506245946,-0.12055064188290605,0.0151585468551513,0.9925896702897916
1721049651.1057496,9,0.3515360130166878,-0.024319895102029233,1.1668611904187622,0.0013554029256114286,-0.12267680738869734,0.01571100412669806,0.9923213835049393
1721049651.1224668,9,0.35207332586212936,-0.02430734457258045,1.1667840155915887,0.0010619953969977598,-0.12293960506642025,0.01596505618774643,0.9922851619634406
1721049651.1386058,9,0.3526225241683308,-0.024306404333432563,1.1670175074053029,0.0005041730055397118,-0.12001047364215559,0.015588517803722031,0.9926501045879405
1721049651.155151,9,0.35287831962395877,-0.02430512214712353,1.1669680471025141,7.012382263762983e-05,-0.11673208199019364,0.012741399627017288,0.9930817050235238
1721049651.171506,9,0.35298835933710093,-0.024312507684679456,1.1673222114448378,-0.0005400590264013972,-0.11637434474384954,0.008946459986856396,0.993164981800804
1721049651.1883385,9,0.3527019889840152,-0.024309746211399644,1.1672451130463883,-0.0007757334736390017,-0.12016629881374645,0.005131151603013637,0.9927402128201568
1721049651.2049289,9,0.3523916048512504,-0.02432695814452282,1.167808350042784,-0.0006865906307165288,-0.12053207221558543,0.0024083916057661353,0.9927062746908555
1721049651.2223933,9,0.3518568906477279,-0.024332355900370445,1.1678517928500445,-0.00019405176460537263,-0.12194442772366222,0.0022330585692191566,0.9925343985678722
1721049651.2411146,9,0.3511980193792454,-0.02432908081028033,1.1673577119031426,0.0005049203169006351,-0.12069975277692102,0.004307908388046506,0.9926795840856121
1721049651.2544708,9,0.35095429143374085,-0.024338743798733804,1.167703221693907,0.0008982052190890696,-0.11681155106258452,0.00621829225915786,0.9931342243660306
1721049651.2718344,9,0.3507107691581247,-0.02433374013907884,1.1671505538684828,0.0013128550458056515,-0.11606047372935839,0.01005165485483629,0.9931904183408259
1721049651.2887008,9,0.35082077583204596,-0.024326742254386396,1.1668682027349166,0.0016240133642004306,-0.11810507907140616,0.012660108417075159,0.9929190674637072
1721049651.3054829,9,0.3512471611026254,-0.024320420296273088,1.1668575554279688,0.0015725417679429616,-0.12228988074747696,0.015503516768578982,0.9923720840224005
1721049651.3220272,9,0.35184319323899305,-0.024313084016029492,1.1670265325719282,0.0011061544883600274,-0.12288695900787036,0.014702569218856924,0.9923111438386705
1721049651.3384697,9,0.352266514842118,-0.02430022331097232,1.1666688945142338,0.0005717591767347115,-0.12281912275654928,0.014748348968893609,0.9923193147265891
1721049651.355424,9,0.3527813906184236,-0.024309981552588535,1.1670888737303484,-2.9301902286829534e-05,-0.11871718808192554,0.012873061174472707,0.9928446568780626
1721049651.3730128,9,0.3529729068229891,-0.02430608523732928,1.1671750621784316,-0.00040505987601896677,-0.11697700346142165,0.010627898884355155,0.9930776728700466
1721049651.3891726,9,0.3529456296966125,-0.02431071784711169,1.1675278674513192,-0.0006785808842567158,-0.1173148361014869,0.006552139285374437,0.9930729269440638
1721049651.4055886,9,0.35266287829051285,-0.024324921128526453,1.1677987902502518,-0.0007810997944355054,-0.1202189482179874,0.0037894404992254447,0.9927398624580233
1721049651.4228473,9,0.3521271417061141,-0.02433108847088637,1.167760409057031,-0.0003239816596620975,-0.12178827225092324,0.003581828636877937,0.9925495868124853
1721049651.4386473,9,0.35160989193141445,-0.02433679440299222,1.1678483892932656,0.00014351184639168311,-0.12168319650525584,0.0033665127815078245,0.9925632703683454
1721049651.4552763,9,0.35111452558009765,-0.02433665749424678,1.1676718150244276,0.0005958963946178033,-0.11843259338652394,0.005309119793051498,0.992947722177886
