time,position_x,position_y,position_z,orientation_x,orientation_y,orientation_z
0.12668395042419434,0.0,0.0,0.0,0.0,0.0,0.0
0.1444406509399414,-1.5839911573750642e-05,-5.931049701503148e-07,-0.0002892450472348207,-0.00019331877782196444,0.0004608912662093234,-0.002297213315367308
0.1607043743133545,-1.7076568263583308e-05,-1.2966246000158284e-06,-0.00033691992983930774,-9.146812375030594e-05,0.0005406510055772293,-0.002617110385697806
0.17670631408691406,-6.43105777611494e-06,5.179656626745719e-06,-0.00011293704328563248,-0.0002792495896032643,-0.000887291863737906,-0.00046673498394443624
0.1939406394958496,-1.2327472467009437e-05,-1.1873515666971281e-06,-0.000261736443819216,-0.00017560348338803433,-0.003961426097386719,-0.00014470343081711412
0.21077966690063477,-4.975248617283823e-06,-2.45261889045517e-06,-9.960376673168181e-05,-0.0001304387316261521,-0.0013538377626352797,0.0023337062003195783
0.22641229629516602,4.57479970024724e-06,9.946756345565865e-07,0.00027269329128110087,-0.00020496728681954762,0.00042771561998421713,0.0016469557077442507
0.2431635856628418,9.474599895233082e-06,6.684467723325638e-07,0.0003947828359245342,-0.00012678371192006294,-0.0018510967229246975,0.004172010873477905
0.2603332996368408,-2.895100117847327e-06,2.1049207211229926e-06,-6.444361152613265e-05,-0.00014183128118779031,0.002638970288007761,-0.0019236325474514746
0.2767930030822754,-1.68325613810541e-05,-1.7081304893331022e-06,-0.0004488011047623086,-0.00018630351847915422,-0.0014106928345597337,-0.0028520998235261677
0.2952258586883545,-2.2876213364133452e-05,5.092454604577017e-06,-0.0003450952118492223,1.0461800915365083e-06,-0.0033130144034371287,-0.0019132520459450644
0.3111894130706787,8.651504011039646e-06,5.3873839521657776e-06,0.00043210767970092157,-0.0002187318169773883,-0.001387835308943949,0.006138822107106381
0.32764315605163574,-3.3201767566243268e-06,-3.569582821115729e-06,4.4533632520549205e-05,-0.00010114342908967844,0.0016803500715652613,0.0018083954962835672
0.3434772491455078,3.059248546072313e-06,-5.046225426310735e-06,0.0002965211911923893,-7.401348309480499e-05,-0.0010235234302251404,0.004205168311628239
0.36243367195129395,-9.977616428746144e-06,1.2371921664646682e-06,-0.0002084178600432196,-0.00018556371023626533,0.0010815887089118993,-0.0015355027505455296
0.3771090507507324,-3.978321956039921e-06,-1.0393281333811316e-06,-8.812929198620534e-05,-0.00021399736505836597,-0.0010488031705644957,-6.687660807832424e-05
0.39662981033325195,3.3973004259432726e-06,-5.887169153622959e-07,0.00024398377005152572,-9.077582514671612e-05,-0.000643226112457717,0.0025226560951685795
0.41034388542175293,1.2901059054298836e-05,8.375484816705147e-07,0.0004849823604862191,-3.742708067959455e-05,-0.0012337582825466212,0.0035681128176698954
0.4283614158630371,6.794783673769178e-07,1.0633385360671668e-06,0.00013665983249466773,-0.000321028689984508,-0.0016827459439899776,0.002383882067205266
0.44277262687683105,-6.794014530391718e-06,-2.476363260521877e-06,-0.00011418677009900069,-0.00014489330939975592,-0.0010532541686713182,-0.000799390070409349
0.46248364448547363,-1.0036019718835665e-05,2.2617945810690567e-06,-0.0002764899770777429,-9.856754736427276e-05,0.00017004864221864882,4.801632804771888e-05
0.4787435531616211,-1.848734792787854e-06,2.8909520119963297e-06,0.00021344316934501784,-0.00032073005539229316,-0.002308670487195597,0.005556684350202734
0.49486660957336426,-1.8585487076661772e-05,-1.4314414000017074e-06,-0.0002101074166753758,-0.00014471746090981286,-0.00041565205601062916,-0.0006711973898056653
0.5111727714538574,-1.1409460253311576e-07,-4.585847013100592e-06,5.8549057435075547e-05,-0.0001275117602041187,0.0009542649434989073,0.0014182246696051726
0.5270202159881592,1.1150280871573964e-05,2.6391357224703985e-06,0.00039938469933908927,-0.00014629023188474088,-0.0034615100372338368,0.003590688930677023
0.5447204113006592,4.551068978272954e-07,5.184500268417928e-06,0.0001720536905748249,-0.00010548822859554607,0.0027490357433320282,0.0038600594309814995
0.5610203742980957,1.1445709869647991e-05,-6.016991674753997e-06,0.00041756984455010304,-0.00019872691869406156,-0.002134406058823512,0.005344043846033625
0.5782289505004883,7.423395678506778e-06,-3.1215620440495657e-06,0.0003249060685327487,-9.660030522945506e-05,-0.001638823098268875,0.004905594350745328
0.5945174694061279,-3.4609437210217364e-06,3.81959512739654e-06,3.17980550037511e-05,-6.689120108916563e-05,-0.0006307104323456398,0.001153537365642679
0.613105058670044,-1.19772266894691e-06,1.1362774779749476e-06,0.00011284012738665972,-0.00015068633171168994,-0.0004464619941917797,0.0016066276160941612
0.6267590522766113,1.7319448334905674e-05,-5.5335943260556575e-06,0.0006092222960742966,-0.00014818543403635753,-0.0003753647688930443,0.005729952285396099
0.6440532207489014,-9.239890772068382e-06,1.8759594173551643e-06,-0.0001876982848965092,-0.00017609784579104837,-0.002293906165825572,-0.0012614151225129946
0.6606905460357666,-7.085131438593073e-07,4.137305012843519e-07,4.792309386891791e-05,-0.00015321110909139596,0.00034135434152772134,0.000705970740806923
0.6770126819610596,-8.741887123707437e-06,-5.718279399999707e-07,-8.831348032978248e-05,-0.00014340846358963655,-0.0011389275622552628,0.0005331707495278351
0.6934089660644531,-2.7830185206946523e-06,-2.585321186470693e-06,0.0001420705120572796,-0.00012037430018635442,-0.00044243792014667625,0.0036508741371391942
0.7110364437103271,-1.3150065025658436e-05,3.512752529642336e-06,-0.0002464864237761155,-0.0002933106252110476,-0.002596462648400461,0.0007668285176111247
0.7285449504852295,-1.3459885957120554e-06,5.76603151002217e-06,7.710058214749349e-05,-0.0003438201515114786,0.0008009263207852495,0.0017539081100785836
0.7458407878875732,-2.960561530304662e-07,-3.889701241674946e-06,0.00011378428010178077,-8.855125802759156e-08,0.0010326756647168062,0.0005546878147300316
0.762641191482544,3.81930353478277e-06,-1.2172695547844978e-06,0.00023123689359760835,-0.0003081024351644576,-0.0030822770149974334,0.0025496447647102433
0.7788610458374023,5.5811322132032215e-06,4.824207652814492e-06,0.0003307111434336374,-4.781586856526798e-05,0.0009174469512813459,0.001632432843032272
0.7927868366241455,-2.2816886384967316e-06,1.149219361744249e-06,7.828186960745498e-05,7.65696443112765e-05,0.00024962957375809953,0.0022030025073650483
0.8121283054351807,7.754738924121984e-06,-5.778996709360782e-06,0.00043736346358358436,-0.00021058127517866593,2.251229726637008e-05,0.003986575593182516
0.8273844718933105,-2.8030848685731136e-06,-3.217935577708858e-06,2.396722966169218e-05,-0.00019154073193848598,-2.6721363292269915e-05,-0.00024445247253263025
0.8440694808959961,6.439294912390092e-07,4.1998645170723825e-06,0.0001897991693062817,-0.0004263731262491438,-0.0030181114966410082,0.003493152955299332
0.8608765602111816,6.3143489132770625e-06,-4.018505198609456e-06,0.00036938758951177153,-0.00010909199850546447,-0.002329995581592916,0.003586424282241124
0.8775031566619873,1.12715423076018e-06,1.264921471615544e-06,0.0002027590545043978,-0.0003471455059881681,-2.7714323124676185e-05,0.0021342916659580977
0.8963592052459717,-1.5301245135865282e-07,3.8277141069164786e-06,0.00014702393564769434,-2.2653227172902968e-05,0.0029996629991934053,0.0010796511886524002
0.9114854335784912,-9.19241767989229e-06,2.54476847639162e-07,3.271428713602642e-05,-0.0001860796071500581,-0.0017959678308659011,0.0011689561866045153
0.9290249347686768,-2.0227165165379035e-06,-4.026082257034807e-06,0.00013729429054876174,-8.268399634461798e-05,0.0002986927921315493,0.0039600995872697
0.946099042892456,-7.529207671497229e-06,2.7079279839386204e-06,-0.00012409761798437557,-7.811669882897693e-05,0.000839008277242391,0.00041303125854229295
0.961306095123291,-1.0080600039416576e-05,-5.566472502762428e-07,-0.00013447866366245176,-7.793007837207655e-05,0.0007881527487427261,0.0005129732203893317
0.9773638248443604,1.868253776293738e-06,-3.474897364039685e-06,0.00011235507967366498,-6.346674494346616e-06,-0.0008102542197676501,0.0025007693217528743
0.9936518669128418,1.9583507507685283e-06,-1.264280599758659e-06,0.00013163197433618823,-2.8223525644098524e-05,-0.0014894403744756934,0.0014027689480513722
1.0111589431762695,5.091964262467219e-06,4.480007816036729e-06,8.170249452565947e-05,-0.0003387717215478994,0.0013330337144944488,0.0006790694436279512
1.028594732284546,7.237942461893465e-06,-6.7319909323048e-07,0.00031387465762644506,-0.00033737747018542513,-0.0016320548848184676,0.002612697871143939
1.0440518856048584,-2.0766082274682046e-05,2.3477929533637608e-07,-0.0005458571908443233,-0.0003545754928219805,-0.00040702466676286776,-0.0016258638358154914
1.0599617958068848,-2.3708602563052295e-06,-2.0591932445425485e-06,-4.668721260925324e-06,9.699032446547351e-06,0.00035563775283874513,0.0022533330092244022
1.0763225555419922,-1.6760975998092453e-06,3.799018665701223e-06,9.609873368432442e-05,-0.00018014749479031145,0.000683486887280543,0.0011043424002913221
1.09525465965271,1.0221888123926326e-05,5.260813935557829e-07,0.00048303542864613913,-0.00015175284688063312,-0.0014742004961139313,0.002641789986058199
1.111478567123413,1.3308298956252185e-06,4.85944538058166e-07,0.00013077903694991289,-0.0002328402692301501,-0.0019109294427842888,0.0019042947075052705
1.1296131610870361,-5.526043279108217e-06,4.726603907151969e-06,-0.00010445553057025769,3.7631191487308424e-05,-0.0016506102787249306,-0.0007397241538517271
1.1462619304656982,1.2793618107652394e-06,3.2930435849001446e-06,0.0001125863901888513,-9.98201502448795e-05,-0.0032927721813890715,0.0024509232386594124
1.1605072021484375,-1.244182867964766e-06,-2.2581663769246415e-05,0.0001346770673319453,0.0013205780936809478,-0.007036790243629765,0.09384873334362699
1.1774396896362305,-1.5619633572341862e-05,-1.6257579821829862e-07,-0.0003189885340817433,-0.0002524601270163865,0.000708582254353449,-0.0018683318880669195
1.1946296691894531,1.6879620299663223e-06,1.8781576707779888e-06,0.0002697119665548975,-8.67674771924884e-05,-0.001320244710182562,0.0036135905961534043
1.2105631828308105,1.052620972531726e-06,-6.449213351717321e-06,4.472067818261927e-05,-0.0003765366728812683,-0.0031364200842351145,0.003955879880771181
1.2279484272003174,4.867754930113627e-06,-1.4896891666906463e-07,0.0002840484778394714,-0.00032778896905592825,-0.0016231170819684271,0.0022719809877719058
1.2448811531066895,-2.6446941089539044e-06,-4.495592195621727e-06,-4.1210051387352564e-05,-0.00020717234747111984,-0.002126104351595234,-1.4752380913703178e-05
1.2609245777130127,-8.68119667863862e-06,5.441936420918364e-07,-0.00025407494182316803,-0.00021630406667891983,-0.0035305257386168496,0.0027459776019391063
1.2782552242279053,2.065679090196282e-06,9.636064816356208e-07,0.00013865111289712573,-0.00029714304058328644,-0.0016328925554521898,0.002317991226829706
1.2937853336334229,-1.1639646927085606e-05,-6.943990014023158e-07,-9.789155359607449e-05,-0.00010638133967304925,0.00022622708859482317,-0.0015714021806021577
1.3107621669769287,-1.0844300535082368e-05,2.365929178750918e-06,-0.00025993381127031867,-0.00011979571101161657,0.002411182194897705,-0.00017424281386874824
1.3271574974060059,-7.217906558762421e-06,6.00198572395e-06,-3.989203528675933e-05,-7.179892945467087e-05,-0.00018677965586601404,0.0013327221066101944
1.3461828231811523,-2.0358473368370378e-06,-1.1001854162179421e-06,0.00014180479666536794,-0.0002548500527379191,-0.001123934384971938,0.0005154030417633404
1.3605694770812988,5.569025981321668e-06,2.4608030439825755e-06,0.0002542649715816525,-4.985732856580688e-05,0.0034168281220530537,0.004059756028669717
1.376587152481079,-4.464484825383863e-06,-8.968087108990417e-07,-0.00012158454680388786,-0.00036324807608181103,0.0024149005108372555,0.0026457129746823016
1.394562005996704,-7.691774281896185e-06,-2.4659790503285452e-06,-5.036480401487964e-05,-0.00025661052042693505,0.0002558118961352978,0.0012620035094724064
1.4104714393615723,-6.721538600443222e-06,-2.576320003083287e-06,-7.929291879149591e-05,-0.0002369948335560687,-0.0006981091168111221,-0.0003653736117964837
1.4284765720367432,3.2114920385205303e-06,4.57261554402265e-06,0.00017527409857787113,-0.00022195350644360623,-0.0014165431986237192,-0.000462251467138311
1.4444313049316406,-1.0741028171667999e-05,3.4692836533131623e-06,-0.00031614360737863834,-0.00012193278291949827,-0.00297544163743803,-0.0012467042012568527
1.4602608680725098,-4.085263290685287e-06,1.6450782866523229e-06,-2.2079819573805892e-06,-0.000298089514954053,-0.0012003336968865342,0.0002356578006070878
1.4778649806976318,7.175405528810075e-06,-2.744631974191999e-07,0.00017480795997570908,-0.00018388258962644816,-0.0005445419015623724,0.0018721510885248357
1.4941251277923584,-5.676004297072712e-06,1.3371545555670387e-06,-0.0001512442691643523,-0.00021789865609309067,-0.003598238580176759,-0.0009964513868804467
1.5099728107452393,7.2856633219313405e-06,3.0165724517654605e-07,0.000429800709076833,-8.797065722220693e-05,-0.0009112350819526424,0.0024457890874896235
1.527573823928833,-7.010854466971139e-06,1.5676104053398334e-06,-0.00013827417054401714,-0.0002378840380999822,0.0005282945184749595,-0.002583752136424429
1.544560432434082,2.1422276280960023e-05,-4.618127242559007e-06,0.0007179568033154338,-9.405149385392775e-05,-0.0014229939032864899,0.004856961591675132
1.561776876449585,-1.9712357869169916e-05,1.7380071683894063e-06,-0.00039383152942185085,2.7704888616662815e-05,-0.00012790908559968082,-0.0026083481868352937
1.577711582183838,-7.665348165521169e-06,1.267624186858992e-06,-6.410982752502736e-05,-0.00023888701881572688,7.029493662870888e-05,0.00021404066694525464
1.5947904586791992,-1.4422265682371982e-06,-1.8691246667919097e-06,0.00017382904643958863,-0.0002811668843533677,0.00017951126560128254,0.0029319388424897536
1.6108624935150146,-1.0796576149010861e-05,2.3236208605099604e-07,-0.00026148243755375056,-0.00023935246906962165,-3.5569843582229296e-05,-0.0004784061609843654
1.6282336711883545,-9.059328470336497e-06,1.9256608907703386e-06,-4.166035515118516e-06,-0.00022920232768928323,-0.0014783958990039533,0.0027736783011017493
1.6446104049682617,-1.3102648039782505e-06,-7.96104051617539e-07,0.00014303709814988963,5.617759766236852e-05,-0.0012412755532964417,0.0011539840512359567
1.66160249710083,-7.48365716595964e-06,-1.3994242753494635e-06,-0.00018280245545143625,-0.00014118866667932328,0.0029272328379041784,0.0002465598038018657
1.6772973537445068,-6.0004888614885454e-06,2.6797089442366553e-06,-5.988956429492376e-05,-0.00013371256788759223,-0.0006714579999363493,9.467430155447876e-05
1.6944360733032227,-5.489807723458445e-06,9.036148512812318e-07,7.831906319211157e-05,-0.000149983382201839,-0.004097162887696104,0.0009562529281944149
1.7108497619628906,5.8949797017184e-06,-2.2580206220639432e-06,0.00020739262402003078,-0.00031291238470688293,-0.0007288229960746486,0.001757595736345291
1.7286558151245117,6.06221454508421e-06,-3.25391828320744e-06,0.0003138885037331507,-0.0002176433602959285,7.64382664177974e-05,0.0039622117668676946
1.7446837425231934,-1.633151690151602e-05,6.792990102854777e-06,-0.00033411597254640046,-0.00020415734551380849,0.0006201684037012659,-0.0016209368204976801
1.7610208988189697,4.702933024788164e-06,3.838551645785407e-07,0.00034154407217645844,-0.0003069194798826641,-0.0016646775653111016,0.004130370094696051
1.7787141799926758,-1.0944561001372671e-05,-1.0205709793389105e-07,-0.00016358634960644824,-0.00015495976059239774,-0.0004628890898676005,0.0002518261089422477
1.7945899963378906,-1.0690039801287965e-05,2.7738969963838223e-06,-0.00029529336275491147,-0.00010843690392484812,-0.00014194388208487417,-0.001376420651970335
1.8111402988433838,-3.0637818758047497e-07,2.725117965211247e-06,2.7422931510590054e-05,-0.0001077843960977376,-0.0031456365872706404,0.00042918765296126593
1.829134464263916,-5.32653440664041e-06,-6.360986243910283e-07,-3.997033760239077e-05,-0.000277393699069213,-0.001333482381561309,-0.002011058958911266
1.8453946113586426,-1.0099663392867941e-05,-2.37749436753751e-05,-0.00010066268552266777,0.0013003671313357446,-0.0075120341712161445,0.09305374608974568
1.8619740009307861,-7.334252322636209e-06,9.167166309575949e-07,-0.00014879178653603997,-4.0835243937116517e-05,0.002195230234284728,0.000934724214201238
1.8785557746887207,8.234088864217393e-08,-3.12083067299275e-07,-2.5662972509388204e-05,-0.0001872124739183481,0.0030837693683379453,0.0004910564131026737
1.895244836807251,-2.8279630117679366e-06,-5.155862543048881e-06,0.0001236445034602518,-0.0004412136504422168,0.0005740169240591574,0.000608975033081563
1.911297082901001,-1.1619862332279407e-05,2.6152982927345626e-06,-0.00013461589499708104,-0.0002023014021962366,0.0004328557663498128,-0.0014822545096142142
1.9290168285369873,-4.704018418549144e-06,4.728130071319451e-06,1.2290427089389766e-06,7.278089661395121e-05,-0.001299273070658533,-0.001334844070124179
1.9450926780700684,2.252808886021862e-06,-4.85594342316425e-06,0.00019532623550833073,-0.00014131217634156396,0.001191684804727514,0.0044572524343575795
1.962505578994751,-5.4502769646289084e-06,-2.5610380443058696e-06,7.059992495961342e-05,-0.00026642916682590584,0.0011482682492579572,0.001085464375034588
1.9787218570709229,-3.524145796063999e-06,1.6868230916836612e-06,5.199184631410336e-05,-0.00017610513540070732,2.6814188846762885e-05,0.0027302304243117387
1.994969367980957,4.064364045590352e-06,-1.6240001739643416e-06,0.00026781280453624934,-0.000151210852064515,0.00027908027476936624,0.00167510951276105
2.0113894939422607,1.327442083463512e-05,-2.671605453909978e-06,0.00043768554870504683,-0.000145927852997281,-8.161095001184455e-05,0.0014041605217803427
2.028010368347168,-7.637564537511798e-07,-9.459468358035805e-07,0.00011086094657442036,-0.0001919243019015346,-0.0005778497718661735,0.0016369949921615223
2.0465636253356934,-5.178767000513229e-07,1.4724772295366794e-06,0.0001021149610502814,-9.710679730735167e-05,0.0014536325260332775,0.0016299616789903146
2.062809467315674,6.965378527165611e-06,3.4390243563650613e-07,0.00033851857063726953,-0.00012045809392665502,-0.0002936543634125474,0.001997040444749597
2.079451560974121,1.3128529940467648e-06,-2.4597199205031927e-05,0.00026848799119882916,0.0011789695575412235,-0.008255941306503022,0.08951090486901145
2.096757173538208,-8.178195721044584e-06,4.708872905629909e-06,-0.00018504118478401832,-0.0001365632266029787,0.001960634733606432,-0.0001852660305236703
2.113428831100464,-3.459091375179052e-06,1.7476530564460198e-06,-1.19449292891316e-05,-0.0003680729925213677,-0.0010245088131667895,0.00032866377449493334
2.1302757263183594,-5.305933973735744e-06,-3.5931629853102297e-06,0.00015444584854884535,-0.0002402436178090689,-0.0005176076439498134,0.002684176464045153
2.147279739379883,-9.376029704369349e-07,2.4684229552444405e-06,-3.39580644829196e-05,-0.00028860290050809756,0.0038792007442154056,0.0011399018469242447
2.162870168685913,-9.64148681104754e-07,9.120412913308628e-07,0.00015150461229318513,-0.00011015143133611544,-0.0006919640470656047,0.004041760853644084
2.1799957752227783,-5.8475862728391e-09,-3.190334419238966e-06,0.00016506423726525554,-0.0001697401477833288,-0.0038586800254940563,-2.864991558157448e-05
2.1955251693725586,-7.807240976109159e-06,-3.4341395601814127e-06,4.719564489463757e-05,-0.00019375600910964685,-0.0008170174568456791,0.00048439632212141787
2.211742639541626,-2.432813996870037e-06,1.1406900731879971e-07,7.908558509572838e-05,-0.0002317718839799643,-0.0007695694200689149,0.0010838224578059927
2.229069709777832,1.8922436059304326e-06,1.8062895488124737e-07,5.8470472147909014e-05,-0.00016798269379494912,-0.0006955927114909426,0.0022500466567287394
2.2452244758605957,-9.465263044201172e-06,-4.110267240831338e-06,-0.00010475640668894393,-0.00011525536195267777,-0.002375177965341811,-0.0010125187126016413
2.261712074279785,-1.5792223304438024e-06,-4.945181172564704e-06,0.00011707299110952363,-0.00024059382480120378,-0.0016568266611244383,0.0034648427898641143
2.279667854309082,-8.904416671114829e-06,2.509966100925319e-06,-0.0001833520459896265,-0.0002060259321841687,-0.00083168571323489,0.003390756476118903
2.2952516078948975,-4.164672211898202e-06,-1.420488642368779e-06,-2.5488916416183116e-05,-7.521093713308558e-05,-0.0036994755269484213,0.002777140891300184
2.312288761138916,-5.901524694346127e-07,-2.268179559599976e-07,0.0001619584207331881,-0.0002954268059835938,-0.0029175835887014934,0.0002879289625964676
2.3279027938842773,-7.080962756502579e-06,-4.8183205055073e-07,-2.4004627448892535e-05,-3.1479049714670804e-05,-0.003882383592052287,0.0018804298840549363
2.3456764221191406,-1.7223418755790698e-06,-1.2625616767453999e-06,4.881420512148349e-05,-0.00026417889354417995,-0.001952120739388651,0.0028463116722670587
2.36242938041687,-1.548843246305248e-05,-3.227200001110469e-07,-0.00031702399357813604,-9.524228217401565e-05,0.0012166057821662649,-0.0003849230621634503
2.378542900085449,-9.817697360636757e-06,-2.8308999060761963e-06,-8.933438152847195e-05,-0.0002486089568606645,0.0020531922189617764,0.000576995549544268
2.395864486694336,-1.1977369088304879e-06,3.56460751948476e-06,7.293722930645785e-05,-9.754571202877371e-05,-0.0012201475590238962,0.0011250962609824153
2.412550210952759,6.537049364575831e-06,1.6813168007034137e-06,0.0003504423226765585,-4.210883818611677e-05,-0.0015570112557222165,0.0019121034463190079
2.4286270141601562,-1.6610781090040105e-05,-2.4378770122029762e-06,-0.00023593099186836053,-0.0003256858793979217,0.001796657409745087,0.00042187166849248087
2.4455132484436035,-1.0834721812544995e-05,-1.2009452493753296e-06,-0.0002635401026284123,-0.00020318602573541483,-0.0010598182483113217,0.0007329642893866631
2.4619243144989014,-1.2578517773059739e-06,2.6679367436390714e-06,0.00013392863244054976,-0.00019159052186840803,-0.0017411641663433956,0.0013512189610159972
2.4785263538360596,1.0344119894166448e-05,1.7123254677166473e-06,0.00044220032312314306,-0.0001635540556952711,-0.0012959510829383732,0.0044655342615368965
2.496891498565674,-5.115211214792165e-06,-1.1517655941178494e-06,-0.0002063594480126163,-0.0002771164698290793,0.00045181690417420324,-0.0014483382625777516
2.5139946937561035,-1.6218333369934224e-06,-5.4170702188044775e-08,0.00013656133806017046,-3.628512849139509e-05,-0.0036283802712460313,-0.0001258020391095918
2.5303657054901123,-3.384713526195099e-06,3.4683132031040377e-06,-0.00012681451277596345,-0.00033322460102720025,0.000724209185212342,-0.0008956743208394097
2.5462021827697754,-1.70279198527315e-05,-3.4311275238737594e-06,-0.00036460199693599815,-0.0002746044774560724,-0.0021897404557369663,-0.0018529580677560178
2.5632212162017822,-8.407206905862441e-06,-2.062532178523412e-06,-6.14281968153163e-05,-0.0002678954224247451,-0.00043456964316688877,-0.00038521825710018803
2.579258441925049,-4.578476771481543e-06,-2.152103319985935e-05,0.00010206156296876934,0.0013777077320639708,-0.007630367501076015,0.09070762734846485
2.5981533527374268,-9.649709296403325e-06,2.1828054778899944e-06,-0.00028368304250547816,-0.00019093165617783264,0.0019392090322717694,-0.001148599819915469
2.6127612590789795,1.1765396839877318e-05,-7.003826662657815e-06,0.000492517626499156,-8.470458756063698e-05,0.001515683890361311,0.002634289835836995
2.631768226623535,7.238745421144638e-06,4.5358580101476954e-07,0.00021532349462971556,-7.809256891724847e-05,-0.0009531378873417363,0.0023806885464642477
2.645517349243164,2.1554032729291517e-06,-3.448407160917908e-07,0.0002839370923775064,-0.0002442033362714674,-0.003767903416376667,0.0027438402975982837
2.663558006286621,1.9448088332887914e-06,-2.7909673665912557e-06,0.0001860441942316271,-0.00012920179134734422,-0.0002789827274618517,0.005714813081209726
2.678959846496582,-5.132759431831363e-06,-5.189092886696877e-06,-0.00012047939567361166,-0.00024133215104049643,-0.005043101836545745,0.0003524455946903246
2.699047565460205,4.28702723237126e-06,-5.073337662733681e-07,0.0002953943359828015,-0.0001334686294534454,-0.00431052846313011,0.002829897224350085
2.7138240337371826,6.242088035429694e-06,-2.7119506638083844e-07,0.00025536032990680635,-0.0002581805365007364,-0.002098795463185579,0.0033517943614863807
2.7317841053009033,-1.1741951405429274e-05,-3.1140438173926643e-06,-0.00021724630678043866,-0.00026167798862691827,0.0007940566297625559,-0.0013323708364127648
2.745457887649536,1.5849254735092466e-06,-1.1963136964830354e-06,0.0001478399723864321,-0.00019634810481770903,-0.002047134527950306,0.0010668041921741561
2.764677047729492,-1.2816845291536982e-05,1.0990981795565638e-06,-0.0003403219159846538,-0.0002525918901974747,-0.0009965481298093038,-0.0021928636839537163
2.782914161682129,-5.389565759812004e-06,-1.4229904001870474e-06,-6.807893409421784e-05,-0.0001288027728065036,-0.005602823550235425,-0.0014405777034414147
2.7958285808563232,7.666678954229567e-06,-6.092751182216116e-06,0.0002551245455015838,-0.0002659697675497924,0.001352774224650355,0.003413019165419341
2.812833786010742,1.239471571198858e-06,-1.5071759730655304e-06,4.668856754608264e-05,-0.0001732397257608459,-0.0006726921381119775,0.0028047437643376055
2.8290698528289795,-3.231624474089867e-06,4.801443130345593e-06,-0.00010845358377797876,-0.00010362008536345807,0.00012037559070513133,-0.0007653057813115302
2.845489978790283,-5.7488098610287974e-06,2.9884371985750783e-06,1.0485861804077068e-05,-9.771623816685893e-05,0.0020265256502289743,0.00419489473771803
2.8619070053100586,-4.751585305773354e-08,-1.0483902883676177e-06,8.534768641776935e-05,-0.00014370700474478776,0.0009033838751668893,0.003127247706736329
2.879270553588867,2.7908449862085183e-06,3.978172996655163e-07,0.00022741860823294324,-0.0003004162434091309,-0.0051915934350237666,0.0025699205884008314
2.894958972930908,-8.84584334201119e-06,1.7675544794852876e-06,-5.492418041597169e-05,-0.00040755766281910105,-0.00036794714833217855,0.0008537339499510022
2.912524700164795,-1.36560450752915e-05,-4.787764243637796e-06,-0.0002723341053286754,-8.752934068120832e-05,-0.0032880225498265036,-0.0001752938895558942
2.9296367168426514,-1.0408145462135338e-05,4.115289200723113e-07,-0.00021901985882388786,-0.00011429908235554426,-0.0025642335711363127,-0.0007328370797347952
2.9456021785736084,2.2311581991188434e-06,-1.1958992660024339e-06,0.0002662254890535287,-0.0004021942332718548,-0.004053747418961093,0.004494307158513872
2.962867259979248,2.7639313537712595e-06,-1.0369514555571852e-06,9.204599960044302e-05,-3.3758846852756375e-05,0.0010043842681927914,0.0005727565912404531
2.9793617725372314,-7.365463884998619e-06,2.0934500212109377e-06,-0.00012883566989851936,-0.0003319963863966796,0.0007682182618536752,-6.0525054028960634e-05
2.9964327812194824,1.117734533840134e-05,-4.2434650187911805e-06,0.0003069125925848626,-0.000107804656248503,-0.00022930549065730728,0.005232756353955412
3.012141704559326,-1.591345064196753e-05,7.314976897408905e-07,-0.00029686792857497313,-0.00026283676419940755,-0.0016268165757035314,-0.0005107537524786029
3.0298707485198975,-1.5718722060190787e-05,-1.0578564421024044e-06,-0.00024757063206914953,-0.00026050131902868173,0.00018962516255451728,-0.0024674403186135813
3.046126365661621,3.3262841323961068e-06,-3.7802246334419417e-06,0.00027976478337132793,-9.256368058176145e-05,-0.0012388390725505353,0.004966677570836665
3.0627758502960205,-2.2990385007137792e-06,5.232672058602108e-06,-0.0001477563294176587,-0.0003021152225776147,0.001564651409187861,0.00041379547423744945
3.079700469970703,-1.0326897182943995e-06,3.2715580461797986e-06,5.940671926263352e-05,-0.0001380602900241043,0.0003986954271754887,0.002266493984532582
3.096204996109009,5.296136008893504e-06,-5.228426713956838e-06,0.0001806963316333121,-4.9321632753639155e-05,0.000716168718498866,0.0019426776449330344
3.112847328186035,1.2488582935045456e-05,-1.9698893722070593e-05,0.00041715943176923176,0.0009777215295613678,-0.005903849829620672,0.08719158848329947
3.129578113555908,-7.435831616095512e-06,-1.3861003762228805e-06,2.287393550204353e-05,-0.0002578699136439738,0.00012501089680844873,0.0008758086486675282
3.1460750102996826,-8.759178411685276e-07,-1.2091994658284654e-06,9.013499442789286e-05,-0.00013080025571254178,-0.00305134305827468,0.0009788325520315166
3.162938117980957,-1.4419492458783711e-05,3.3565810696539137e-06,-0.00011779454631644093,-0.00033294881757796324,-4.232695603047232e-05,-0.0007163629479071953
3.178459405899048,-4.799846884704501e-06,-7.987687240032775e-07,-9.232611957721293e-05,-3.7051900009299477e-05,0.0024789630238915526,-0.00038174338869405994
3.195758819580078,1.0506670533740048e-05,2.7431457076346893e-06,0.00019601989642969997,6.5457559894809e-05,-0.0007088664107501065,0.004386291681773596
3.2127182483673096,8.37241490476287e-06,-3.407801609185473e-06,0.00033586502726756784,-0.0001516415759719239,-0.003337430218026778,0.001010028048684733
3.229325294494629,2.2034486452382485e-06,-2.0506018317380595e-06,0.00020389455738989426,-9.395620017328687e-05,0.0011818314944622328,0.003945320773445032
3.2450149059295654,-1.0112051393399574e-05,1.2623541165678043e-06,-0.00013928025357745621,-0.00011194956519228194,-0.0025934666401083873,0.00048099166400568383
3.26177978515625,-5.7140952361735275e-06,2.419541241160863e-07,-0.00011133370345439708,-0.00021481204055831538,0.0008010907415673518,-4.54745890648145e-05
3.279853105545044,-8.754767185530088e-06,-6.064536459111794e-06,-0.00011683449392119183,-0.0003067585996723368,0.00016734549747502922,0.0006120486654116464
3.2952277660369873,4.6023074220698235e-06,-3.40607347163336e-06,0.000110665251879416,-0.00027317430248063185,-9.895377131768045e-05,0.002248882531941214
3.314972162246704,-8.936040472105888e-06,-1.9700276057145992e-07,-0.00014971575236544243,-8.927071917921164e-05,0.0011562791918187654,0.0006706823288519792
3.332829236984253,-1.0013129207179366e-05,1.3538844857979154e-07,-0.00017244937109173186,-0.00016971242088576616,0.0004184319899654416,0.00027727603043250365
3.3472118377685547,-4.192000297414955e-06,-1.2642595970605974e-06,1.8577474929393212e-05,-8.36434912724962e-05,9.551481739622329e-05,0.0027525249793956957
3.3639285564422607,2.0467978265811815e-06,5.470318469138471e-06,-8.42610562901136e-06,1.5366250896882427e-05,0.003535648401397461,0.0008650374592975504
3.3795924186706543,-5.904116793849917e-06,1.5205165450297032e-06,-5.9452194193787555e-05,-0.0002179470178138923,-0.0019189485216956296,0.00036576833382728074
3.3969178199768066,5.347296046849526e-06,-1.5991750215509862e-06,0.0002375420881668422,-0.0002695225766480569,-0.001699066762912869,0.003415450142322911
3.412318706512451,-3.032001543668006e-06,-4.6053224201628076e-06,3.0387643627172167e-05,-0.00022578772846134493,-0.002425153701155194,0.0033809959120899916
3.4296746253967285,-1.1719734891349476e-05,5.241404926468237e-06,-0.00019117589650263778,-0.00024566960006374566,-0.0017198608139647586,-0.0004137663652671805
3.4463887214660645,-6.521283219974167e-06,-8.883554996489199e-07,9.378216056610267e-05,-0.00011766400030188001,-0.0036880093646143777,0.0010163356877151211
3.4635517597198486,-3.5504710575277876e-06,1.6665512154207408e-06,-0.0001092083070165506,-0.00024074566212715226,-0.0006571756407576304,0.0010636932449700348
3.4791433811187744,4.442587424918071e-06,-8.922932520306816e-07,7.708573918208117e-05,-0.00016736286712116383,0.0002281186817430919,-0.00034025703582651196
3.4975996017456055,1.4280592155031802e-05,-2.0236097665281543e-06,0.0003806616562104237,-0.0001327524760583107,-0.0015574742376153073,0.0019187258919335093
3.513293504714966,-3.4549241830598987e-06,-2.1220217318266427e-06,0.00017884373686516408,-0.00029574374331755443,-0.0027674282964008177,0.004957600562168811
3.5308825969696045,-2.2907544941982994e-06,-3.2167185373254553e-07,-1.6089937082797157e-05,-0.00018293823426059758,-0.00032634271320898696,0.0025081260791549806
3.547360420227051,1.7180076446049464e-06,1.87553202074444e-07,2.5909161906811917e-05,-3.433174739946032e-05,0.000273303538340524,0.003949510899728281
3.5653345584869385,-1.620943384982726e-05,3.5321955190630635e-06,-0.00029672325087937157,-0.00019859425818313792,-0.0013801002325197227,-0.0021834511938968043
3.579852819442749,-9.278569371065637e-06,-2.574145659582465e-06,-0.00016098127251407135,-0.00020086803858759827,-0.0011775676973909532,-0.0008844541577539347
3.597215414047241,5.142777421557332e-06,-9.813543033114578e-07,0.0001982888375692271,-0.00021929259143618762,-0.003550910070609625,0.0043005175510282476
3.613396644592285,-1.8393296372782447e-05,2.4408265947434282e-06,-0.0004602377737639163,-0.00017867651610243424,-0.0006556433597579327,-0.0020127458005298055
3.6310789585113525,1.1094262335434313e-05,-3.308842370372718e-06,0.000522698074582828,-9.064764927800562e-05,0.00262622796223997,0.003032598301250397
3.646965265274048,5.2086546367680064e-08,1.7038798899293977e-06,-3.592872502089506e-05,-0.00022193416861632925,0.0015819122450949144,0.0018426517928871525
3.6632983684539795,-7.795388122167762e-06,3.767466435643154e-06,-9.011836419803299e-05,-0.00019615529889500244,0.001457669744596114,0.0018542675220431723
3.6812939643859863,-5.624246793168447e-06,7.652424432224095e-07,0.00010380912238328044,-0.0001480808949109319,-0.004049330903454372,0.0025479564468967805
3.698308229446411,-1.160634022217763e-05,3.5734269589265347e-06,-0.00017859743290693508,-4.5204854556772645e-05,0.004106937513634111,0.0032147989665614746
3.714139461517334,5.508616796046084e-06,9.429936398467047e-07,0.00018474539098234377,-0.00027806480619864404,-0.0021995675324526596,0.003623495966452686
3.73059344291687,-7.131758032550423e-06,4.3871978506484187e-07,-0.000140358545730912,-0.0002361774451214299,-0.0023619603508070273,0.0026252996802285725
3.7497048377990723,-6.5796272768342545e-06,2.1300356781704145e-07,-0.00012588672508107024,-0.00019548809189089134,0.0005462026376320227,0.0004737371831082318
3.7643134593963623,1.4689586380983721e-05,-3.3913360052259707e-07,0.00047467198562856083,-0.00020317589738406278,-0.000672164443287741,0.005708140397165551
3.78295636177063,-1.7244924674815476e-06,7.522426782073047e-07,0.0001674625670556873,-4.993385850314558e-05,-0.00041752589669742483,0.003308516821738862
3.7963101863861084,-4.069875970034997e-06,7.272825736218992e-07,0.00010919975409262594,-0.00011557559946619167,-0.0006057729942409752,0.0024858170441877797
3.814903736114502,4.390974975326117e-06,6.666146115652787e-07,0.00017461102816063168,-7.823817515244941e-05,-0.00012806146578402643,0.002351554128573602
3.830510377883911,-1.6901476048367114e-06,-5.34663798635801e-07,-2.9065854310061923e-06,-0.0002476253633238723,0.0012292727563534018,0.0031858235781102723
3.8492491245269775,5.8301713841066305e-06,5.2198488921378905e-06,0.00018752197043114816,-7.532684260714434e-05,-2.70567881018903e-06,0.0017639615852345567
3.8654847145080566,-2.3580197446061713e-06,1.821187117841995e-06,0.00021603879848719476,-0.0002567685921156526,-0.0035087462367661883,0.002884960928166057
3.881240129470825,1.7463602098109765e-05,-2.9525127306167208e-06,0.0006009360489186433,-0.00011283761647579854,-0.002267422325613574,0.005424875726772839
3.89664626121521,-1.0576769179648782e-06,2.002296383315106e-06,2.312347993360664e-05,-0.00014550995466247607,-0.00035101103654940936,0.002258830424676221
3.9130771160125732,-6.160739026105783e-06,2.7943947193043075e-06,-9.574707925052994e-05,-2.9002052381883747e-05,-0.0027501698632094607,-0.000213394273631283
3.9307034015655518,-1.6108590707338e-06,-1.0955975426139158e-06,0.0001442032937978288,-0.0001267876716587596,-0.0008479262852798489,0.003841242088024152
3.9461262226104736,-6.755309721433178e-06,1.808714637392076e-06,-0.00019170651370448155,-0.00014739694728562597,-0.0002227585507838456,-0.0020560141982296914
3.9634182453155518,4.916514542520345e-06,9.108338935570875e-07,0.00023083013911895378,-8.72772428076457e-05,0.00035475623683237437,0.0022291318263881824
3.9797847270965576,8.106242078902842e-06,2.5143795653295893e-06,0.00034179406889833785,-0.00022130161131353465,-0.002110405041555888,0.004852030474832035
3.9969050884246826,5.030770362957071e-06,-2.915084854796836e-06,0.00022874391450178333,-0.0001488439407616865,0.0004654437853694321,0.0035272886091012937
4.015455961227417,-9.58022961763949e-06,8.124756728984141e-07,-0.00013876451241834342,-0.00014526260264443452,0.00010393153203236069,0.0018069055213149054
4.030754804611206,7.418069702575664e-06,3.897890301789858e-06,0.0002840149517149282,-0.00017411261426100721,-0.0029143653675167743,0.0054609145627776065
4.047669172286987,-1.540066922576383e-06,1.7326724227591326e-06,5.515200230721273e-05,-0.0001499306523791641,-0.002843512153684275,0.0017760585678321533
4.063616514205933,-1.9745476669032203e-06,-1.044838767612832e-06,-1.4024989679728428e-05,-0.000148428176188882,-0.001004196649957224,-0.0004341342892157374
4.082242250442505,1.7089426232012872e-06,1.6405914517513085e-06,0.00014107612913694112,-0.00022279364343824604,-0.0016004542782691675,0.005552885255234695
4.098103284835815,2.4430389072328806e-06,4.360199008500345e-06,0.0002776794953345263,-0.0001653512394387338,-0.0031488070574104358,0.00263963612854555
4.114582538604736,3.782860150482875e-06,-3.1505418056508496e-06,0.00025939165132449205,-8.87251211965992e-05,-0.0012723800886487776,0.0007103962934941269
4.129436016082764,-1.3739120129988014e-06,-2.773824598425968e-06,0.00030063404579938613,-0.00023131110765913648,-0.0025903796110599373,0.0034726655961433497
4.147974729537964,-8.141333827864361e-06,3.0850820889308152e-06,-0.00014529531618967528,-4.327398469965854e-05,0.0033601877740681123,-0.0002445766420311954
4.163012742996216,-6.065569982040275e-06,1.5502786629517738e-06,-7.05973757880729e-05,-0.00039981947395376083,-0.0011328806316803306,0.0010433387540656272
4.179669141769409,-1.2230695110304612e-05,2.976391644660733e-06,-0.00029540339672684546,-0.00033811541207569296,-0.0017707931349886259,-0.002080959729656648
4.19716477394104,-8.622207117635339e-06,-6.08049763594536e-07,-0.00029680265306331055,-0.00018249399413947098,-0.001687119415342173,-0.0014447813230889575
4.214334964752197,-1.3608235562474064e-05,2.851642629696314e-06,-0.0003271519653995636,-0.00014890886149681454,-0.0009085577380118365,-0.00147064376231823
4.230443954467773,-9.07149425979914e-06,3.8100464289678e-07,-0.0002366787887871924,-0.00023667174529316826,-0.0005862448247708641,-0.0015518607899141224
4.248453855514526,-5.677086088208549e-07,-2.405535800134107e-06,9.989229518692078e-05,-2.2438027730137255e-06,0.0012791014345820955,0.0033111254144293084
4.264142274856567,-2.7400568403911085e-06,3.3738406882190004e-06,-3.591927715795862e-05,-0.00011250625142678744,0.002879594729520792,9.422067929081707e-05
4.2812230587005615,-2.2523753582977257e-06,-3.2323318935622604e-06,0.0001615276327101567,-0.00017211614275115805,-0.000683572698396858,0.001740314081397118
4.29712700843811,-5.349466524102314e-06,-2.2382203418548977e-06,6.315807676104956e-05,-0.00017376403362311804,-0.0023541226112580704,0.0014290797641145422
4.314458847045898,3.3615607515358192e-06,-1.2805647730254263e-06,0.0002029130326286488,-1.774880971286419e-05,0.00022484907100796085,0.004891617022080477
4.3303868770599365,-6.717868724779447e-06,1.808800806416249e-07,-0.0002543585120342584,-0.00020216868754138057,0.0008176863473435218,0.0003544996753237703
4.34787130355835,-8.456472725230924e-07,-1.8732832977241473e-06,0.00020237341165485478,-9.662298060183344e-05,0.0006167126428795779,0.002149474528175495
4.363669157028198,2.14441592001971e-06,-1.8000460933632195e-06,0.00037917724979230627,-0.00019087229242598786,-0.0005664224127548325,0.0030200057943519584
4.380228281021118,-2.062274747758816e-05,6.171652768385914e-06,-0.00048421413110599776,-0.00021484897332460506,-0.002666738084489131,-0.001490831982396655
4.397688627243042,2.036441497411945e-06,3.037072858918556e-06,0.00034123495255422576,-6.364392486601228e-05,-0.0007903846733675925,0.0036708373942152123
4.4141271114349365,-1.1282283427272582e-05,-4.529070240667744e-06,-0.00029729472672268553,-0.0001666798820911461,-0.0008233884429947776,-0.001208467373559105
4.430143356323242,-1.3307865278314873e-05,-5.083923602242774e-06,-0.00021747899519397595,-0.00024608815171178744,-0.00015252356199024937,-7.279435958292002e-05
4.446439027786255,-7.112981860245976e-06,2.214599981191197e-06,4.884583587105862e-05,-0.0001811009707388747,-0.0024797858418726514,0.0008975549883076112
4.4644036293029785,-6.547912641541309e-06,-4.646135046246398e-07,-9.957443562613744e-05,-0.00011469725678008719,-0.0018687052867749406,-0.0010408368292660758
4.481771469116211,-2.001639520105014e-06,-1.9474084364393737e-06,-6.9392512282995256e-06,-0.00022098587006400688,0.0007842126959321741,0.0005711690979205014
4.497464895248413,-5.001669223542171e-06,4.398053769210947e-06,-5.7515928514439985e-05,-5.378209172041126e-07,0.0011634754090092663,-8.824715403228656e-05
4.514031171798706,1.4046315537433185e-07,4.9645633547303666e-06,0.00010464409091071047,-0.0002430174545222999,-0.000542615649588447,8.982160316282212e-05
4.531071662902832,-9.792641701179827e-07,3.523053178951111e-06,0.0001462862344274729,-6.579643622408454e-05,0.002661248664079857,0.0027564762044350252
4.547683000564575,1.0704601619351828e-06,-3.1304082913721255e-07,0.00011582972309964745,-0.0002766421699556265,-0.0010329692031365526,0.0006431501964417816
4.564741373062134,-3.890367715819049e-06,2.4415249962400024e-06,0.0001563052772332041,-0.0002480466613667895,-0.000977091222339221,0.0011491348905748183
4.581347227096558,-6.486258828708458e-06,-1.9080116498374627e-06,-4.220348476779989e-05,-8.423911280194124e-05,-8.603309978235871e-05,0.0030220079690139873
4.598068952560425,-5.825218184440234e-06,-1.8336040135864557e-06,3.546775386542578e-05,-0.0001453824514773272,0.0006531937420439747,0.0013965680389709037
4.614476203918457,2.5269255130820623e-06,-9.20886285317446e-08,0.00026105961290157076,-0.00015474302673579993,0.0012232522795577756,0.0033151815128406176
4.632150888442993,8.455839724828829e-06,3.741953585939192e-07,0.0002702862936755368,-0.00017323931689269823,-0.0014034646922699758,0.002112853101709826
4.648992300033569,1.1677066058295854e-05,4.3765174128577305e-07,0.0005208123428275258,-0.00022078997730332062,-0.0027161725783208645,0.0037649422949017214
4.665072679519653,-3.1171526464618404e-06,-1.4851046632215203e-06,-8.1948674618193e-05,-0.0001783991180114644,0.0027603924155592627,0.0009129403678517917
4.682498931884766,1.2079745791496177e-06,1.8258935592788735e-06,7.387059401309237e-05,-0.0002627988801939887,-0.0024784205246004363,0.001271624254402956
4.698382616043091,-2.4540884357229786e-06,-1.6293348285808303e-06,8.443197214802467e-05,-0.00019060676034024504,-0.00044785672559704247,0.002923956165968196
4.715237140655518,3.6513493479606307e-06,-3.963258871131402e-06,0.0003577241894119343,-0.00021953209247867894,-0.002618486698496793,0.004434336236815113
4.731960296630859,-1.100386919462154e-06,2.0700304476822026e-06,5.8202234871740366e-05,-0.00023623442304694653,-0.000461578750991053,0.0027033666022906605
4.747847318649292,-1.1114699830484798e-05,4.795052737608047e-06,-0.0004157465383611836,-0.00029593930268351915,-0.0019113912587414936,-0.0020326155831356107
4.764986515045166,-5.459427404312656e-06,1.6063402063777425e-06,1.5241555964995435e-05,-0.0002838354557717082,-0.0030505058043066285,0.002369068661509051
4.7811853885650635,1.0211890938149198e-05,2.3036394602956364e-06,0.0004895476648549835,-0.0002598520208446989,-0.0017848377200894942,0.003380876323021864
4.798134803771973,-1.3788393596475546e-06,4.9715636265350825e-06,3.609479485278122e-05,-0.0002968833962432721,0.0010969713226077378,0.0038110426324890687
4.814462661743164,1.1768095643863163e-05,2.955026265224819e-06,0.00046258792637488,-1.9261589267939583e-05,-0.0016405981202593668,0.005042476798403542
4.830105304718018,1.6302014927398883e-05,6.458693327443185e-07,0.0005203094234200734,-0.00012354142247927163,-0.0001264134959331302,0.006732881921267121
4.84765362739563,-2.700992275117553e-07,-3.2749927044318367e-06,0.0001130067487787878,-0.00012957258867569293,-0.0010084269374765007,0.002312638154325794
4.86501932144165,-5.347763183449761e-06,5.821424691108057e-06,-0.00010645585133584046,-0.00012518785946516453,0.0005367406952290904,-0.00040565636716779346
4.882646799087524,4.770131440151593e-06,3.5632104007177288e-06,0.0001972959487896997,-0.0002253221899751398,-0.0027159603377941034,0.0012819849105165024
4.903140306472778,5.311885272123867e-06,-4.158286553305806e-06,0.00025394862693006726,-8.212199800821524e-05,-0.0008810754476703403,0.0011637476240165118
4.9156653881073,-1.5676639224523198e-05,4.157182933535366e-07,-0.0003483370475254599,-0.00024074004294372814,0.0019838043206396178,0.00124050224832839
4.932836294174194,5.945560299917829e-06,4.229762229708946e-06,0.00028002797079151875,-0.00023446357413478558,0.0015634791170565602,0.0024634228075944217
4.950035810470581,-2.059685067147543e-06,-8.048509441806531e-07,0.00012016895240063441,-9.357105353741818e-05,0.00018827133996799153,0.0032159135529389385
4.964648008346558,-5.46976617121428e-06,-4.271300331815976e-06,-3.48366860154492e-05,-0.00024162163686358706,0.0006465116684081697,-0.00035272645288763477
4.982935667037964,-3.092003872665755e-06,1.3435922205935324e-06,4.664408285570687e-05,-0.00010550243887290367,-0.0017998673837127162,0.0009354878854763715
4.999938249588013,-1.255597014391402e-05,7.659957203466367e-06,-0.00011900872457626388,-0.00014068656577680833,-0.0004856238700553031,0.0017205594858220805
5.0178093910217285,-1.552950244215756e-05,2.709413020509765e-07,-0.0002910705327885399,-0.00018383590199839983,-0.002262019633653736,-0.0011754367180082659
5.032010078430176,-1.503254888468239e-05,4.036224705131035e-06,-0.00029183997172410603,-0.0002844336600987124,0.0006403382654771028,-0.0008385347740285931
5.048005819320679,-1.7762009766556647e-05,4.3696947703052505e-06,-0.00035969926455103884,-0.0003523064485862759,-0.0015198696013049313,-0.0027504506269562315
5.063935995101929,-2.6871534980835166e-06,4.766887152447873e-06,0.0001169212973851641,-0.0001977739356455871,-0.0015442735024900154,0.0007588369375966936
5.081446647644043,2.827684060922875e-06,-2.301361509149131e-06,0.00016669546056957696,-0.00022560859726275528,-0.0027104420078730585,0.0017469136750383543
5.097466468811035,-1.5178203481094193e-05,-3.174456920268e-06,-0.00028622571182101986,-8.947264039099734e-05,0.003661402376825419,0.0015437632798832243
5.114818811416626,-1.0737889804168094e-05,4.813923214350016e-06,-0.0002788974021222801,-1.6086760666791933e-05,0.0004474651681661782,-0.00014096642750595356
5.132003545761108,1.8298366735482186e-06,2.2338936967402322e-07,0.0002552959476522787,-0.00016941524446412864,-0.00021748085331716252,0.004862409345655912
5.148473262786865,-2.659776380316281e-06,1.67865395596465e-07,-0.00011407853866751694,-0.0003338501880371589,-0.0007371403554055182,-0.0013090398131720832
5.164966821670532,7.043011275957578e-07,4.832103211266326e-06,0.0001696831161063228,-1.6587361451582405e-05,0.0019524898052058447,0.004254659977269475
5.181485414505005,7.698424962135353e-06,-1.565679315595125e-06,0.00028365388095785704,-0.00014670934690831638,-0.0025209365120685643,0.0035122147445939556
5.19902229309082,8.804000272189666e-06,-4.164258090834589e-06,0.0004061186116720572,8.023599697336292e-06,-0.0008220390403614625,0.003236035401660488
5.215758323669434,1.2555508328827847e-05,1.0037978944118543e-06,0.0005708931842153264,-9.45105691633405e-05,-0.0021296879880949287,0.004820708354507382
5.2333714962005615,-1.4257286566461691e-05,3.7505291508948234e-06,-0.000320135871206495,-8.416172311289521e-05,-0.0007744549161742484,-0.0007674898320022827
5.249484300613403,-3.901547162021152e-06,-1.0783986145995045e-07,8.534106390789553e-06,-0.00012384576931811359,0.001356544305950962,0.0026291672375232944
5.26624608039856,-7.860006329078045e-06,-2.4746406057669663e-05,-0.00011476913691654822,0.0013026459369292406,-0.007384787241526089,0.09285122942989318
5.283995628356934,-4.5137081128160395e-06,1.4085534527045074e-06,5.440542766477208e-05,-9.563188564554875e-05,-0.00035608438564243075,0.004610507730973455
5.300957441329956,4.832166081113892e-06,6.870432234663175e-06,0.00020149347080378188,-0.0002503121957152868,-0.00024409078621465477,0.0021266729002083276
5.314565420150757,6.2941311715532244e-06,-1.980125066696316e-06,0.0002623055767552174,-0.00014743033746222878,0.0005978836482827196,0.002344139102793505
5.332515001296997,-2.228469182494891e-06,-5.219711697470155e-06,5.670165392979154e-05,-0.00010457427510401213,-0.0023329387492132623,0.0019090263623143117
5.349770545959473,-1.5181496076713957e-05,4.035203561215516e-06,-0.0002700031696043492,-0.00022283383135966034,-0.0013265530675962266,-0.0002047360706626533
5.366689682006836,-9.189661691957896e-06,-4.6421374194703484e-07,-0.00010884806880395725,-0.00018280084784230016,-0.003578779203833071,-0.0016713480029689684
5.383044719696045,-3.76731466123284e-06,-2.941167220080242e-06,-2.7515354711460382e-05,-0.00019930164399789563,-0.0014565712033679495,0.0005633580167921509
5.399093151092529,8.330526056581078e-06,9.322709501121025e-07,0.00031586993311716327,-0.00033818568356113604,-2.527603534419054e-05,0.0028897683996021786
5.416168928146362,-4.488050128006321e-06,1.462433086064658e-07,3.58803217745951e-05,-0.00024780380825704246,-0.002068199013719513,-0.0017194703843294024
5.432088613510132,-8.430064796921544e-06,-1.3082279886039022e-07,-0.00014889492182823538,-0.0005213754962884523,-0.001065278757019861,-0.0002757271167551992
5.448493242263794,-1.1785301742995441e-05,7.537948479257976e-07,-0.00024487039854892423,-0.0003081364441853418,0.0010646715420090224,0.0007081254096304515
5.465158700942993,-2.877309241363507e-06,-1.222008272812932e-06,0.00011078725846569437,-0.0001594402590130231,0.0008931280727623447,0.0022670806882364933
5.481286287307739,-6.337315671733901e-06,3.935752702283798e-06,-0.00011267132308723227,-0.00011906581713170411,-2.1330292227289202e-05,-0.0004479289230946773
5.498382091522217,8.711490118409188e-06,-2.0673954103751432e-06,0.00030727533498797754,-7.344014459055581e-05,0.001270305239356834,0.0039194160489354896
5.51605749130249,4.750187812697232e-06,-2.3278824110998467e-05,0.00019261636187906106,0.0012929920968699007,-0.007224815232958507,0.09280887420001478
5.532444715499878,-1.0392508270812284e-05,4.548810115950937e-06,-0.00022333084827663718,-0.00031435631311551443,-0.001425299464603921,0.0005732635031445513
5.550964832305908,6.957302225107931e-06,-2.103981925000121e-06,0.0003595517496518541,-0.00018886374674676604,-0.0035157070619762105,0.003188274434147563
5.5664591789245605,8.290438019416951e-06,-2.720175708427735e-06,0.0002818395692786302,-0.00023539429295416775,0.0010737221712042808,0.001550079068504455
5.582836151123047,4.69932050845695e-06,1.0544265940598888e-06,0.00017179713235915273,-0.00016774272125419376,0.0035058754536872183,0.003703987558530575
5.598205804824829,5.466922636740423e-07,1.8690805963774912e-06,9.654803847636284e-05,-0.0003011555301764765,-0.0026942916596269916,0.002504483858709952
5.616149425506592,7.794597198042957e-06,-8.496664951733197e-07,0.00037828533035599854,-0.00011207146397630013,0.0012170998878833668,0.004646881902173432
5.632165431976318,-3.3608376606604484e-06,4.055779623413991e-06,7.198817939646496e-05,-8.152464445686236e-05,-0.000860601096567503,0.0037955691885471696
5.650184869766235,-5.757064612164908e-06,2.1746725428167628e-06,-8.996842053354825e-06,-0.00020514082580812276,-0.001931041832071911,0.0013414167814165406
5.667524099349976,3.4804680906531937e-06,1.2063083053191152e-06,0.00038801790481990395,-0.00017947328449313682,-0.004249929198502178,0.004682662320772808
5.683404207229614,-1.0891106044422227e-05,-4.389801053085018e-07,-0.00012752053308018318,-0.0002854247943619645,-0.0022360504751700195,0.0005780814378824051
5.70088005065918,-6.14881073283946e-06,-1.98106662990089e-06,1.5445653625545397e-05,-0.00019765093872327333,0.0005796416784535231,0.0031646211766317156
5.716521501541138,5.6344462140457685e-06,-3.641486025379205e-07,0.000319741862769507,0.00017152206117079793,0.001129305381647015,0.0045339747295469815
5.732325553894043,-1.1406302794576134e-05,-1.6095838242735031e-06,-9.656005388192224e-05,-0.00021733778953939714,-0.00019600129064420609,0.00246440159772858
5.749924659729004,1.0799701298618708e-05,-2.9612612198555346e-06,0.0003566480251178117,-0.0002450268710781564,-0.001391463738643994,0.0037827995430389227
5.765956878662109,-6.992701485995095e-06,2.0151692228767733e-06,-9.367289466399864e-05,-0.00011218247392797559,0.0025790104218593526,0.0006181056749228614
5.7815821170806885,-1.6331035336086125e-05,4.1751267003801475e-06,-0.0003837431858509932,-6.47917317439517e-06,-0.0019622690093819197,-0.004070180625387242
5.798278570175171,-9.136529174554736e-06,1.6574910267316053e-06,-0.00012893376764677722,-0.0002042382255721814,-0.0010903345747798523,-0.0006400583616362684
5.8149635791778564,7.585078114803745e-07,4.2605542501113723e-07,0.00013575470403770495,-0.00010623241856094756,0.001754136943336938,0.0026710740101276373
5.833000659942627,-4.629097725292186e-06,3.249577355451949e-06,-0.0001697634394784986,-0.00020289656197003403,2.211638673756469e-06,-0.0011350658943841754
5.849197149276733,-1.7486259521814346e-05,3.666920510597693e-06,-0.00027412128703463434,-0.00032146669999772587,0.00040340185634379216,0.0008204562366911916
5.864946126937866,-1.3126610903798491e-05,1.3019111194006224e-06,-0.00021066268032587931,-0.00012631509270540076,0.0002901188588000127,-0.0017006170716386826
5.882970809936523,-4.114047252156555e-06,-1.2592439029358079e-06,0.00011427493383975307,-0.00018375303210926147,-0.003433538365258495,0.0025250470484372706
5.898142337799072,-8.034934610465921e-06,2.4343784982307475e-06,2.7250234721720723e-05,-0.00023105509024523574,-0.001497175407921091,0.004287742027717777
5.915344476699829,-1.278442706288685e-06,2.376529939700743e-06,0.0001517608555768879,-0.00015296337891680667,-0.0005823712212638648,0.002573394553719341
5.9322710037231445,-7.643021006364936e-07,-2.3562537669673082e-06,0.00011456868910730833,-0.00014987726876829893,0.0021620311359420146,0.0015261790288837382
5.948670864105225,-4.205437647678695e-06,4.8680108402188e-06,1.134518373002713e-05,-0.00017274833129752448,-0.002764387217511181,-5.16912622846033e-05
5.96664571762085,7.667039297748479e-07,-4.749789553001177e-06,0.0001535942969890236,-0.0001334331822708118,-0.000812618028541958,0.004620597133327187
5.982483148574829,-1.5564162082457728e-05,-4.010858372785432e-06,-0.00026493435429630896,-0.0003903866387979238,-0.00040357115728835435,0.0007974546728523255
5.99860143661499,-6.281847731576251e-06,-1.8933537107244805e-05,5.0759698859370594e-05,0.0014095589564557184,-0.006944229844422443,0.08944541759648428
6.01566743850708,-1.1146325942137936e-05,3.841300516000843e-06,-0.00023454848331772027,-0.0002898622532954073,-0.00037898964498818584,-0.0016346143378697942
6.031174182891846,4.5863953520297596e-06,1.616437735415914e-06,0.00032648477256802533,-0.000157806465723144,0.0013272349273092,0.003325590967579388
6.048659563064575,-1.9369144034792757e-05,2.321699993512163e-06,-0.0004828735526926087,-0.00032691236719481487,-0.0018376012689838728,-0.0014303248691474313
6.065099477767944,7.200732846768254e-06,-1.1401922288701433e-08,0.00017211331761002313,-0.00021456260252328274,0.003758977927187185,0.001554640377872167
6.0832414627075195,-1.5881675684187996e-05,-4.645515645474406e-07,-0.00026765292219599335,-0.00010278189573185298,-0.0005975990023521453,-0.0033438283059635462
6.097863674163818,-6.0817606533161706e-06,2.6327589962087897e-06,5.738727998916282e-06,-0.00023604556007575384,-0.0009807369808813495,0.0003031020395642195
6.115440607070923,-7.682202493926316e-06,-3.367293935537365e-06,-0.00011750432471746564,-0.0002150929913743646,-0.001616858914457649,0.00017425956271700793
6.132424831390381,-7.213349143646991e-06,2.2150623437762647e-06,-8.92586601176637e-05,-0.00015084758922039726,-0.0008677080433616667,0.0004609305687424056
6.148030996322632,-7.591611710117824e-06,-2.582967926700267e-07,-0.00020475045010914794,-0.0003445334095076094,-0.0027828768242002516,-0.0012490535374856254
6.165912389755249,2.5032055507127893e-06,-2.7995419599343395e-07,0.00010275784095459262,-0.00027810034218858637,0.0009013241959385781,0.0014224711064959247
6.181618928909302,-2.387171972515617e-06,7.351520856603783e-06,6.146620074365394e-06,-0.0002827932284003576,8.486865222484367e-05,0.001051196410054106
6.200848340988159,-9.737960864550366e-06,1.455856458508313e-07,-0.00010983321092949971,-9.074507692050093e-05,-0.0038730556684607193,0.0014035802703644823
6.21640419960022,-9.496589829151997e-06,-2.811064151735706e-06,-0.000360392293620837,-0.00029652302293040056,-0.0018832076644339796,-0.0008509568527805197
6.233794927597046,-1.182721394539163e-05,1.7584485120509911e-06,-0.00032479599002388504,-6.042543742838802e-05,-0.0016787558036687345,-0.0016016414420783817
6.250308036804199,-5.362637609140908e-06,6.269148949219214e-06,5.350916490076685e-05,-0.00020919380192348236,-0.0002967328919620191,0.0014487806322532534
6.265761137008667,-5.39374951366578e-06,2.1396897367618063e-06,-4.987135073797333e-05,-0.00012679319012737916,0.0003279378817578858,0.0015429097368010458
6.286086797714233,-1.169036134569465e-05,2.5087183920763194e-07,-0.0003452859112411666,-0.00019740014556830776,-0.0010087602834887108,-0.00045113592145439724
6.300306797027588,5.024229404643893e-06,2.992591497244252e-06,0.00016427340627123144,-0.0002236327584134376,-0.0005393761978664275,2.050541207408718e-05
6.3173441886901855,-2.251254296203875e-06,7.661004188585412e-06,0.000105007760265452,-0.0003365235400735814,-0.0018964742918519042,0.004384069035774013
6.3331522941589355,2.580627985381001e-06,-3.0591024571470678e-06,0.0002529096547091436,-8.219259348431207e-05,-0.0023222480611869104,0.004032229383286769
6.350377798080444,-5.7272526591059525e-06,1.1882869029120752e-06,-7.197631967337248e-05,-0.0003472242122953273,-0.00044443469909815486,-0.00021753415495782275
6.365415573120117,5.7325939297608874e-06,-1.44833666071713e-06,0.00027128583273638984,4.302867972003077e-05,0.0009553984348366646,0.004092036136229035
6.382108688354492,1.8626658006351549e-06,1.9876644803832125e-06,-7.371337925610177e-07,-0.00015018301218425179,0.002659257358335179,0.0012997324465536184
6.398515462875366,-2.763379310502523e-06,4.684887587470127e-07,2.002277588175616e-07,-0.0002694658663512997,0.0007186627636579981,0.003930859002992712
6.415488243103027,-1.8205781508080776e-06,7.483522022025835e-07,-2.8869026443278933e-05,-0.00014145832843766998,-0.001286317703869647,0.0010446991928137195
6.434910774230957,-1.929984695323017e-08,2.2055020833693702e-06,0.0001282082391215189,-0.0002333964409813455,-7.429804994689426e-05,0.0046153512311880515
6.450868606567383,-9.165924925221697e-06,1.814346152297303e-06,-0.0002049600742105584,-0.0003109903193559832,-0.0027854563423901305,-0.001605451625550397
6.467381715774536,-1.0302459131503877e-05,-3.783559042534095e-06,-0.00010198610164413591,-2.852951793495817e-05,0.00020654742551676208,0.000916883254630109
6.4841132164001465,6.368664480921327e-07,5.107631512267464e-06,0.0001556649835210422,-0.00020320470707327343,0.0011447078811526474,0.004389132072828102
6.502003192901611,-1.4095734098207996e-05,1.5053735485950036e-06,-0.0003175307016038964,-0.0003143421931051729,-0.0010769564184572016,0.000564900143886278
6.521814584732056,9.346763750028853e-06,-3.452310726507167e-08,0.00040137172706122826,-0.00023270152486201678,-0.001585147347552945,0.0042798896322625984
6.53554630279541,-6.615579154326673e-06,2.9384627965600447e-06,-0.00011692750530989393,-0.00019730906057516956,-0.0005952600056613137,-0.00046118422345186455
6.550607681274414,8.91410180114266e-06,-1.0619015276269739e-06,0.0003052922960258275,-0.00015942561827543555,-0.002550529314584644,0.002786417752934797
6.566877603530884,9.620675401566386e-06,-1.9856260092127043e-06,0.0004339774286599152,-4.905891818314523e-05,-0.0016927756556552927,0.003121616737870002
6.584271430969238,2.3903344602629883e-06,1.012440447485663e-07,9.843642553375442e-05,-0.00028812280041724814,-0.0015931792691796214,0.00207141996114632
6.60113000869751,6.02267059304773e-06,-5.254008694517004e-07,0.000253670763989855,4.635224800447063e-05,-0.00023286315259790115,0.00289747831463804
6.617182731628418,-1.426671693907644e-06,4.396729607533505e-06,-2.7661196454475956e-06,-0.00016703572221970359,-0.00016520921391228321,0.001878755399994582
6.633188009262085,-2.0195543983643482e-05,1.193091594528647e-06,-0.0005555631673932471,-0.0001682661519721504,0.0013835462826803837,-0.0034239271751686645
6.649616956710815,2.3702454902581327e-06,-5.999145347786346e-08,0.0001166837444497304,-0.00015339806876630419,-0.0019832353705086115,0.0024918873736410746
6.6658642292022705,-1.6007446547266352e-05,1.4410615097484956e-06,-0.0003691314605167584,-4.675985553929257e-05,-0.0006937027616115456,-0.00214120677822785
6.682862758636475,-2.493284246257721e-06,6.334315225252568e-06,-1.5072581216468706e-05,-0.0002625438337432173,0.00036982032959428576,0.0012148871847513718
6.6991965770721436,-9.350043430219473e-06,1.2403190852465149e-06,-0.0002355580669770596,-6.41297281082781e-05,-0.0006702273702120613,0.0007328063421086009
6.716845750808716,-1.3703026522617762e-05,8.198876502548118e-06,-0.0002933019170381357,-0.00017956540298896817,-0.0022070321627062333,0.0015535244568515919
6.732890605926514,3.761565795280114e-06,1.3230391556040121e-06,0.00014864898257227477,-0.0002240505998905712,-0.001344820943116663,0.0019204078197911437
6.749756813049316,-1.1810116635823514e-05,4.25925096780703e-06,-0.00030082073828097133,-0.00014968909885319792,0.003924005217740568,-0.0012020748097874498
6.766050100326538,-9.174722896788251e-06,2.3850844034596294e-06,-0.00014471806160265555,-0.00016751389186714372,-0.0032359402126187885,-0.0006986820747762051
6.783824443817139,9.518610860868859e-07,3.0866920308451895e-07,8.51758290991711e-05,-0.00019057842917871715,-0.002028375436725032,0.002380119527626963
6.799275636672974,-1.892126019635565e-06,6.00932994525836e-06,4.584410518160276e-05,-4.96552558920671e-06,0.002677546417471005,0.0007667288023198715
6.816876649856567,-1.34209838698017e-05,4.629234147851416e-06,-0.000289334702069044,-0.00022472070463083055,-0.0006633548418252984,-0.003706429557771937
6.832227945327759,3.19262710410384e-06,-2.1237854986927082e-07,0.00012501652018570564,-0.0002709489348855579,-0.0008826053665729264,0.002857703216939171
6.849300146102905,-1.7975186536251658e-05,5.798393778802752e-06,-0.00036544401374327684,-0.00018341865608240832,-0.0008616328788376218,0.0006173923210874913
6.866486549377441,-4.910634780582596e-06,-1.6061919788439797e-06,-2.665987143468662e-05,-0.00044510822029653757,-0.0023055293180542866,0.0017602352060035464
6.883733749389648,-4.6132992169954645e-06,-2.650151588450369e-05,1.1253459546667344e-05,0.0013209615466333938,-0.007392710632470744,0.09276174199511342
6.899223566055298,7.688082496518783e-06,1.8635964417661535e-06,0.00034484158508019114,-8.470080576800099e-05,-0.00048473845996362466,0.004941763721169043
6.9161765575408936,3.919078644679108e-06,6.6300364418810705e-06,0.00021386684953728086,-0.00019523666912125287,-0.0017261927794880016,0.001719508530092305
6.934045791625977,-2.884092028129781e-06,-2.39466666892966e-06,0.000139020299026682,-0.00016127181829837106,0.0020578198896194794,0.003464403475589184
6.949465036392212,-7.575515954962031e-06,1.6336168318833305e-06,-9.83517729618022e-05,-0.0002579825343930406,-0.0009337180139124875,0.0004934483208680271
6.9674317836761475,-8.893273255903417e-06,4.774504508583922e-06,-0.0002715943256157427,-0.00019826866232679902,-0.0023809571871645004,-0.00048044570924481167
6.982945919036865,-6.49268097622363e-07,2.8565075212384425e-06,8.835144240049164e-05,-0.0002116444217246105,0.00039894759518528666,0.004956309654884618
7.00037145614624,-6.037966490818336e-07,-2.4305646830701487e-06,0.00022997361364607283,2.9965460497771712e-05,0.0006490057642426269,0.004194861658646951
7.016486644744873,-5.649055824862026e-06,4.319562229339064e-07,-4.8818520720805836e-05,-0.0001860132749788232,0.0006815428140611781,0.0005077977579528714
7.03327751159668,-1.390516999380531e-05,1.9284158937131306e-06,-0.0003234439954596935,-0.00013889576759498756,-0.004186837677894751,0.0003304078398329788
7.049844026565552,-9.182004471263577e-06,7.90535552963557e-06,-0.0002535839813617713,-0.00016411910805259888,0.0017579625489805885,-0.002091064062743911
7.067920446395874,4.032521881067175e-07,5.639682501134159e-07,0.0002670354420637455,-0.00018657216848961405,-0.0010453885285238874,0.004959767347591959
7.085463523864746,5.772862297283299e-06,2.2153889492366064e-06,0.00016028951008362213,-0.00020298428941554342,-0.0009434365379552851,0.003174354960409881
7.103700160980225,-9.907258103090955e-06,2.221940944379438e-06,-3.798635466956135e-06,-0.0001625939843354629,-0.0008569900186925824,0.0028408944080776724
7.117495775222778,2.7875714364127002e-06,-8.849431127624062e-07,0.00023994290242934646,-0.00028170994934675203,-0.0019443021332793287,0.004352644366106495
7.134924650192261,9.33586914219145e-06,-2.0319368904431504e-05,0.000271786206538116,0.0012427767145514537,-0.007269211173903263,0.09215286480227794
7.15088963508606,5.474473513931294e-06,4.09709097024067e-06,9.804905056864932e-05,-0.0001930230331519539,-0.004133978751871917,0.0012713985187253404
7.166789770126343,6.8444945695300685e-06,1.060864042339623e-07,0.0003597777333036456,-0.00016087459618557148,-0.0014146412700013575,0.0031167494903345874
7.183253765106201,8.706326999886188e-06,-1.112799434810829e-06,0.00033222058223447704,6.681718783450863e-06,-0.0017477188248971823,0.002295403213134893
7.199976921081543,1.503787846378335e-06,-1.054854883478576e-06,3.986034305314412e-05,-4.392340032370601e-05,-0.001725008883836485,0.0013337950163392343
7.219633340835571,-2.201208786710429e-06,-8.161173803611279e-07,0.00010224777685652331,7.342164194179546e-06,0.0003528413678872827,0.0014926559253444632
7.2352588176727295,-1.0223383940934777e-05,-3.3792788822865905e-06,-0.0003213366199025236,-8.608833609441424e-05,0.0015824327724440288,-0.0009967138254720065
7.249509334564209,-1.142671847239804e-05,9.239261445001794e-07,-0.00017411836847558426,-0.00013751633381717254,-0.0021368568002439903,-4.749479649258925e-05
7.268007278442383,-1.78992764001025e-05,-6.566914621140493e-07,-0.0004829172252442948,-0.00037348657746870406,-0.0011229114980063053,-0.0030163410756466613
7.285353660583496,-1.1556439994619971e-05,3.2625668791056925e-06,-6.200927194954797e-05,-0.00031536265194485186,-0.000175362102907594,-0.00010460991633724076
7.3015875816345215,2.0698486888591494e-06,-3.2620571292479167e-06,0.00032028539917428045,-0.00018115068509338278,-0.0014779589140633351,0.0039034617686713874
7.319409370422363,-7.9944077809313e-06,-9.466029700230198e-07,-0.000328810879950292,-0.0002833834426984108,0.00032288976571476745,-0.0014168250735814361
7.335601568222046,-7.463346367812124e-06,4.896239081661046e-06,2.1401860024639063e-05,-7.255610682246894e-05,-0.002588886134889846,0.0013950823988028646
7.354653358459473,1.6084331106031025e-06,-1.939718721962651e-06,0.00020244669835411955,-0.00011807463099903354,0.0007904564732578029,0.002012929127664681
7.367021799087524,3.553203897603552e-06,4.046727992251505e-06,8.119306702703e-05,-8.05024514884678e-05,-0.0034391133251643873,0.0009440627117711098
7.385512351989746,1.1323473086820302e-05,-1.0345837550948447e-06,0.00037794441475602625,-0.0001866221903794804,-0.003579273898773985,0.0034063765921724665
7.402186393737793,1.1560179020084216e-05,2.32984522722645e-06,0.00045862817544162215,-8.619357776783187e-05,-0.00019606657035421,0.004377144799002357
7.416703462600708,-3.5522436841288474e-06,1.0170737472434133e-06,1.915805798069492e-05,-0.00028067957035932817,-0.004057020377638996,0.0003805837039011564
7.435000419616699,-6.68950875630861e-06,1.5195685744361868e-06,-9.63290194302413e-05,-0.00015704259766194384,-0.00135253401430834,0.0001438485633572864
7.451766014099121,9.902998735614177e-06,-4.32957052490723e-07,0.0003810855769993404,-0.0002528281209478733,-0.0016868846448070633,0.000906698764491537
7.468540668487549,1.9927084490764524e-06,-8.410136830439702e-09,0.00025490184445076114,-0.00011822995091648192,-0.0010923069332022788,0.003617134528430481
7.48514723777771,-4.368541075581295e-06,-6.983930146090694e-07,-2.9096691610774883e-05,-0.00019742811636811602,-0.004675390203895189,-0.00015191404081543736
7.505502700805664,7.455284720032235e-06,-8.397356502857882e-07,0.0003536544492956928,-0.00014859886516915138,-0.001167765485667242,0.004369113200666089
7.519587755203247,8.347723788510591e-06,-6.731014374440278e-07,0.0002639475081296361,-0.0002119159050879213,0.0006318780588506559,0.00558231990402773
7.535185098648071,-8.989948995983404e-06,-1.2039075086589003e-06,-0.0002528661214974415,-0.0001723848824058613,-0.0017401257288647224,0.00027228905352549154
7.5521886348724365,-1.200263984368899e-06,1.5989894130289447e-06,5.809366064868371e-06,-0.00012511954006195342,0.0013779779715311982,0.0016478305619826786
7.568781614303589,-1.80684349676552e-07,-2.2834488286176255e-05,0.00024621766901777864,0.0012015325291544823,-0.005745866699924147,0.0913021996031642
7.585049390792847,-2.1515639098482198e-06,-4.526006149594211e-07,5.6338190792093457e-05,-0.0004265427614941891,-0.0029366506838822814,0.0026340506101285924
7.602317571640015,5.412255094275342e-06,1.2850338881702228e-07,0.0002925570426423052,-0.00011650485884920347,-0.0007801398128122645,0.0039314982052431335
7.6173789501190186,4.632949572553474e-06,2.377459088543244e-06,0.0002005917151192138,-0.0003420924930601782,-0.000893138993570592,0.00269191734623047
7.6334991455078125,-4.458608318019808e-06,-2.137921483620457e-06,5.129154392846669e-05,-0.00013392319606454067,-0.0004075823751244923,0.0013263477642002086
7.650485515594482,-1.9538061866442025e-06,-9.263674281209666e-07,0.00018609054477058962,-0.00031585433281410696,0.00022891357609673355,0.002516259026577178
7.6670310497283936,4.926918639961558e-06,-8.188713143996232e-07,0.00011435805653059461,-0.0002856864932782796,0.0004808401754925456,0.001677342313979563
7.6843225955963135,2.351766649089093e-06,1.4791911643729366e-07,0.00021931809390840495,-0.0002073972515828984,-0.0023745904342551364,0.0004412595138535702
7.701055526733398,-8.13121263923064e-06,-2.0799163432004206e-06,-2.6763304748822492e-05,-0.00033911365301956403,-0.0003471713537274955,0.0011099566092474256
7.717010498046875,-1.6321890346920886e-06,-5.037762238961456e-07,5.6795337711967875e-05,-9.258135491656966e-05,0.0010465036038895953,-0.0005411422438524605
7.734239339828491,-5.003396945021943e-06,-1.8369440313366781e-06,-0.00016609517075449887,-6.163276366091125e-05,-0.00021484802141633064,-0.0006471606879303177
7.750843524932861,6.267782267470323e-07,1.3537187974672384e-06,5.057445002687455e-05,-0.00017664998575424307,0.0010068266985903962,0.0006572882020741758
7.7667810916900635,-8.894617804334343e-06,3.4984281655863186e-06,-9.391272514069904e-05,-8.303207982413019e-05,-0.0008691013327553048,0.0013634045967712421
7.78585410118103,-1.9716201285074897e-06,1.0682035098184915e-06,6.761572619751188e-05,-0.00026959242121023935,-0.003585878498910655,0.002147521888746118
7.8001484870910645,-4.106184986453487e-06,3.7612386064303158e-06,-0.00011542058654623322,-0.00026301537021079097,-0.0006539586748820214,0.0016351054085502678
7.816862344741821,-9.639519367051624e-06,4.688144264452252e-06,-0.000229354006665905,-0.00023795513395959839,-0.002090971042758157,-0.0012353579550270014
7.8338072299957275,-6.087964938620433e-06,1.5360516671012684e-06,-6.477373626045946e-05,-0.0002732945221850733,-0.001568075152554695,0.0008475555280342967
7.850709438323975,-5.448247182675281e-06,-8.522116097882566e-07,4.681021836183685e-05,-0.00013279162381794885,-0.001456828085234679,0.0028656230162566326
7.868390083312988,-3.658900321622943e-06,-2.0222894556126735e-05,7.113467285468911e-05,0.0014152603982827694,-0.008123739729608297,0.09162666696309932
7.884266376495361,-1.048003302652964e-05,-3.8751712808484176e-08,-0.0002235836793761381,-0.00017615934482865386,0.0018995009497444412,0.00021906823425638794
7.9011454582214355,4.6120115827393005e-06,-1.5346179734324929e-06,0.0002792086646640213,9.096449623617608e-05,-0.0006634313855352035,0.005574630874181502
7.9175333976745605,-2.791686485245637e-07,2.924946998615662e-06,0.00011592061856335878,-0.0001812357336160031,-0.0023494265913755214,0.0029257460391956813
7.934680938720703,6.110479462237417e-06,2.771893298339099e-06,0.0002538778907683614,-0.0003878062451066547,-8.027035042933867e-05,0.004351483940676075
7.9514124393463135,-1.2556009577023575e-06,2.007661867310575e-06,1.4755255810294798e-05,-0.00019642226723777523,-0.0006679233987672267,0.0011501555045062908
7.967595815658569,-7.0983065990314065e-06,-2.0583982463483197e-07,-8.322434302232562e-05,-0.00013515490424501064,-0.0006649062708593903,0.0013192220659848791
7.985947132110596,-6.29766047750141e-06,5.380421263252938e-06,4.977632836911106e-06,-0.00026628997906071733,-0.0007088934115867269,0.0018426764088565958
8.002813577651978,-3.2917876847358973e-06,-1.6408417008023906e-06,0.0002012261145604155,-0.00015682942210801243,-0.00031975370409288717,0.0035733308614917664
8.017940282821655,-5.785721785014908e-06,3.1772645827168877e-06,-1.6543481576869468e-06,-0.00022290272281953738,-0.00010563969964456042,0.0009684607134292575
8.034442901611328,-7.334293658366187e-06,4.211489008450978e-06,-0.00010664809902583006,-0.00037624675966645843,0.0019163555798065775,0.0021561071079822733
8.050726652145386,1.773720701883641e-06,-8.796125178719971e-07,0.00021006771128506685,-0.0002935360470910503,-0.0033138534901825927,0.004146616488701189
8.06748914718628,1.2547547530890324e-06,7.045449806528624e-07,0.00017485108941017735,-0.00030947358548612247,-0.000837153880186044,0.0022085225907177986
8.08476710319519,-1.3757244412861136e-06,1.770714312370001e-06,-2.2100308386008294e-05,-0.00022070034765698382,-0.001675163341611512,0.0018553265225776938
8.101234674453735,-7.494105685301039e-06,5.768560880901798e-06,-0.0001556927592943902,-0.00026779336796114994,0.0009782217867143426,-0.00027388891357914974
8.118362426757812,-1.6451807032628885e-06,2.310510591379449e-06,-2.1222164710787972e-05,-0.00020594305435729654,-0.00021265730344504838,0.0002637980246353866
8.134361505508423,-1.3169553703975406e-05,-2.7791264220543115e-07,-0.00011029845904719782,-6.572813345605277e-05,-0.0024499158234006033,0.0008617997689200074
8.151464939117432,-4.49708837231555e-06,2.293842599227153e-06,9.730762328630238e-05,-0.00013482298773209028,-0.0015226586455605543,0.0017083699301144936
8.167813062667847,4.702119416825912e-06,2.908354086287668e-06,0.0002518568473254268,0.00011337512286181683,-0.002497234283322847,0.004690453319613076
8.185195684432983,6.671976366060678e-06,1.996327660918132e-06,0.0003247291664777441,-0.00017062759035822717,-0.0023329375494131246,0.003747534753381916
8.201114177703857,-5.692166689445083e-06,2.458349990728994e-06,2.9575655318581084e-05,-0.00019434242066161678,-0.005108420479036197,0.004049882388455696
8.217467546463013,1.7343141267989887e-05,-2.169290875252052e-06,0.00058020678439763,-6.586030210781191e-06,0.0006418051523296182,0.00806945131731842
8.23507571220398,-1.6095612457543707e-06,3.13667032887416e-06,-0.00015336294826273633,-0.0002607769499033269,0.0010536068487974285,-0.0012671773682029416
8.252024173736572,1.8264965384734433e-06,2.1116198389891164e-07,3.6808513030672785e-05,-0.0001709179032841901,0.002782211098760092,0.0018737739461216693
8.267176151275635,-7.90402533668716e-06,-8.872075964898914e-07,-0.00014012984651823324,-6.273018323424417e-05,0.00024395578015260974,0.0018176231616164815
8.285170793533325,-3.1569787925234127e-06,1.3610881422190715e-06,-8.852011706483864e-05,-9.234097302183303e-05,-0.0017147046826545328,-8.122723072753746e-06
8.301904439926147,1.147857022956722e-05,-1.7621693104660253e-06,0.0004982936682759176,-0.00021726550281699758,-0.0018774391048487753,0.0028004679820956765
8.317240715026855,8.162647794837663e-07,-1.4623834936706645e-07,-9.30645677245101e-05,-0.00020423405266924155,-0.0005161936499967074,-3.302868999558589e-05
8.33430528640747,5.805857715715512e-06,2.110753953366365e-06,0.00027085328127707253,-8.802397336235557e-05,0.00025056164893130436,0.0032801546785255903
8.35182499885559,-1.1297946092846817e-05,9.048875349534392e-07,-0.00027934154921316345,-0.0002282417285876734,-0.0012850865659943585,-0.0006830609953633396
8.36747121810913,-1.2500573389816888e-05,3.2686103054841657e-06,-0.00017803035470409512,-0.00014967081233693835,0.0005030970864719469,-0.00020673155263184473
8.385200500488281,1.0286672840857658e-06,4.903102073774892e-07,-4.22095406146239e-05,-9.003930587263981e-05,0.0049183184809230614,0.0009231439745651174
8.401902437210083,-6.766743868971692e-06,1.508710788774301e-06,1.848965701367611e-05,-0.00010084063585471398,-0.00021080683755328802,0.0008913514269163966
8.418532133102417,8.335436766926385e-07,-2.809077127846095e-06,0.00017333719178425078,-0.00029051863089560315,-0.0037024727247273476,0.0017255912268671278
8.434318542480469,-1.1987530043437722e-06,4.542826720770575e-06,2.0236403690532256e-05,-0.00020342922201425917,-0.001239237723190732,0.0013842039393126906
8.451647281646729,-1.6128615842554705e-05,2.531549446225124e-06,-0.00029726766527771176,-0.0001928860184784026,-0.0027282547654419714,-0.0014290639211336567
8.468032360076904,-9.906459854089333e-06,5.439602896446837e-06,-0.00023426573929008487,-0.0003323083827454082,0.0011331021989443406,-0.0014403298593474514
8.48444390296936,1.6422115774940294e-05,-3.213330676576139e-07,0.0005200539498869672,-9.241488836216755e-05,0.0005659931750327096,0.0068466827760252855
8.50245213508606,1.4206190773871641e-05,-1.9106761909571095e-06,0.0005629326075127228,-0.00018926981395998854,-0.0017969960432147897,0.004546542683335139
8.517882108688354,-1.1629256684877326e-05,5.040992835634445e-06,-0.00018046811052430112,-0.0001500211478103336,-0.0007460463979320833,0.0007960434585049664
8.535297632217407,-2.5029399504133965e-05,3.7741988589213085e-06,-0.0004983155116515814,-0.0003080475569074981,-0.0015377074207082054,-0.0039933588324539
8.550474882125854,-1.535238106002701e-05,9.141155698274422e-08,-0.00013545471316600555,-0.00011125671265765219,-0.001291951256698556,-0.00033297513950577423
8.56911015510559,-1.0669259598722336e-05,4.931232682927732e-07,-5.4431129635656994e-05,-0.00028135198395373706,-0.005122610540774826,-4.115832997857172e-05
8.584567785263062,-8.586082912109133e-06,-2.678551490398152e-06,-0.0001264722787028827,-0.00015509518187085264,0.001250895961481523,-0.000104634847581421
8.601775646209717,-8.967290386810434e-06,1.1205211584985886e-07,-0.00011874512004961257,-0.00011928578037109783,-0.0007905322093003809,-0.00012819979200847514
8.618307828903198,-6.423525389372825e-06,2.4244721475562975e-06,-4.864976071350391e-05,-0.00025173709310225695,-0.0015948988947643277,-4.4191769751303345e-05
8.63637089729309,-1.3542323917974108e-05,2.0437922303726333e-06,-0.00025134969868712,-0.00020385424972445276,-0.0002774553451658727,-0.0009456203454790563
8.650668859481812,-9.75702355015054e-06,-3.9497963038757564e-07,-6.501322045560087e-05,-0.00019983800747769287,-0.0014632711087198633,-0.0004761773848109066
8.668503284454346,-5.585883172322392e-06,2.034007058084302e-06,9.456539074703674e-05,-0.00016344852009875926,-0.0011395122114207842,0.0012680077232233578
8.684224605560303,5.224806759629441e-06,4.193696768809742e-06,5.493536156886414e-05,-0.00020868535056076803,-0.0011711567686272708,-0.0005833942711325271
8.70251750946045,4.499121744903911e-06,1.4304961863521697e-06,-6.176718776029766e-05,-8.439369090045695e-05,2.852365170934526e-06,0.0012630938581339804
8.719871759414673,4.87313935839534e-06,-2.2700654885234213e-06,0.000226605926329837,-0.00012190199505269367,-0.0011129804132848174,0.004888769624562597
8.735994100570679,4.863777491388027e-06,4.521533676477528e-07,0.0003424287362135958,-0.000217181434226138,-0.0005629358006677011,0.0042353515559064095
8.752924680709839,5.961474648097376e-07,3.103472219677817e-06,-4.493452823228772e-05,-0.00011088217477963486,0.001456930942099137,0.0004795884184861515
8.770900249481201,-2.2641727820231494e-06,1.083042046151313e-06,-2.8269657458723785e-05,-5.701983933840277e-05,0.00048505429457111615,0.003035337518615032
8.78697395324707,-1.4166964652690545e-05,5.275200998138604e-07,-0.00021807712273003155,-0.00022104816089039275,-0.0008407699599656589,-0.0010678368754829526
8.80331802368164,-1.3340928425281673e-05,-3.6755042872693537e-07,-0.00031958487326755325,-0.00014978978304300283,0.0014411384026340023,-0.00018123640678140152
8.81929874420166,8.701515660663323e-06,6.506530375813887e-06,0.00026503119197607283,-0.0002909128657639995,-0.00031739023594049356,0.002768183881164399
8.836856365203857,-6.186258284052171e-06,2.2214342234329852e-06,-8.640755724842464e-05,-0.0002951166923194498,-0.0019184206386431858,0.0003438351462528369
8.85397744178772,9.062930036312505e-06,-5.738576069857322e-06,0.0005175530779396587,-4.7227345868129655e-05,-0.002181864043512201,0.005696393022864621
8.86947250366211,2.0228501564252543e-06,4.0104222900840154e-07,0.00012961135910538601,-0.00018954671385674332,-0.0022992174565160794,0.001577813959463631
8.885597467422485,-2.8466224697362708e-06,5.2568281387411e-06,0.00010910877435288402,-6.386399515292962e-05,0.0011339708020985106,0.0018877584972082778
8.902081966400146,-4.368371553306605e-07,3.3057549989360877e-07,0.00020321697226322044,-1.3011714485519632e-06,0.000482608917181512,0.0032917567055882127
8.91817331314087,-1.8644312360129034e-06,-1.2967706739977318e-06,6.009700915188265e-05,-0.00028538899300730586,-0.0019730664842407004,0.001126407859950787
8.935987949371338,5.5738743146849234e-06,5.846820947152161e-07,0.00014870448912496226,-9.281901325865205e-05,0.001521017207936539,0.00229355031254809
8.95203971862793,-4.7406495375552915e-06,2.564253130830788e-06,-7.63365348505074e-05,-0.0001898348517376594,0.00193563537405852,0.0018791232891624543
8.96858549118042,-7.058176292849133e-06,-2.9657565092189395e-06,5.574055183421578e-05,-0.00018158127984296835,-0.0017862049863817796,0.001783306364514986
8.987687587738037,-6.080202635122545e-06,2.3624656869209934e-06,-0.00023498853215675464,-5.255646375046386e-07,0.0030897162111483602,-0.00028834401793499664
9.004855394363403,-6.723072728115342e-07,3.942626857599083e-06,0.00028963294306127985,-0.00012440000104763788,-0.0004995564857367112,0.002213289873337132
9.020809173583984,6.941412967614857e-07,4.587957112303816e-06,-0.00012241069664586934,-0.00025491463728221503,0.006045572322559034,0.0014165370716638578
9.036956071853638,5.3561541261265555e-08,2.9541084838411585e-06,4.6221916816024944e-05,-0.00014705753451421666,-0.004226004933965967,0.004125806399694336
9.05139708518982,-2.0264576804339407e-06,2.7290707529993054e-06,0.00020083922841207524,-0.00016801897650627062,-0.002920664082881148,0.004775273137145153
9.067533016204834,-1.3252838347219825e-05,-1.2034707545535792e-06,-0.00024836469756128743,-0.00036657368053854417,-0.0026307090628057226,0.0012734428896678182
9.084851264953613,-1.6533131808306456e-05,3.678789862476871e-06,-0.000200360917468001,-0.00020635821384381442,-0.004142879059239225,-0.0016913713016813853
9.102061033248901,-1.3356334680691972e-05,3.092532278694323e-06,-0.0002637934852011137,-0.00034671720287693386,0.00046858512750662384,-0.0005419870445677322
9.12133502960205,6.902949203222569e-06,-7.566847422472555e-07,0.0002985207514568655,-0.00023298574706006464,-0.0027677076869079675,0.0037813559289750706
9.136184453964233,3.28916919982436e-06,1.61914078658054e-06,0.00019093393656144375,-0.0002582479050386999,-0.0006562212886009802,0.0014601070211444703
9.15387225151062,8.808351910954276e-06,3.4730665781970965e-06,0.00030112286127836896,-0.0002241839982064578,-0.0016852893391221691,0.0025320290094850498
9.170770645141602,2.0676782768874746e-06,1.2950445195144926e-06,-1.9775354726081495e-05,-0.0001354964210730919,-0.0012987612801165869,0.0028619202947067837
9.185055255889893,4.047578562153126e-06,9.046486220301402e-07,0.0001968023062920432,-0.0002947218313168118,-0.0026288127980574356,0.0022321651263602776
9.201976537704468,-2.105280239285412e-06,6.861859208012831e-07,1.4439343712036035e-05,-0.00016127847044809795,-0.0002346914015612482,0.0022778748134532137
9.21837067604065,-4.808965107697127e-06,2.7166857711391403e-06,-0.00018895984287004008,-0.000219191072808482,0.0019230024487240267,0.0025916186030486843
9.23558235168457,-6.297475523386886e-06,2.0149656712389885e-06,-1.3741421026725043e-05,-0.00018152331865171206,0.0011145930417542065,0.0023979671069535163
9.252813339233398,2.572314557462707e-06,4.817412307561849e-06,8.814403687829042e-05,-0.0003674263365157082,-0.0003261202951999106,0.00155841951742932
9.26906681060791,6.626114142958134e-06,-1.8674208667550894e-06,0.0003236723555464227,-0.0002045154392548501,-0.002957865197245115,0.0009397751157581985
9.286328792572021,-5.824961053575023e-06,2.9681335087638344e-06,-9.918636879813203e-05,-0.00030155719233181805,0.0004853132153609715,0.0012079774502585863
9.303215265274048,-4.573414680904969e-06,4.899565923610757e-06,-9.979120117431517e-05,-0.00015324637303403693,-0.00034558984250848863,0.001442592436915642
9.319072723388672,-1.1387402531762986e-05,7.210398866521091e-06,-0.00010670730155948327,-0.00032391052053185043,-0.0016187189638066455,0.0004049255252037698
9.337234497070312,-3.7095132816716836e-06,3.6012547798495564e-06,-0.000152660105754987,-0.00041028553171961607,-0.0022410046214251297,0.003541576735931501
9.352424383163452,-4.872480379437133e-06,4.9477399647721194e-06,-0.0001346725510447122,4.4447411592027364e-05,-0.002843370274609505,-0.0003140517876877996
9.370805025100708,6.432926209255785e-06,1.5457569968110874e-06,0.00026542611759794443,5.76918413437294e-05,0.000980306286046678,0.002859829808075136
9.38532018661499,-7.3172374468639945e-06,9.572246269392258e-07,-3.8862714096588036e-05,-0.00014987243780196363,0.0021674281592109126,0.0027561758629130947
9.402082681655884,2.437641290438386e-06,4.654638555354846e-06,6.200273283518687e-05,-0.00017700595523569007,-0.0001072122795960518,0.001706382741872299
9.418550968170166,6.8536317852085915e-06,5.921064004134552e-06,0.00026584902146065126,-0.00019903883663648786,0.0011470548219330093,0.003982181267188037
9.434930324554443,-1.0372807318675265e-05,2.9644512557986183e-06,-0.00010919395122210851,-0.00013658682740384787,4.7694609636292004e-05,0.0015305710889540955
9.45142674446106,-1.2245431088492298e-05,2.1967773543331293e-06,-0.00024674019715686946,-8.903627904999212e-05,-0.0011408579610750116,-0.0004975687338667906
9.469262599945068,6.308756103572122e-06,2.688335379249585e-06,0.00020832200657627808,-0.00018753791909079803,1.4218386113326945e-05,0.00155161769931772
9.485105276107788,-1.3330211044704915e-05,1.409601888475217e-06,-0.00010752803361036012,-0.00026551310019303637,-0.00034428526765710975,0.001548788392301402
9.502948999404907,6.64282547682693e-06,1.1616346778011571e-06,0.0005860758040301395,-0.000293719112047397,-0.0013646564798798031,0.00668042097192266
9.518651008605957,-1.1018170275524375e-05,4.811086652447552e-06,-0.00033805445653911637,-0.0003817517949229188,-0.00022485574430709115,-0.000920958810621833
9.535066604614258,-1.3955234351607088e-05,1.4491612355884038e-07,-0.0003354301039019125,-0.00018023988810192404,0.0013540193336645922,-0.002371696068913652
9.552847385406494,1.1868461650955259e-05,2.2120031977173986e-07,0.00046885568642529574,-0.000178081661113709,0.0006394178253025292,0.0041316789154385095
9.568928480148315,-1.3163487996466217e-06,1.980682506770668e-06,-7.515160206017502e-05,-0.00019416034652764563,-0.00013929841558587078,0.002014940851390673
9.586314916610718,-7.315527163209712e-08,-4.2392230716753465e-07,2.2006959591092112e-05,2.769983031342127e-05,-0.0018577574619536037,0.0020058076930017377
9.602776288986206,6.02532364443048e-06,3.230183667783139e-06,0.000213461573501883,-0.00014436421993856835,0.0008880990394994452,0.004503194386169168
9.619737386703491,2.4730742320608345e-06,-2.283664917986615e-06,0.00013036532589627559,-0.00018249337630023982,0.001725680124854143,0.002117648487534818
9.635998249053955,-5.817784545156246e-07,-7.588786415946031e-07,3.089917916210272e-05,3.560900070354034e-05,0.0014041694827647173,0.0013445438435208887
9.652495384216309,5.160260889754825e-06,1.0792793375829796e-06,0.0002678241348340604,-0.00032697739349354243,-0.0015598767056739637,0.004747269321961969
9.668951272964478,-1.3742925458620076e-05,1.0005059230704973e-06,-0.00015192828564269956,-8.955178955167425e-05,0.00012154656326429647,-8.886121936145519e-05
9.684915781021118,5.817215858176794e-06,1.1761763284937748e-06,0.00017295830887986696,-0.0001526539427651949,-0.00026569953342212883,0.004277369151631585
9.701942443847656,-6.307565713938035e-07,1.8795938389218163e-06,0.00019022530381729297,-0.00033547664124446847,-0.002545502448810957,0.0034681357908546706
9.720017671585083,-6.527155681518987e-06,3.385547034378362e-06,-0.00011663329268096767,-2.7026161345297672e-05,-0.002730991226888078,0.0006030619953528368
9.735467910766602,5.5390539113603365e-06,1.295496848172312e-06,0.0001235836857539363,-0.00016784742936556962,0.001912702326109992,0.0022948864625389406
9.752795934677124,-5.408474279131742e-06,2.586763240115591e-06,3.240539875093429e-05,-0.00027409556488355163,-0.00247768753257044,0.0010184484609006145
9.768791675567627,-5.1474484186984915e-06,3.5751742666640524e-06,-6.916670156731364e-05,-0.00014777320292369556,0.0007457682362025896,0.002624799125346959
9.787119150161743,2.2173064108781115e-06,3.306973788573444e-06,0.0002189476056306816,-0.00017436515747881048,-0.00035449326595800475,0.0031528434750507928
9.80275297164917,-1.2104378729071302e-05,1.1501549214622698e-06,-0.0002020727031133429,-0.00019665781430982382,-0.0021952700269727166,0.0017294792383458282
9.818800926208496,1.593099883578919e-05,-4.249468800623761e-07,0.0003747725292202464,-0.00011019743600899912,0.0008308145523426153,0.0032171745218527448
9.836233377456665,-1.191074399504305e-05,4.276311640727653e-06,-0.00022147771219005463,-0.000267712638413381,-0.001147908007834859,-0.0005113310925758952
9.852035284042358,8.23673167286293e-06,1.1166699523485965e-06,0.0004101400420235546,-1.4900452410496201e-05,8.905412958552447e-05,0.007155368246033349
9.869560480117798,8.058113439974451e-06,1.1712044163741334e-06,0.0004700527534993171,0.0001638059421222096,-0.0003962912126267322,0.006417310080701677
9.886500120162964,-1.4905011783920147e-05,4.992767057209304e-06,-0.0003942511903756163,-0.00020636237693158477,-0.0001597087582066812,-0.004313690550333836
9.90354871749878,-1.1335225844285451e-05,5.4153348890471995e-06,-5.290027489224247e-05,-0.0001487574853706805,-0.002488477089506157,0.001183132283153962
9.921317338943481,9.52403898627635e-06,3.7071484964188665e-06,0.000182335054917937,-8.163724224208302e-05,0.0042707512703764935,0.0036863381869474687
9.937713861465454,8.55758426436537e-06,2.7730983243200082e-06,0.00047742906750647407,-9.280567732607159e-05,-0.0004474084298326797,0.00618286373116967
9.953187704086304,-3.3637622670681933e-06,4.020950662094597e-06,1.0344869544987034e-05,-2.9587595368453512e-05,-0.0038130330781843986,0.0027143128082581375
9.969314813613892,-6.429672173808437e-06,1.7586177827016557e-06,-1.9280373887431423e-05,-0.0002451449139114631,0.0019003605938635645,-0.0006063072778120376
9.986801624298096,-1.7275896747395714e-06,-1.121140447764941e-06,0.00020869465977035873,-0.00019234281013846832,-0.001651406337748509,0.003298059835400262
