Time (s),position_x,position_y,position_z,orientation_x,orientation_y,orientation_z,orientation_w
0.009059906005859375,0.04148164207331005,-0.01499168191932519,0.6351709521739881,0.01138428947498926,-0.007284402061357831,-0.006287433023627399,0.9998888956407764
0.02517247200012207,0.04318488592002891,-0.014559228115592227,0.6350108929270187,0.011397066136341302,-0.008634832695906813,-0.005963767396149718,0.9998799828110583
0.04207897186279297,0.04315116366937616,-0.01584004547974498,0.6350130628686267,0.011421846824295654,-0.008595876162830744,-0.006976034479360307,0.9998734856325866
0.05941915512084961,0.043869741142023966,-0.011644370314503546,0.6351636155483782,0.011501325496936131,-0.009190812692520698,-0.0036869492129090135,0.9998848208065597
0.07749056816101074,0.041182199957782356,-0.01464074792931658,0.6352298291618576,0.011384656031385672,-0.00705532311927603,-0.006007738046103696,0.9998922537485222
0.09331703186035156,0.044598253033956196,-0.015903492310404343,0.6348213737633093,0.011389763688644408,-0.009742037660236035,-0.007036337197111755,0.9998629185764376
0.10837268829345703,0.0416740919966133,-0.014782031735906339,0.6351890555821001,0.011448696146957487,-0.0074406446195652886,-0.006133937041026499,0.9998879632141576
0.12569642066955566,0.041660832698119814,-0.015014534180321105,0.6351761168864706,0.011458800905758175,-0.007426361586784672,-0.006316385807942385,0.9998868177477438
0.143446683883667,0.03834679217810765,-0.01535378402792846,0.6353764194215304,0.01134610936871237,-0.004816636985831932,-0.006539684952458991,0.9999026444264774
0.16034770011901855,0.04037078922018644,-0.01179294054928318,0.6353077821671697,0.011378040819237191,-0.006440856380379429,-0.003759901336712592,0.9999074550667884
0.17755532264709473,0.04254340269644241,-0.01460815050007019,0.6351249959859874,0.011422569539012025,-0.00812465809564447,-0.006002910483807738,0.999883733191854
0.19432973861694336,0.0381010592814745,-0.01083298083887954,0.6355839674536974,0.011426494086264604,-0.004658776361299776,-0.0029886855362649244,0.9999193961487483
0.21088123321533203,0.04366784275310757,-0.012504629654699211,0.6351323301357574,0.011475882656683223,-0.009024337304932607,-0.00435532026139607,0.9998839415846609
0.22859835624694824,0.04410482582044313,-0.013329453530255535,0.6349107083195472,0.011464334015275107,-0.009372102157880577,-0.005012994881761084,0.9998777938473501
0.24439764022827148,0.04063737508888244,-0.01122621595826848,0.635331250522241,0.011448498185177368,-0.0066546905326647,-0.0033266970812275863,0.9999067856904202
0.26209306716918945,0.04094233590296531,-0.011702257527075181,0.6354416775465923,0.011438885440459423,-0.00688467525537328,-0.003698753495622422,0.9999040315795744
0.2785606384277344,0.042521793830051564,-0.012978470693938949,0.635335214255459,0.011412481373585194,-0.008116894854329013,-0.004711675985693358,0.9998908297390405
0.2935140132904053,0.04423902964540424,-0.016829314589953334,0.6348548752196239,0.011429206055515824,-0.009446483752538067,-0.007766244522343483,0.9998599015060424
0.31200551986694336,0.041742787721182645,-0.015522212712380877,0.6353009708935435,0.011286815423922535,-0.007486692212711318,-0.006703627385849653,0.9998858027880834
0.3274855613708496,0.04052759242675971,-0.013890089351094778,0.6353781114572485,0.011419813933900203,-0.006541669771482999,-0.005412085833640482,0.9998987467405114
0.34351062774658203,0.0417713484524897,-0.015525292766971167,0.6351394285334303,0.011407764465814796,-0.007511584959026523,-0.006709808326535471,0.9998842020321738
0.3597543239593506,0.04349244707314771,-0.014363764115372487,0.6350039946838255,0.011434802673068829,-0.008878758702413302,-0.005819216527528143,0.9998782674159581
0.37574100494384766,0.04418289678057138,-0.016414662670604086,0.6349307255678825,0.011472865146123097,-0.009401432708251717,-0.007443803498535489,0.9998622786253348
0.39345550537109375,0.04244384407125581,-0.017348715316372353,0.6349792980179775,0.011423635474793864,-0.00802578757687236,-0.008156467118895427,0.9998692711202042
0.41126084327697754,0.04296517984190383,-0.01230466535919128,0.6350962642802437,0.011406732809213047,-0.008479220977726012,-0.004189283938618673,0.9998902135526239
0.4271247386932373,0.04247338567375025,-0.016454406832059613,0.6349307741322596,0.011378122129800187,-0.008061858792639764,-0.007455685742057426,0.9998749709437289
0.4446141719818115,0.04231971763909255,-0.015612313289940803,0.6352820939523955,0.011436888179215315,-0.007933978132582873,-0.006787275661464031,0.9998800840445133
0.46291327476501465,0.04069835852495637,-0.012465538129131787,0.6354022387516008,0.011386858747462614,-0.006688436736186975,-0.00428981083527027,0.9999035962456025
0.47580909729003906,0.042105955588755045,-0.01435962212505465,0.6350977342373985,0.011427818262885954,-0.0077865738497427455,-0.005797775913224182,0.9998875736961097
0.4937000274658203,0.04067887832195867,-0.013750775297784363,0.6351976101703144,0.011475210967332393,-0.006669748867167089,-0.005314363908111084,0.9998977905363909
0.5110929012298584,0.043476099081263264,-0.015405964034354206,0.6351402634468151,0.011481539593176462,-0.008849042551543751,-0.006640634096289965,0.9998728772565494
0.5264666080474854,0.041092418697607984,-0.015896427099440363,0.6351080394468008,0.01137135917622393,-0.006977478820132905,-0.006996819007396647,0.9998865193128557
0.5445945262908936,0.04459160336826591,-0.015335095189405977,0.6348993651282971,0.011404505190294912,-0.009736206302331239,-0.0065904313594082895,0.9998658458826863
0.5615272521972656,0.04248427402693332,-0.017387808729867563,0.6350241134377219,0.01136529016265851,-0.008058354827612219,-0.008187341064352144,0.9998694217463032
0.5795414447784424,0.0427145768846869,-0.01589395749456625,0.635074531889962,0.011469491485756522,-0.008246772860704809,-0.007018610982247758,0.9998755825613115
0.5955135822296143,0.043664395319857,-0.013731933066986834,0.6350564428297547,0.011476378954339951,-0.0090140714973948,-0.005322246191562099,0.9998793491899974
0.6111664772033691,0.04500961925851797,-0.014319129723135591,0.6347692430266519,0.011357175522323602,-0.010078525815606434,-0.00579326087865099,0.9998679292836286
0.6291701793670654,0.04252271698578398,-0.014888856275000391,0.6349984175444947,0.011432562747822759,-0.008110671755386538,-0.006225393126793352,0.9998823720783913
0.6461131572723389,0.043616505549846335,-0.015101672067091686,0.6350473136525256,0.011365261609054945,-0.008965752076960392,-0.006396884512233685,0.9998747551502586
0.6621303558349609,0.04403419661683227,-0.015251376537274968,0.6348810275098091,0.011471996078266563,-0.00929815291199554,-0.006522866103270689,0.999869686447291
0.6802291870117188,0.04262420745288182,-0.015443198252042975,0.6350302717963231,0.011412705188363414,-0.008185355454117662,-0.006657671911602258,0.9998792054648855
0.6949520111083984,0.041650755594818255,-0.008775724640587767,0.6353930917826353,0.011532942288619357,-0.0074696869254216956,-0.0014111929438125849,0.9999045972260948
0.7101833820343018,0.041940276264014226,-0.01640922869709136,0.6351738976566993,0.011428988777624547,-0.007633654197169657,-0.0074122547259666055,0.9998780745765938
0.7306439876556396,0.04581183131927114,-0.01701934689190245,0.6347887489187908,0.011407780554078125,-0.01068144020969788,-0.00792663189394036,0.9998464571546447
0.7448017597198486,0.04161922385104613,-0.01112799305005619,0.6352952585788915,0.011377613212387906,-0.007428756462513222,-0.0032511800998631596,0.9999023918978132
0.76088547706604,0.04155616958986693,-0.014112446169324961,0.6352382247417881,0.011408820612045135,-0.007352680686533599,-0.005600616709063237,0.9998921991852133
0.777878999710083,0.0413898863301717,-0.017874602306697344,0.6350828374110506,0.011321825302379247,-0.007189474354507699,-0.008553856249041022,0.9998734716320856
0.794417142868042,0.04466026067934401,-0.014994330268458258,0.6349072753524873,0.01147338817375119,-0.00979039906095701,-0.006324713129291054,0.9998662447817077
0.8138673305511475,0.04294109152118192,-0.014913461287633614,0.6350228081134267,0.011512972445857663,-0.008435022418590272,-0.00624938699185507,0.9998786161452223
0.8303205966949463,0.04126531482332475,-0.014897085051525656,0.6351014613797694,0.011455253479076897,-0.00711859139009499,-0.006222034774324955,0.9998896884694921
0.8439633846282959,0.03989250264838584,-0.013380277992647365,0.6353778188922107,0.011442869719703583,-0.006044514575407825,-0.0050113112509583314,0.99990370103109
0.8631799221038818,0.04149827536978447,-0.015379048797548136,0.6351286447122969,0.011380966495034034,-0.007296270169759285,-0.006592942685226078,0.9998868791768388
0.8800134658813477,0.041991965520451834,-0.01292537156742755,0.6352716352471309,0.011443256403552746,-0.007702254198534717,-0.004669837853050036,0.9998939542659362
0.8931853771209717,0.04315726760520125,-0.015542921302330946,0.6350673809240029,0.011477735225499558,-0.008598665757017137,-0.006747208768486644,0.9998743919688747
0.9129197597503662,0.038652800664457414,-0.0151783415603476,0.6356060096929849,0.01144583884842362,-0.005048178366004128,-0.006410554119971226,0.9999012018515209
0.9298458099365234,0.041100368036455864,-0.01495326608319263,0.6352105593897459,0.01138875251540381,-0.006989012333175016,-0.006252953010036719,0.9998911693786499
0.9455890655517578,0.04166086260662621,-0.015183645286774822,0.6350608729605569,0.011430527580212345,-0.007433865296635517,-0.006445209807958724,0.9998862635102659
0.9596216678619385,0.039602432103884165,-0.014311199782895703,0.6354759992394393,0.01141297191065941,-0.005809644229789798,-0.005738355203852579,0.9999015268443409
0.9789168834686279,0.0420399897588126,-0.015512887552615583,0.6350965212795437,0.011401606220268775,-0.00772172024937358,-0.006706188856446588,0.9998826958413722
0.9954280853271484,0.04287607479980178,-0.012609478795144766,0.6350711376821343,0.011475527574626053,-0.008406411282807195,-0.004433130059845301,0.9998889897754154
1.0140764713287354,0.04421644455624923,-0.01203784706588656,0.6350327157272222,0.011449788614415203,-0.009464848855555761,-0.003997840365712107,0.9998816611225735
1.0302088260650635,0.04144343383945777,-0.015012366702629492,0.6351861735090165,0.011462761219458772,-0.007252581739443997,-0.006314430378789685,0.9998880603009167
1.0453076362609863,0.044016325847298456,-0.0131751214359189,0.6350359080418732,0.01148003994883322,-0.009295662343845035,-0.004889460549732241,0.9998789389320565
1.061293363571167,0.04249052226046537,-0.015064656992953788,0.635136872637876,0.01143989531847228,-0.00807705119235642,-0.006357869411507256,0.9998817267735642
1.0791199207305908,0.045415847735385845,-0.013237769881155124,0.6349072905813594,0.011448911728681635,-0.010402971905482006,-0.004953392900933018,0.9998680735449711
1.093580961227417,0.042061972143535076,-0.015114062918977541,0.6353074080533985,0.011357030690728166,-0.007737727601747451,-0.006388475587646842,0.9998851598084237
1.1117334365844727,0.04180803179639279,-0.013641079720146488,0.6352298622546676,0.011475960084261213,-0.007553464846622805,-0.005232993148527138,0.9998919258058157
1.1289472579956055,0.04277984509711113,-0.012391755853679593,0.635161206890567,0.011399404869031697,-0.008333201765954782,-0.00425534612606409,0.9998912457594112
1.1445152759552002,0.04397208033160313,-0.015510139603835595,0.6350013612044303,0.011446846665427673,-0.009245161032444498,-0.006727508723242342,0.9998691100965571
1.162980079650879,0.041463946300259596,-0.014460472299682631,0.6352909606729652,0.011441591872050448,-0.007274344114749591,-0.005875849180072224,0.9998908181844389
1.1780157089233398,0.04494885404245869,-0.014915930625295162,0.6348789292357822,0.011481814448035662,-0.010019905458205846,-0.006269577487006057,0.9998642216969882
1.1968715190887451,0.04462806370845303,-0.014317371360713116,0.6349218638107783,0.011383094055276707,-0.009771436362622468,-0.005789342295371485,0.9998707054999296
1.2143259048461914,0.043687921994819995,-0.012073739789199373,0.6351336477348827,0.011532257532395214,-0.00904585994918168,-0.004025118723720674,0.9998844822644495
1.2294135093688965,0.04224956493122844,-0.016412119678905674,0.6351042538839768,0.011379404294945706,-0.00787928306130872,-0.007414039761288815,0.9998767214365728
1.2465696334838867,0.041315008999374445,-0.01601945251430694,0.6351552041994234,0.011411403951912775,-0.007146628470670041,-0.007094901583630818,0.9998841772589799
1.263336181640625,0.04438525683958612,-0.013673757728792592,0.6348995731255047,0.011412285832344849,-0.009585693551922165,-0.005281132760543408,0.999874984109501
1.2780866622924805,0.0436065186611953,-0.01129496424909892,0.6350846612739145,0.011448513390184815,-0.00899278483513052,-0.0034069593116368537,0.9998882207478557
1.294126033782959,0.043249521080041944,-0.015044253360689446,0.6350359697315401,0.01149577148908884,-0.008678257556653355,-0.006355208916328713,0.999876065521763
1.312812089920044,0.04516854266608293,-0.014361911897326888,0.6348717379799397,0.01144046946606337,-0.0102004154300007,-0.005830812588617052,0.9998655253622899
1.3285503387451172,0.04396147100190809,-0.010571588902429867,0.6351534097272601,0.011506611637256784,-0.009276772383026035,-0.0028418447487307146,0.9998867252350172
1.3453540802001953,0.044014279059778325,-0.013621114988005195,0.635138262953259,0.011409706403776785,-0.00928974818688741,-0.005239110841331259,0.9998780280094148
1.3629226684570312,0.0449858970978466,-0.01606087765936468,0.6348631380575215,0.011439008166841283,-0.010039366494683196,-0.007169451515216003,0.9998584695733269
1.379180669784546,0.04179937190675936,-0.013632555307157804,0.6351685932774082,0.01140408997599449,-0.007551079250739319,-0.005222164198045871,0.9998928227240442
1.3964359760284424,0.04173619673034287,-0.01584760307925669,0.6351284824908816,0.011386180230919212,-0.007482340179366702,-0.006962487087782361,0.9998829397778232
1.4123501777648926,0.04410826886245245,-0.013981953576773776,0.6349637134044227,0.011479343283468757,-0.009363259910984795,-0.005527877227027962,0.999874990493803
1.4282805919647217,0.03911047258772292,-0.016038323804510816,0.6353059763398596,0.011403736637063885,-0.005412257787164735,-0.007092637392553843,0.9998951728812253
1.4458529949188232,0.042723679220777265,-0.014772518887673829,0.6350861504553516,0.011351811382760705,-0.00826799739571538,-0.006123592582165515,0.9998826322180431
1.4613611698150635,0.04175551011126409,-0.016302544170631785,0.6351302137658115,0.011375408077162143,-0.0074918726378079515,-0.0073211466629544315,0.999880429224913
1.4776957035064697,0.0426242568086152,-0.013078392987023475,0.63518719464583,0.011440382026370849,-0.008201301376580736,-0.004800218966721713,0.9998894009902759
1.4948627948760986,0.042930035297216534,-0.014037567705757682,0.6351232630235847,0.011440106563817188,-0.008434272588193032,-0.005557055827829414,0.999883546288388
1.5132265090942383,0.04149888147310842,-0.01281770348581968,0.6353015481600479,0.011460512141642664,-0.007316802320646119,-0.004581313904809919,0.9998970610158615
1.5271971225738525,0.047012052876566,-0.01713692763505483,0.6346230523896209,0.011426494857763118,-0.011631222727306425,-0.008033925821491877,0.9998347893072276
1.5432186126708984,0.04255060667887806,-0.012107707968150107,0.635286946039688,0.011468490358284062,-0.00814959672177843,-0.004036479481261766,0.9998928765800724
1.5602283477783203,0.045735307698311786,-0.013760194424450787,0.6350318028499956,0.011475514590189143,-0.010639948669225439,-0.005362174047330225,0.9998631662116035
1.5797686576843262,0.04208279997048484,-0.01757176189433546,0.6350280255447992,0.011324230016411384,-0.007741717765121481,-0.008319307592492638,0.9998713000890476
1.5949537754058838,0.04297818243063404,-0.013995269802649028,0.6350449928867625,0.011422761208446503,-0.008477715367416245,-0.005523069465649436,0.9998835655076052
1.6114308834075928,0.04330281533248845,-0.017208591721627548,0.6349924887144562,0.011439944751572813,-0.008700528601721534,-0.008056837043687886,0.9998642487072849
1.628774881362915,0.04073103353628583,-0.015248215669620032,0.6351296238033505,0.011421936904970766,-0.006694735808882364,-0.006488916412546161,0.9998913010090543
1.644913673400879,0.0422798280628878,-0.01652598804769024,0.635017454910804,0.011373164906189347,-0.007903067457133118,-0.00750401727409881,0.9998759334885178
1.6625680923461914,0.04242185315935935,-0.013276553344211448,0.6351257442185496,0.01141417646005556,-0.008042247033014593,-0.004950501175143896,0.9998902596667865
1.6806306838989258,0.0430554181800631,-0.014919794993413879,0.6351075385620767,0.011391788300461092,-0.008524307222033598,-0.0062498939227089685,0.9998792437947979
1.6951086521148682,0.041371094162905325,-0.015317070601882636,0.6352793247564533,0.011464894956658044,-0.00718847324604298,-0.00654497509152977,0.9998870162858777
1.7109296321868896,0.043665954779663466,-0.012276355036247289,0.6351062123048754,0.011542373246312028,-0.009027096714988588,-0.0041813348720137365,0.999883894051419
1.7281279563903809,0.04391978736945483,-0.01685419759028589,0.6347817013178333,0.011472246988423244,-0.009195604967662245,-0.007788345217022234,0.999861575457871
1.7468914985656738,0.04288748627578771,-0.017375102945929817,0.6350142815749213,0.011436938981444964,-0.008373278987323875,-0.008182913651517163,0.9998660533040947
1.7644894123077393,0.041679523910073596,-0.01645853177964101,0.6351873130945449,0.011406802245451098,-0.007428830400772761,-0.007444413801013266,0.9998796317780301
1.7793910503387451,0.04202193768226636,-0.014320051293537391,0.6351832085608067,0.011452855586529843,-0.007717403117419054,-0.00576817702836976,0.9998879946883085
1.795792579650879,0.04113135328905443,-0.013841433329480197,0.6351683781545371,0.011424241436725194,-0.007023813401961056,-0.005386205350208481,0.9998955653191063
1.8138294219970703,0.04216816261187428,-0.0143610525759597,0.63511305834112,0.011419345923620459,-0.00783420918492079,-0.005803390527182746,0.9998872658272594
1.8283658027648926,0.04383631087901811,-0.01647276749405376,0.6349616037904924,0.011430797688640937,-0.009126488743490542,-0.007479409508716425,0.9998650421435971
1.8460955619812012,0.04464463274202382,-0.015534205386337794,0.6348079826244628,0.011467341624568155,-0.00977523301138256,-0.006751203064310989,0.999863673783993
1.8631155490875244,0.040520137513587184,-0.01493825605204336,0.6352424761939105,0.01145690593667526,-0.006528193017606135,-0.006244262460413182,0.99989355992956
1.877997636795044,0.04144273385709001,-0.012867889717179873,0.635265461354549,0.011403921603054291,-0.0072717275956362465,-0.004617494964589228,0.9998978704298246
1.8955962657928467,0.03951093494479663,-0.014428875990926147,0.6352983824258797,0.011407447783642577,-0.005741187455936415,-0.005829299588718672,0.9999014592288402
1.9123797416687012,0.039238137374436446,-0.014897004768882288,0.6353469391111478,0.011399687427291002,-0.005519160557278312,-0.0061947291787586515,0.9999006007217442
1.9296488761901855,0.04099746067714745,-0.015428581151583678,0.6352865767858502,0.011511502893741863,-0.006895820649291717,-0.006638191485558253,0.9998879274061174
1.9458520412445068,0.04289483955430098,-0.014356606981871328,0.6351256573593238,0.011483125807759046,-0.008402226261619144,-0.005810763088184347,0.9998818807478534
1.9631085395812988,0.044736261445591785,-0.015068739233065735,0.6348389326108107,0.011412010215625629,-0.00985425711659142,-0.006382907494267326,0.9998659500810286
1.9787721633911133,0.04143851311907105,-0.013339672327751427,0.6352724328855383,0.011422388655663725,-0.0072658140091582885,-0.004991546047643696,0.9998959053082663
1.9952852725982666,0.044545979139307024,-0.017984627737653545,0.6348354962863514,0.011342781690802151,-0.009676859509943146,-0.008674227946378198,0.9998512176634451
2.0130937099456787,0.0404964289246507,-0.012946812701845414,0.6353863253728862,0.011346575616582321,-0.006524755027708199,-0.0046677201778803305,0.9999034429293393
2.030032157897949,0.04307515680008588,-0.015912746957388944,0.6350947013827207,0.011438192699421033,-0.008531900332841886,-0.007028364672919964,0.9998734802536298
2.04579758644104,0.04384151945127857,-0.016964688762271685,0.634895683068595,0.011417698716543507,-0.009129258832948935,-0.007867388156518182,0.9998621890004512
2.0617363452911377,0.04404293215430395,-0.01353253156866994,0.6349580710888825,0.011459675310973501,-0.009315906356810318,-0.005173538176983646,0.9998775546201892
2.0806076526641846,0.04392346355890768,-0.016483246348333782,0.6348536596145412,0.01143656599107906,-0.009198545521656824,-0.007492001721126132,0.9998642215965268
2.0956549644470215,0.04341123767769799,-0.01365672682294461,0.635132530442496,0.011455374280797233,-0.008812957226498214,-0.005260247714434482,0.9998817109933522
2.1121699810028076,0.04388941699139027,-0.009797368900199766,0.6351185672823849,0.01150107900010455,-0.009227628837563426,-0.0022332219809641715,0.9998887881996944
2.129575729370117,0.04050033067990894,-0.007923820800343373,0.6354391777027201,0.011521830613334057,-0.00657362263439813,-0.0007307729489505218,0.9999117465435013
2.145857810974121,0.04401559499063272,-0.016457219215988774,0.6349994530793632,0.011389639876596296,-0.009266359559263328,-0.007467996211690583,0.9998643106524916
2.1634557247161865,0.043012052109753215,-0.015643190453232956,0.6350177516829714,0.01139090666266221,-0.008487620116578262,-0.006816914921442929,0.999875860905299
2.1806375980377197,0.041058050909311805,-0.013364744437065514,0.6352326074388125,0.011356623474223183,-0.006970569173703293,-0.00500306292446767,0.9998986986840382
2.196338176727295,0.04297062983674538,-0.016703627712035048,0.6350683263026289,0.01142752884310045,-0.008444501730361275,-0.00765404597380853,0.9998697502951557
2.2133305072784424,0.04201353394804824,-0.01532753792009056,0.6351217430332101,0.011383176272637753,-0.0077022744684046174,-0.006558885311371476,0.9998840329205341
2.2301385402679443,0.041646051145998245,-0.014034075388372104,0.6352848605069007,0.01136932741456159,-0.007420680163227056,-0.005535133873444541,0.9998925113196211
2.2443816661834717,0.0457346383041924,-0.015074809913992588,0.6346894926690779,0.011498228503704752,-0.01064216592544165,-0.006406570761336748,0.9998567351859825
2.260500907897949,0.04067627259655292,-0.012925443348795841,0.6353962465327334,0.011415311197159298,-0.006665821924580506,-0.004659774702025047,0.9999017671691895
2.279529094696045,0.040650902697183994,-0.014897537108525243,0.6352650608149564,0.011398553668386517,-0.006631954705003515,-0.006207262836043709,0.9998937743776305
2.2956154346466064,0.04136604118492592,-0.013627553349696762,0.6352648221598123,0.011441646087929969,-0.007203502740480498,-0.005216266122017276,0.9998949889117411
2.3137006759643555,0.039609565192648986,-0.013752772868374343,0.6353542958712699,0.011356280320670493,-0.005822608754664585,-0.005294858851157009,0.9999045437412087
2.328449010848999,0.042965833512866085,-0.016445226314464483,0.635007389430443,0.011436658702571018,-0.008442787291003352,-0.007450170833870593,0.999871200272828
2.346508026123047,0.04277197926659282,-0.0146483144696712,0.635046613004372,0.011413817987195332,-0.008307453104364154,-0.006033159957612772,0.9998821490369751
2.3643176555633545,0.04521042147823817,-0.014033693262042032,0.6349759340402825,0.011433531650511098,-0.010225910389034792,-0.005572065931249446,0.9998668197274925
2.378671407699585,0.04419487671630741,-0.01598882967620197,0.634963181608281,0.011452512627838939,-0.009413473715121053,-0.007105454372715672,0.9998648603612796
2.3979263305664062,0.04072029215439951,-0.01346084829806548,0.6353152209516274,0.011421339423940692,-0.006699001805482092,-0.00508062557913982,0.9998994267546601
2.4134790897369385,0.042596692408763,-0.012735082409070798,0.6352946623999586,0.011445943216240179,-0.008178681893233626,-0.004526935238588696,0.9998907972392412
2.4282171726226807,0.04160406180805644,-0.014799069651034918,0.6351411757448221,0.01144182640220742,-0.007385307190919618,-0.006144285682113209,0.9998883885713116
2.4470291137695312,0.04255346462108858,-0.01664304132825357,0.6350862341735606,0.011362842161530108,-0.008113662484562016,-0.007600033685677044,0.9998736389099752
2.461725950241089,0.04135328457304851,-0.012173593053963355,0.6353828638550217,0.011416160766724274,-0.007203209573847586,-0.004071904131137704,0.9999005973805248
2.4792728424072266,0.044614506360729056,-0.01638065495413449,0.6348609917958433,0.011414929364914466,-0.009742288202075318,-0.007411659137900553,0.9998599174469418
2.496047019958496,0.04087739106148979,-0.015927058441393943,0.6351832734532158,0.011370935949038385,-0.0068029788268476575,-0.007016198194753067,0.9998875908108953
2.5117950439453125,0.04308086705142278,-0.016074086393947924,0.6350489498948623,0.011384204317771351,-0.008536056894348778,-0.007157036818366917,0.9998731481786718
2.530813694000244,0.041368329878633994,-0.014346438692263708,0.6352270823042434,0.011389976279173809,-0.007203214454139402,-0.0057800780734204495,0.9998924806394699
2.547177791595459,0.042793282535350814,-0.0127136012685522,0.6352519092449564,0.011388384557115957,-0.008336637958688648,-0.00450640838315248,0.9998902427007723
2.562596559524536,0.04312623149530202,-0.012759693898572781,0.6351063296379336,0.011461877453870799,-0.008602185067156903,-0.004553477565292143,0.9998869404184481
2.5801103115081787,0.045409182511777835,-0.012632613656147148,0.6350185421971541,0.011450233833546474,-0.010397371345806102,-0.004474194887631883,0.9998703757959639
2.596601724624634,0.042786859204855525,-0.015529865184746711,0.6352292059357827,0.011412590851721098,-0.008305945386757404,-0.006724531391900181,0.9998777648887102
2.612844705581665,0.041514553133230395,-0.01385869379031156,0.6351361678064644,0.011435660313224004,-0.007325663038236889,-0.005400044325187939,0.9998931942240316
2.6314873695373535,0.04301201569405742,-0.015677557632588802,0.6349906533439635,0.011382158563061514,-0.008488819820701203,-0.006843744688088843,0.9998757670646594
2.646231174468994,0.04117925505061678,-0.012546732409419486,0.6352453315987476,0.011444773069447047,-0.007069954959380454,-0.004367550707253968,0.9998999737009101
2.664018392562866,0.044516239726380386,-0.01685449057533321,0.6348662327602647,0.0114386355009835,-0.00965922000970019,-0.007787150496936858,0.9998575985478221
2.680569887161255,0.044919680460678624,-0.015089290431869132,0.6347734351611114,0.011457952147657045,-0.009997705935773829,-0.0064055542394989735,0.9998638557741191
2.6960697174072266,0.043680480281458184,-0.015768132624547047,0.6349478557258704,0.011346069832850325,-0.009015668104965714,-0.006921552351830763,0.9998710299538687
2.7137093544006348,0.04299122358199412,-0.013803008392188825,0.6350747443827398,0.011498062660923564,-0.008485962564629211,-0.005379086260453782,0.9998834174169505
2.731879234313965,0.04516171665858544,-0.01461701235155885,0.6349050357643086,0.011391493760829331,-0.010187890516679203,-0.006030367396526365,0.9998650286042512
2.7457222938537598,0.043638011352140224,-0.013321049832681023,0.6350580465470903,0.01144970397051045,-0.00899945334052239,-0.004999587931549832,0.9998814520927338
2.7652437686920166,0.04385043124221126,-0.015108322770767542,0.6350291428918501,0.011448910267882232,-0.009150486475808553,-0.006408854446511433,0.9998720506322883
2.7809817790985107,0.043705844548481164,-0.015216411157722154,0.6350431855546772,0.011409136212586986,-0.009034994246654895,-0.006487769400339267,0.9998730466104452
2.7954471111297607,0.04364274434497425,-0.01421388849996788,0.635053840015725,0.011395615488662149,-0.008995143825838863,-0.005695945387603697,0.9998783843754843
2.8147497177124023,0.04246647831458503,-0.015447155174048457,0.6350671449297753,0.011361029361612204,-0.008060695337888205,-0.006656759599810032,0.9998808127742749
2.831078290939331,0.04419979737336563,-0.01496906798952128,0.6348784975314771,0.011450962898250828,-0.009431831058423285,-0.006303646442897715,0.9998700815871586
2.8464770317077637,0.04373185142119099,-0.015021471303197916,0.6350473124067633,0.01145346125447201,-0.00905787707892511,-0.006338180580220135,0.999873292250097
2.865739345550537,0.04274344340464861,-0.013956852018834967,0.6351165899840954,0.011435474397166424,-0.008289383814471968,-0.005491005809208892,0.9998851758559537
2.880627393722534,0.04088061739983674,-0.013561629347295247,0.6353428127214512,0.011487390637686301,-0.006819497850599122,-0.005163859468706145,0.9998974291700076
2.8965272903442383,0.04155616146991988,-0.015366723257379577,0.6352662104116212,0.011420816622665794,-0.007336190448135246,-0.006587991844175862,0.9998861653312547
2.914722204208374,0.041648665755681526,-0.014786741570111669,0.6352223670152739,0.011374606335517764,-0.007419096574536916,-0.0061294117494733605,0.9998889966632972
2.9302775859832764,0.043430913096747154,-0.017443962811891013,0.6350510727307231,0.011412913932705554,-0.008797275423366337,-0.00823617085660738,0.9998622499276143
2.9466452598571777,0.0401940616762827,-0.014617565472519758,0.6353003683172274,0.011367136435192238,-0.006275897816587631,-0.005980719176180538,0.9998978109356952
2.9656033515930176,0.040974586908956584,-0.01799080341173651,0.6351011746174922,0.0113677056550733,-0.00686500655987514,-0.008643599971821991,0.9998744596861147
2.97979474067688,0.04157378339550388,-0.015281571735149876,0.6352407665242823,0.011350518866875768,-0.0073559864515394145,-0.006513357506792183,0.9998873093297895
2.998164176940918,0.043249437141981366,-0.013189440200708322,0.6351538681012578,0.011459359482253158,-0.008690536254722804,-0.0048904662821775465,0.9998846138427198
3.0137393474578857,0.04159739669046283,-0.015404015137760891,0.63515844046896,0.011460018481634464,-0.007375949700424857,-0.006619426936981834,0.9998852166771162
3.028794050216675,0.04325424225728696,-0.014658328654302631,0.6350547426229222,0.011450672585645586,-0.008686000065624894,-0.006050638009112576,0.9998784052472977
3.047473669052124,0.04338552046346525,-0.015161272742967236,0.6350625968413428,0.011384850674834815,-0.00878390931084378,-0.006439244973965792,0.9998758744146674
3.0632569789886475,0.04316839760222111,-0.014807405432181217,0.6349932998227649,0.011364446003471813,-0.008619019779537506,-0.006159443354287198,0.9998793042775911
3.0794332027435303,0.04173556155540763,-0.012156583565438944,0.6352069029514072,0.011486852613779769,-0.007511874339513646,-0.004068284881678906,0.9998975312596077
3.095959424972534,0.03922571555898543,-0.010918735312167485,0.635492713076315,0.011478833062267348,-0.005543068558985231,-0.003069042229077569,0.9999140421867647
3.1144676208496094,0.040414121905746704,-0.013567829922812052,0.6353714308138125,0.011466101527155362,-0.0064518060780313765,-0.005161804314014744,0.9999001242575801
3.129804849624634,0.04287017365518994,-0.017272920652103313,0.6349805048512472,0.011403069339703047,-0.00835875164778462,-0.008096484755050846,0.9998672652983173
3.1490602493286133,0.04135502963251462,-0.013601925417866775,0.6352427413333701,0.011420750225792206,-0.0071978036674616285,-0.005197196290326999,0.9998953681447698
3.1634554862976074,0.038541682005489505,-0.01511653685115589,0.6353904218885175,0.011427993589877594,-0.004970586430174204,-0.006364369091096725,0.9999020897263502
3.1810076236724854,0.04343565145342985,-0.017467650843068304,0.6349837462380375,0.011415054808008786,-0.008805359471504832,-0.008255825334462862,0.9998619922351057
3.1986005306243896,0.04167939028529791,-0.012904141446735812,0.6352187099269997,0.011406326660264376,-0.00746268683351149,-0.004648817764765423,0.9998962908775761
3.212963342666626,0.044703668569140986,-0.015150701755581725,0.6349696172376128,0.011444521046851203,-0.009823462397036515,-0.0064495373989857125,0.9998654539446201
3.23117995262146,0.045842090516770004,-0.015536057102906977,0.6348712633692927,0.011484503429771538,-0.01071380627804254,-0.00676597149404274,0.9998537603898632
3.2483999729156494,0.0420113768125669,-0.014222273298913502,0.6351940930796319,0.011439363842449764,-0.007707548954143704,-0.005689529629571125,0.9998886757517529
3.2630040645599365,0.04608579530086983,-0.013978634626786009,0.6348162939327726,0.011463102624946696,-0.010922452215962835,-0.005538412405675333,0.999859301753914
3.2823712825775146,0.04313849287874063,-0.014508117713478836,0.6350293127240497,0.011386751713720292,-0.008597737470139867,-0.005925258902408297,0.999880648929033
3.2972891330718994,0.04107252857705199,-0.013487387082565083,0.635281911070379,0.011397042853600768,-0.006974818370638261,-0.005101276621522805,0.9998977129185368
3.3133106231689453,0.04190303805281266,-0.012804818372140297,0.6351422950932902,0.011441507706140422,-0.007637844120369907,-0.00457588266801953,0.9998949027454894
3.33172607421875,0.04357089153284925,-0.012598692500370726,0.6349868434860242,0.011369955891114074,-0.008956612514295597,-0.004426508597664705,0.9998854480473938
3.3467280864715576,0.0398145631682318,-0.012762637132976198,0.635396918024137,0.011332150290176953,-0.005990384926964264,-0.004520079984839522,0.9999076290013784
3.362260580062866,0.04320505264026687,-0.014563686362783941,0.6351086683879001,0.011403384754966968,-0.008643874419358693,-0.005969625622764362,0.9998797976862401
3.381847620010376,0.04332477772325048,-0.013760991243485786,0.6351151393066493,0.011480011112413091,-0.008746827454348316,-0.005341381416840803,0.9998815789876833
3.397660255432129,0.04313867070199286,-0.014680952280103075,0.6350406480098579,0.01144656281648735,-0.008596152742021497,-0.006063761539852395,0.9998791492744069
3.415097951889038,0.045132001508769296,-0.017842586554607298,0.6347921536107436,0.01140881270819654,-0.01013908737749716,-0.008569327289446645,0.9998467905282024
3.431096076965332,0.044835448864883116,-0.016395724077153513,0.6348455170434085,0.011467320118490403,-0.009917680729413458,-0.0074295025649337345,0.9998574611762855
3.446180582046509,0.042726791535512176,-0.012714353326570092,0.6351094977308562,0.011382664113717005,-0.008290768380575369,-0.004506623745026396,0.9998906882553485
3.4626271724700928,0.044399256382136626,-0.0167016567419491,0.6346890817072923,0.01141073792582297,-0.009577980186011617,-0.007669547981542514,0.9998596078396723
3.480558395385742,0.04323653483651742,-0.017674401921347213,0.6349292996113168,0.01144631151897834,-0.008646985894970113,-0.008424322335991993,0.9998616116146883
3.4962079524993896,0.043497794804212876,-0.014137115551694373,0.6349479838280693,0.011433042889903919,-0.008885459615394942,-0.00563982342273916,0.9998792559751708
3.5145275592803955,0.042269061076132985,-0.01493183492423036,0.6350813131335731,0.011433514091701241,-0.007907207277783072,-0.006252307691409801,0.9998838229900077
3.5299105644226074,0.04271972310927147,-0.013616610919492074,0.6350546612408684,0.011488544767197078,-0.008273984542483865,-0.00522899269718305,0.9998860995904962
3.54831862449646,0.04203029334041768,-0.0151203871510902,0.6351488269316722,0.011412418983434779,-0.007714237685027188,-0.00640085397949599,0.9998846314941633
3.5649750232696533,0.042614316931979965,-0.012594954517059586,0.6352022426975918,0.011417553069179761,-0.008195648991790722,-0.004416117248196791,0.9998914784755224
3.5798823833465576,0.043464434078070324,-0.012738848210985771,0.6350279884373486,0.011355412626616214,-0.008870909845426926,-0.00453276858211618,0.999885901276528
3.5986034870147705,0.04233434355023479,-0.01284568198666769,0.6351457553998117,0.011431339128597565,-0.007977005409954347,-0.004613156574074849,0.9998921995179478
3.6147801876068115,0.047036338647527175,-0.013943656069813081,0.6347596206593549,0.01152445215643186,-0.011670289381850508,-0.005526230460267575,0.9998502148447727
3.6298415660858154,0.042031343061128566,-0.015583111637691143,0.6351305951710755,0.011406515509080745,-0.007715072845618842,-0.006760724639952315,0.9998823239048037
3.6481356620788574,0.04024423096030136,-0.012793873486918683,0.6352805037778659,0.011440512138521963,-0.006333176230980069,-0.004552923739110103,0.9999041336279502
3.6652066707611084,0.0454402064246589,-0.016309813054924602,0.6347184050551136,0.011456834710595916,-0.01039776529269223,-0.007373663209773342,0.999853117465861
3.68143630027771,0.04269209614672273,-0.013478114237162147,0.6351639121732772,0.011485758683656732,-0.008249907327130018,-0.005117778064758561,0.999886905966987
3.697326421737671,0.04057598613033171,-0.015112172643287451,0.6352165965534226,0.011386446345133224,-0.006574138347066066,-0.006375185602772103,0.9998932375774692
3.7149271965026855,0.04097406720574395,-0.01154763843717985,0.6353381442500107,0.011422362880195604,-0.006915137680582198,-0.003577632680377712,0.999904450955938
3.728955030441284,0.039437250152498056,-0.01001519977897839,0.6354833512158499,0.011488022724284858,-0.005716372697722588,-0.002363420578123613,0.9999148777072167
3.7470943927764893,0.039213901376340204,-0.013080733308889494,0.6354572940427325,0.011407436517826127,-0.005513770256264496,-0.004766083100712521,0.9999083723929558
3.7636029720306396,0.04137646549503962,-0.01590774811723241,0.6351496184321244,0.011386151699239781,-0.007195718835473551,-0.007008157718150122,0.9998847248084752
3.781460762023926,0.04154805190686713,-0.014350767577347559,0.6352517396421314,0.01138852601563755,-0.0073444231903075285,-0.00578507932117832,0.9998914409976918
3.7984282970428467,0.043714939897932854,-0.015253018518743215,0.6350589831125831,0.011434510996261792,-0.009041682727547887,-0.006521694872270061,0.9998724755826234
3.8138515949249268,0.043526746113832865,-0.011547057439423976,0.635235579738351,0.011516559720381564,-0.008921935335050396,-0.00360636766239553,0.9998873746749519
3.83239483833313,0.04401829876905856,-0.011636633026745297,0.6351134776366316,0.011496403402546939,-0.009309830987126443,-0.003678589237809739,0.9998838071181154
3.8496029376983643,0.04270481815274007,-0.011301385117286476,0.6351409915438401,0.011483184373536216,-0.008283860537036673,-0.003403695673003584,0.9998939588711453
3.863339424133301,0.04225618749203515,-0.01382772325853084,0.6352625973088563,0.011475375901493036,-0.007900991818640969,-0.005387488562059539,0.9998884262972518
3.8832454681396484,0.041894415054464146,-0.01796269110782228,0.6351058168593541,0.011385613826172696,-0.00758423099255625,-0.00863085402680099,0.9998691692400665
3.8989527225494385,0.04126497168740387,-0.015182812667342498,0.6351378990728466,0.011431922043096166,-0.007113949155011618,-0.006439543546300123,0.9998886113786554
3.9129645824432373,0.044171152318951176,-0.016414135115171924,0.6349410964074771,0.011464087071957304,-0.009387486144227578,-0.007438707442130827,0.999862548275056
3.9316985607147217,0.04105530500117882,-0.015911657705479084,0.6351345755058216,0.011508914194156098,-0.0069421233644516986,-0.007020722954349823,0.9998850240234938
3.94797682762146,0.04106686810270755,-0.015152349549340272,0.6352528207920082,0.01142279981610367,-0.006955125556540207,-0.006413138812968503,0.9998900027120081
3.9642012119293213,0.040444680063445905,-0.014611064808534009,0.6352586347982386,0.01136672659773721,-0.006473709624351889,-0.005976648028070074,0.9998965787962775
3.9819631576538086,0.04445824729000086,-0.013654840241542187,0.6349606118352378,0.011443203606410352,-0.009643524718265621,-0.005270768673922066,0.9998741293381964
3.9978525638580322,0.03775416292889207,-0.016161286822145043,0.6354381529330552,0.01140373478067019,-0.0043436806321112695,-0.007177746372186578,0.9998997785921521
4.0159101486206055,0.04165509345828742,-0.018382780425707908,0.6350311942800773,0.011348251909736953,-0.0073967040809563974,-0.008957258399603459,0.9998681280395403
4.031825065612793,0.0445109004315548,-0.014758856113233527,0.6348578275877391,0.011394356218835508,-0.009679105536250319,-0.006134114874612421,0.9998694195729168
4.0476460456848145,0.043628815884731276,-0.015179557061007789,0.6349786667064592,0.011442465438319697,-0.008977670692447362,-0.006463840838868523,0.9998733370658709
4.065924406051636,0.043434428602459024,-0.015267850919312128,0.6350735211721651,0.011371944435267952,-0.008819866075464743,-0.006524483096561509,0.9998751521877594
4.081197023391724,0.041374894034489684,-0.015115331791368087,0.6351337186515971,0.011433355936258443,-0.007202889751589262,-0.006387481483610549,0.99988829217646
4.096925497055054,0.04084130183287025,-0.015683733475755232,0.6351640513044203,0.011437986313449456,-0.006778841825526328,-0.006829890655978906,0.999888279942427
4.116527795791626,0.04294024901505965,-0.012192787214104252,0.6350687982425196,0.011492872236660533,-0.008461464329881485,-0.004110441077844345,0.9998897048091312
4.131993532180786,0.0426227327532068,-0.015956387029517544,0.6350487647685065,0.011435408142035692,-0.008175415211394966,-0.007065115373631102,0.9998762314264219
4.148520469665527,0.04169367869347078,-0.013765614379430292,0.6351916051030487,0.011383937019939951,-0.007464667075907158,-0.005325514579014309,0.999893156101111
4.164465665817261,0.03904410236892425,-0.013359514616853092,0.6352303832660959,0.011415855700404914,-0.0053860482539072165,-0.004985700290462517,0.9999079015166586
4.180236339569092,0.0409561039853959,-0.013453442255592415,0.6352311526720906,0.011396053009831852,-0.006887250017954484,-0.0050784148824538165,0.9998984475761871
4.198379278182983,0.04049509075938176,-0.015074067227201202,0.6352687046686517,0.011401218621325216,-0.006509796186840184,-0.006348217024342891,0.9998936618001768
4.218023061752319,0.04287046534931048,-0.015142300253656774,0.6350615211904017,0.011380928099138675,-0.008380708271026667,-0.006419566443664605,0.9998795064262261
4.23170280456543,0.04423506663844581,-0.012167418887326538,0.6349021609977463,0.0115612082074723,-0.009483288889650561,-0.004106729712854824,0.9998797630053747
4.250187397003174,0.04295468675199779,-0.012728219654908222,0.635212487677591,0.011414059490863371,-0.00846346292192791,-0.004527133843215342,0.9998887908665013
4.266655206680298,0.038738854821037526,-0.013799837851554895,0.6354654671347953,0.011456429609444886,-0.005133513017261828,-0.005333963313946857,0.9999069687226262
4.279702425003052,0.041231164292906124,-0.014815999192619228,0.63520261966978,0.011406147146937435,-0.007089629305259893,-0.006149002272414877,0.9998909074167192
4.299465894699097,0.04169016178939526,-0.016017534157391024,0.6351002092735285,0.011372058078561911,-0.007443492075158624,-0.007098829315171328,0.999882431760424
4.315680503845215,0.04073482449424048,-0.01109115209506644,0.635426787456963,0.011512154819849603,-0.006725420840875733,-0.0032247246545427477,0.9999059156524774
4.331187963485718,0.043293106636669035,-0.014231119084843084,0.6350769288045582,0.01150374620966467,-0.008714251709393344,-0.005716761675959197,0.9998795148797825
4.350194215774536,0.04494606964410898,-0.013650981322518553,0.6350425462017152,0.011417355135852984,-0.01001963035059493,-0.005264776203321502,0.9998707582187151
4.365623712539673,0.04095434744079316,-0.012754463973286518,0.6353692058324132,0.011471751083283162,-0.0068842762279738914,-0.0045255602342539215,0.9999002575119511
4.380524635314941,0.04442247636197839,-0.014331110177172101,0.6349554661236235,0.011450000429310358,-0.009607761544688696,-0.005804309460491991,0.9998714409362616
4.400575160980225,0.04133948096954812,-0.01363603336113846,0.635328011811708,0.01150527985619405,-0.007180316965958855,-0.005228374706430186,0.9998943622611483
4.415713310241699,0.04208408161972655,-0.015358639411585932,0.6350834822419813,0.011387373850850603,-0.007760313577800568,-0.006582108192027085,0.999883383751177
4.431850910186768,0.043728719291617174,-0.0147234432563552,0.6349915315886818,0.011399963519100411,-0.009060506034375783,-0.0060993802068664395,0.999875365044692
4.449896574020386,0.04335194947029489,-0.013661100807012376,0.6351086170214465,0.011455700999676048,-0.008769923615450863,-0.005266204261356126,0.9998820542679335
4.465281248092651,0.04048700753655542,-0.01466457121869838,0.635360345645579,0.011376561078222644,-0.006505081268959581,-0.006021958059631758,0.9998959914895377
4.482519865036011,0.044116143086543096,-0.016795018999229017,0.6347935806922411,0.011426237657706164,-0.009350634242032039,-0.0077354904381579355,0.999861074809867
4.501034259796143,0.04353058135202356,-0.014921060510631662,0.6349585695342249,0.011429995226112705,-0.008901158327798166,-0.0062560725722972145,0.9998754853208096
4.514073848724365,0.040273974492930596,-0.01512193263863921,0.6352605476919159,0.011406938291314225,-0.006334080564018633,-0.006383666009410494,0.9998944994300683
4.532836675643921,0.04299524272408957,-0.01731055507086641,0.635037954075134,0.011355186918633015,-0.008456759416110703,-0.00812448372543696,0.9998667589806234
4.549116134643555,0.04148656242582709,-0.011866286638567109,0.6352252766949132,0.011409527346872393,-0.007316478554925792,-0.0038286402539980642,0.9999008117513866
4.564439058303833,0.04274497870145797,-0.013643184691675447,0.6350947093405281,0.011456102600192508,-0.008292075370182294,-0.005245749577389947,0.9998862341839897
4.583480596542358,0.041270442074772734,-0.015840345598803415,0.635071221567168,0.011465480169628894,-0.007114799658222535,-0.006965279271021515,0.9998846969900979
4.598075866699219,0.042204156508106945,-0.011942175432472286,0.6352210442707216,0.011452999532918345,-0.007879671359864879,-0.00390228106417012,0.9998957504577444
4.615065813064575,0.044747165937527984,-0.016150846248179283,0.6348556227293037,0.011444655948147866,-0.009849672767066131,-0.007233273522232978,0.9998598319518406
4.63338041305542,0.043481651680525084,-0.01125403727824545,0.6351004691139535,0.011414217498583573,-0.008895554158244955,-0.003370167258118177,0.9998896072706053
4.6485395431518555,0.04161868247421446,-0.014556970234611728,0.6352807628874273,0.011428722554197381,-0.007395531679251089,-0.005953916042029572,0.9998896145553892
4.664828062057495,0.04390823461097852,-0.016507909418970734,0.6350044278832268,0.0113869422254706,-0.009185280679245157,-0.007504116493322615,0.9998648190636832
4.683265209197998,0.04247772434923034,-0.012382530573462695,0.6351818480040549,0.011425656201784965,-0.008092724201774716,-0.004245606260399027,0.999892962782934
4.699005842208862,0.042507516848099974,-0.014050581903099555,0.6350927641964145,0.011402601512494852,-0.008105194214660985,-0.005562268557489132,0.9998866674148548
4.715064525604248,0.04178916441435957,-0.015351589423439043,0.6350973690294355,0.01146233912071098,-0.007527455600119166,-0.006585694031690762,0.9998842837189666
4.7330005168914795,0.04434724553800024,-0.014050900456055698,0.6350398211058178,0.011410214958235602,-0.009548779257566857,-0.005577420505922499,0.9998737521256357
4.748064756393433,0.042974464844290974,-0.014522026592065009,0.6350151076860289,0.011354986407294024,-0.008470602177473096,-0.0059304130051499974,0.9998820647376517
4.766084909439087,0.041914381544082016,-0.015140645231304619,0.6351239876446639,0.011377400120804597,-0.0076289461523095774,-0.00641368678717444,0.9998856027410798
4.783016204833984,0.040572672048008726,-0.016128643739706898,0.6352544634131483,0.011399905948929765,-0.006559994260484396,-0.007178896524305916,0.9998877297298688
4.797999620437622,0.04350182445877104,-0.014113496500107226,0.6350701934569098,0.011410803764978661,-0.008885913682268565,-0.00561680759217753,0.9998796355401688
4.8157408237457275,0.04378406670322552,-0.017218905432647164,0.6348353396383237,0.011376318326475296,-0.009087429865615204,-0.00806231559968486,0.9998614889408148
4.833279609680176,0.04242974838876637,-0.014248955833920465,0.6350507926939049,0.011415340470413211,-0.00804395549405132,-0.005718704764746026,0.9998861341161643
4.847771167755127,0.03973432493939379,-0.0141857204218962,0.6354166146220152,0.011406039115187089,-0.005915275688612754,-0.0056415010264180415,0.999901537778295
4.86855411529541,0.044229394560392966,-0.015519028910678256,0.6350332178645637,0.01142943564960479,-0.009443868136821095,-0.006731263200476268,0.9998674269377276
4.882849931716919,0.042996795577047525,-0.015558151902536593,0.6350413305289017,0.011406762858478667,-0.008476756637736858,-0.006750307527248856,0.999876224192916
4.898372650146484,0.042837602007541664,-0.015415281236035562,0.6351318363615257,0.011451265674696993,-0.008348823437241198,-0.00664242849987609,0.9998775144012817
4.917316913604736,0.04229098367712512,-0.015407629530007093,0.6351630054232932,0.011457915943332411,-0.007917766369487999,-0.006632642417060834,0.9998810095168931
4.9319634437561035,0.04244024996744758,-0.01244400036118271,0.6352923034199147,0.011427116430674273,-0.008059150473867883,-0.004291980596624679,0.9998930192807015
4.949545383453369,0.04189620258045379,-0.011612602172389186,0.6353051680797394,0.011389379689252523,-0.007639630804031439,-0.003633210327983035,0.9998993538622699
4.965891122817993,0.0440965236058052,-0.015940249766338642,0.6349500000352261,0.01143628545835548,-0.009338490313482526,-0.007065196706360921,0.9998660345111642
4.98238205909729,0.04015637600076712,-0.012024272613967359,0.635424913841165,0.011428589376568337,-0.006263656366938878,-0.00394520848034469,0.9999072903443725
