Time (s),Translation X
0.032509565353393555,-0.18649337289024578
0.04707694053649902,-0.18651616898152523
0.0655968189239502,-0.18646590158110787
0.07947087287902832,-0.18648252469915072
0.0993044376373291,-0.18650564817046128
0.11325240135192871,-0.18651384994331416
0.13047552108764648,-0.1864883918958743
0.1499471664428711,-0.18652392700926362
0.1622295379638672,-0.18648475384507884
0.18094086647033691,-0.18642559386665694
0.19917917251586914,-0.1865118041132228
0.2126753330230713,-0.1864659860169923
0.23015141487121582,-0.18649406734859364
0.24668025970458984,-0.18647798868802587
0.26404285430908203,-0.1864630435285686
0.27937936782836914,-0.18652699710958331
0.3005661964416504,-0.18645939481531015
0.3135402202606201,-0.18647788802001591
0.3294358253479004,-0.18651163310231733
0.34982776641845703,-0.18645912787880106
0.36290812492370605,-0.18647659809516853
0.3816041946411133,-0.18648288601037055
0.39887094497680664,-0.18649692645792323
0.4136543273925781,-0.18653848107073073
0.4336674213409424,-0.18650606579413967
0.4475123882293701,-0.18647998248045283
0.4628868103027344,-0.18649268093802696
0.4839656352996826,-0.1865317924621704
0.4965343475341797,-0.18643301676349555
0.5137217044830322,-0.1864593559597872
0.5347805023193359,-0.18650398661809128
0.5464637279510498,-0.18647453437414763
0.5661048889160156,-0.18645860267520775
0.5796887874603271,-0.18652205290584356
0.5966227054595947,-0.1864482917330077
0.617102861404419,-0.18647935942038346
0.6326868534088135,-0.1864919857001359
0.647763729095459,-0.1865321774394059
0.6673524379730225,-0.18647048439277164
0.6801738739013672,-0.18652019787242524
0.7005870342254639,-0.18645022709405695
0.7132172584533691,-0.18653377641348073
0.7303245067596436,-0.18654457866852
0.7493152618408203,-0.18651706772579443
0.76676344871521,-0.18646554991763226
0.7819924354553223,-0.18651986351321986
0.7995595932006836,-0.18644413841658772
0.8145630359649658,-0.18650924640890307
0.8333871364593506,-0.18644610952237178
0.8490786552429199,-0.18653234858435744
0.8629908561706543,-0.18650938297387165
0.8804030418395996,-0.18648193842230837
0.9009242057800293,-0.18649451954643653
0.9137823581695557,-0.18652980789639567
0.9333462715148926,-0.1865097423113864
0.9498662948608398,-0.18645655032306
0.963336706161499,-0.18646723128151096
0.984731912612915,-0.1864974954792886
0.9973790645599365,-0.1864973140670676
1.0136463642120361,-0.18652914264696918
1.0336639881134033,-0.18646251706630587
1.0494043827056885,-0.18646140715160997
1.0645105838775635,-0.1865236837152901
1.0801479816436768,-0.1865086454516116
1.0976662635803223,-0.1864805503732366
1.117300271987915,-0.18650750131484317
1.1314582824707031,-0.18653891682159812
1.1501715183258057,-0.18651808350818339
1.1638481616973877,-0.1864269468374754
1.1848807334899902,-0.186498534025321
1.1968936920166016,-0.18648184580283605
1.218064546585083,-0.18647454327474633
1.2329931259155273,-0.18647328424871878
1.2491521835327148,-0.18649950684840608
1.263930082321167,-0.1865373226460829
1.2823116779327393,-0.18652196940360102
1.29707670211792,-0.1864167724660123
1.3173975944519043,-0.1864110320225158
1.3306925296783447,-0.1864982737713609
1.3507459163665771,-0.18651609812187603
1.3654365539550781,-0.18650201533157235
1.3828983306884766,-0.1864920329668341
1.400069236755371,-0.18649810186780225
1.4139823913574219,-0.18649869809585504
1.4305403232574463,-0.18647936075517665
1.4497804641723633,-0.1864851345667391
1.4661173820495605,-0.18647466918161987
1.4838731288909912,-0.18643934833009213
1.5010597705841064,-0.18649105244546066
1.514113426208496,-0.1864644784102297
1.5312297344207764,-0.18648723264285838
1.5503811836242676,-0.18649482298367942
1.5639989376068115,-0.1864190214331266
1.582772970199585,-0.18645086412543135
1.598325490951538,-0.18651433675504614
1.6157479286193848,-0.1865009567076912
1.632749080657959,-0.18648650959247495
1.6493253707885742,-0.1864587232102132
1.663799524307251,-0.18639005162798633
1.6853229999542236,-0.18651999850420253
1.6979429721832275,-0.18649277736716638
1.7163488864898682,-0.18646540466410497
1.7344651222229004,-0.18653338865371652
1.7476353645324707,-0.1864747318805059
1.7686166763305664,-0.18645222528408992
1.7844254970550537,-0.18649879374942901
1.7973811626434326,-0.18646591241194668
1.8177461624145508,-0.18652524701939593
1.8375637531280518,-0.186455493875497
1.8496575355529785,-0.18645593644883596
1.8667654991149902,-0.18647007782414737
1.8818211555480957,-0.18649047394285376
1.8980202674865723,-0.186511015434761
1.9185607433319092,-0.18649564799328788
1.9328603744506836,-0.18647396345922154
1.9474565982818604,-0.18648220114459957
1.9685354232788086,-0.18647442237574738
1.9850196838378906,-0.18653523953777434
1.9981658458709717,-0.18648241948948546
2.01888108253479,-0.1864473732644927
2.031381368637085,-0.1865301616081999
2.051980972290039,-0.18650421161766495
2.066389560699463,-0.18649658798747282
2.0810739994049072,-0.18650760997978202
2.1021230220794678,-0.18654894365947244
2.117213249206543,-0.18652147752439524
2.1326675415039062,-0.18647535891795158
2.152005195617676,-0.18649786433119508
2.1647400856018066,-0.1865250210554969
2.1845719814300537,-0.18645219039659655
2.1994073390960693,-0.18649430423265823
2.214677095413208,-0.1865177731906473
2.2350640296936035,-0.18649642037366865
2.248927116394043,-0.1865243155561555
2.265028476715088,-0.1864896510922999
2.2854726314544678,-0.18649101796842704
2.2983782291412354,-0.1864042973277779
2.318528413772583,-0.1863985499867093
2.3334145545959473,-0.1864828486634017
2.348271608352661,-0.18652459238417446
2.3687853813171387,-0.18645503497526522
2.383131265640259,-0.1864325324190736
2.4013943672180176,-0.1864939063704657
2.4175097942352295,-0.18645060548727824
2.431708574295044,-0.18649811796483381
2.451925277709961,-0.18648459357939215
2.468841075897217,-0.1864827907555228
2.484088659286499,-0.18648629852040982
2.501497745513916,-0.18647321426069718
2.5195906162261963,-0.18646519788761884
2.5346596240997314,-0.18648828971774822
2.5486974716186523,-0.1864754368893888
2.5671498775482178,-0.1865043414075404
2.5827298164367676,-0.1864627285505757
2.600989818572998,-0.18642062676974452
2.6152210235595703,-0.18647873689971695
2.635744571685791,-0.18649399542196304
2.649024248123169,-0.18648366420817092
2.6689612865448,-0.18645107565218041
2.6827731132507324,-0.18651480408583887
2.7020139694213867,-0.18641301424723605
2.715557336807251,-0.18651842640156802
2.735541582107544,-0.18645900887924108
2.7487740516662598,-0.18649067639287872
2.7695860862731934,-0.1864667916344543
2.7832207679748535,-0.1864788559374165
2.800536870956421,-0.1864474259460617
2.8162946701049805,-0.1865219892075945
2.8348920345306396,-0.18646505432250704
2.850562572479248,-0.18654024650220125
2.8666741847991943,-0.18660407732917209
2.885934829711914,-0.18646219826253285
2.898639440536499,-0.1864373126685323
2.9195806980133057,-0.18650175866748564
2.9321415424346924,-0.18650440290911538
2.952671527862549,-0.18646366254556818
2.967987060546875,-0.18654228366410222
2.981971263885498,-0.18646935473942788
3.002164125442505,-0.18656457171254956
3.0155787467956543,-0.18648750596109737
3.032423973083496,-0.18649344433274095
3.053100347518921,-0.1864414890317978
3.0655977725982666,-0.18649167808586925
3.0860915184020996,-0.18650919159091456
3.101271629333496,-0.18653641722484043
3.118462562561035,-0.18652775892984724
3.132293224334717,-0.18645773751220568
3.152073860168457,-0.18645413391277915
3.1691396236419678,-0.18646916056165302
3.183626890182495,-0.18648998948833898
3.1993510723114014,-0.18647201688281909
3.220036745071411,-0.1864041957475581
3.235905170440674,-0.18648812093746167
3.249192714691162,-0.1864769392961
3.2700862884521484,-0.1865230146671778
3.283461809158325,-0.18645756922609025
3.302062511444092,-0.18645599083618886
3.3180932998657227,-0.1864737472485385
3.3326687812805176,-0.18645041448127664
3.3533732891082764,-0.1865122818614332
3.3677406311035156,-0.18651640360049365
3.385436773300171,-0.18646630683190385
3.4026479721069336,-0.186473759990723
3.419642925262451,-0.18646955239542917
3.432415246963501,-0.1865000177315643
3.453331470489502,-0.1864077730835383
3.4662857055664062,-0.18649951654435384
3.483126640319824,-0.1864688879756526
3.500523567199707,-0.1864682958207077
3.5158321857452393,-0.18649190164638513
3.5340826511383057,-0.18651409064785524
3.551257371902466,-0.18649815181722612
3.566019296646118,-0.18639764012175025
3.5851569175720215,-0.18644375693891252
3.6026153564453125,-0.18652002042123997
3.6188886165618896,-0.186461467406245
3.6362223625183105,-0.18651385564550604
3.649531126022339,-0.1864699780392181
3.6704657077789307,-0.18638726927478316
3.6858456134796143,-0.186486295589667
3.7029476165771484,-0.18649311353207407
3.7202773094177246,-0.18644213961941875
3.7356739044189453,-0.1865096589762628
3.7530722618103027,-0.1865309336402099
3.7703142166137695,-0.1865449668441395
3.7853400707244873,-0.18646319242555598
3.802381992340088,-0.18648519068044236
3.819075107574463,-0.18648132058164832
3.8360753059387207,-0.18651369601703863
3.851408004760742,-0.1864584390130662
3.869990110397339,-0.186499321978628
3.8857035636901855,-0.1865048284003381
3.899637222290039,-0.18649165688525557
3.917172908782959,-0.18648705049759012
3.9370431900024414,-0.1865039796410358
3.9534356594085693,-0.1864748477942874
3.9695069789886475,-0.1864864334060749
3.985978841781616,-0.18654447712691585
4.002667665481567,-0.1864359989551712
4.021064043045044,-0.18648054601053188
4.037050008773804,-0.1865205627648191
4.0502214431762695,-0.1864897728927343
4.0700788497924805,-0.1864797875151355
4.083201169967651,-0.18648880716649635
4.100573539733887,-0.18651228923004295
4.121296405792236,-0.18646505438057676
4.13362193107605,-0.18653074740363212
4.153704643249512,-0.18651338846110024
4.170104742050171,-0.18648669447199823
4.184077739715576,-0.18647194507936307
4.204822778701782,-0.1865166960985173
4.21737003326416,-0.18654041629593987
4.237115383148193,-0.18650588249199945
4.251632928848267,-0.1864514276463657
4.270555257797241,-0.18648557048134748
4.286275863647461,-0.18642697624641466
4.302865266799927,-0.18649586414333047
4.3193583488464355,-0.18645943559136338
4.337433815002441,-0.18642025775296783
4.351269721984863,-0.18644572548724547
4.368243217468262,-0.18654357707285615
4.387802839279175,-0.18647698275712854
4.403729438781738,-0.18637922344169827
4.416797399520874,-0.18639220666241185
4.43660306930542,-0.1865416626252017
4.4536192417144775,-0.18643570978992932
4.470048427581787,-0.18636664693460286
4.484215974807739,-0.18648052231034887
4.500655651092529,-0.186620546561828
4.5209996700286865,-0.18658637457495575
4.537855386734009,-0.1867103650905916
4.553335428237915,-0.18664924144433503
4.569783926010132,-0.1866061092426302
4.584652423858643,-0.1865842433599576
4.602313995361328,-0.18644772044912156
4.621338367462158,-0.18633750819427458
4.637382984161377,-0.18648941983194883
4.653331518173218,-0.1864989471701699
4.669705390930176,-0.18646029110065973
4.685914754867554,-0.18644442737073225
4.7011332511901855,-0.18651266029609506
4.718101263046265,-0.18669463032576877
4.737530946731567,-0.1866565353756634
4.751543998718262,-0.18675749380165568
4.7693305015563965,-0.18669013009747581
4.784972906112671,-0.18665191395956987
4.803462266921997,-0.1864721160675041
4.818640232086182,-0.18637630052946957
4.837884187698364,-0.18642193108241079
4.85388970375061,-0.18654429563468697
4.869115829467773,-0.18649453057377907
4.883980989456177,-0.18640828836865309
4.901315212249756,-0.1864850767735721
4.921076059341431,-0.18666757871178685
4.937437057495117,-0.18669007091841322
4.951942205429077,-0.18673766748347206
4.968780517578125,-0.18670386195306696
4.985720157623291,-0.18670338583890228
5.001959800720215,-0.186618784711853
5.023267507553101,-0.18644560284602102
5.0360026359558105,-0.18590634314452845
5.052139043807983,-0.18584170184338816
5.068918466567993,-0.18549983214409088
5.087875604629517,-0.1858060062308727
5.103352308273315,-0.1861383959221956
5.121798515319824,-0.1866538222379442
5.134272336959839,-0.18684997683245863
5.15432333946228,-0.18710448028451546
5.170644760131836,-0.18710573548706738
5.185755729675293,-0.18718116433943485
5.204724311828613,-0.1869029332655201
5.219111204147339,-0.18667172129488085
5.238002061843872,-0.18623493899566776
5.252363681793213,-0.18584540989442458
5.270455360412598,-0.18552916167191086
5.286502838134766,-0.18595649958680585
5.302507400512695,-0.18584802630907066
5.3219850063323975,-0.18631798700326482
5.337984561920166,-0.1867296462549282
5.352766990661621,-0.18707032477682456
5.372212648391724,-0.18714604358592005
5.385268926620483,-0.1872364889969883
5.40424108505249,-0.1870386767507304
5.420962333679199,-0.18678750003332434
5.435396432876587,-0.18641601646324557
5.453960418701172,-0.18609717240905443
5.470175266265869,-0.18575288406200385
5.487929582595825,-0.18570037819085866
5.504101276397705,-0.18566639189334933
5.521880388259888,-0.18611013023047637
5.535663604736328,-0.18651547099714305
5.55466890335083,-0.18692466625459525
5.569060325622559,-0.18709076347103362
5.589060068130493,-0.18716546158402955
5.602774143218994,-0.1871800211688622
5.621740818023682,-0.18687596118470054
5.636241912841797,-0.1866760225589651
5.654161214828491,-0.18627110335031954
5.670382499694824,-0.18566778471085324
5.689285755157471,-0.18565401269098547
5.70231819152832,-0.18559053274318774
5.72151255607605,-0.18593201207013535
5.737708330154419,-0.1863134860286087
5.75516152381897,-0.18675496439059167
5.771058082580566,-0.1870345119913697
5.788619041442871,-0.18711199195499528
5.805449485778809,-0.19208875877164622
5.818990707397461,-0.1870170081372509
5.838608503341675,-0.18690667625214422
5.8543596267700195,-0.18648786520066865
5.869497060775757,-0.18609210734819437
5.888430595397949,-0.18575632180178056
5.902320146560669,-0.18575394494202058
5.921504497528076,-0.18565085789523353
5.937556743621826,-0.18625887502365493
5.953305244445801,-0.186496111481284
5.972883701324463,-0.18678656043748038
5.986012935638428,-0.1870356778663742
6.005408763885498,-0.18719768634120576
6.023650407791138,-0.18710090277336933
6.0361034870147705,-0.18690173245534264
6.0559916496276855,-0.18664923304604744
6.070768356323242,-0.18635071381436008
6.087386608123779,-0.18568917564170298
6.1056694984436035,-0.18571324221580665
6.125378370285034,-0.18561793013660494
6.137621879577637,-0.1860135249150754
6.155336856842041,-0.18628499718257285
6.17095685005188,-0.18675844014308413
6.186129808425903,-0.18693698271203815
6.205419301986694,-0.18712733554621996
6.221450090408325,-0.18714034793571416
6.237592458724976,-0.18707550805054093
6.255462169647217,-0.18688584769263888
6.269535064697266,-0.18644268443964185
6.289638042449951,-0.18616286926961093
6.304188251495361,-0.18576447946418445
6.320295810699463,-0.18573698210877126
6.339401960372925,-0.18584671566560593
6.353342771530151,-0.18614289502689713
6.3736958503723145,-0.18649765183365719
6.387129306793213,-0.1867741998834252
6.405202150344849,-0.1870382353472672
6.420827150344849,-0.1871263705314351
6.438277244567871,-0.18714197842015373
6.453187942504883,-0.1868627858110754
6.473045825958252,-0.18670133004730632
6.486442804336548,-0.18639211582945636
6.50578236579895,-0.1858180180924454
6.522436857223511,-0.18588329560827624
6.536947965621948,-0.18572460977146704
6.556818246841431,-0.18598334500028313
6.569790840148926,-0.18643484061930718
6.589389801025391,-0.18672346382818172
6.605804443359375,-0.18688917718430642
6.621448040008545,-0.1871424319041196
6.6397740840911865,-0.18715555031637743
6.656574010848999,-0.18705600225758615
6.669740200042725,-0.1869133804166733
6.690192937850952,-0.18642168962894082
6.704777002334595,-0.1862735516307093
6.719592094421387,-0.18570882436866193
6.739218473434448,-0.18575625259202758
6.754979848861694,-0.18577395883947473
6.773510456085205,-0.18616139295193654
6.790560007095337,-0.18647244373487112
6.803431034088135,-0.1867193942993104
6.823567867279053,-0.18704417640929852
6.837140083312988,-0.18714715047608077
6.856321096420288,-0.18714952429145743
6.871625185012817,-0.18691802979806588
6.88858962059021,-0.18667225814591715
6.906005620956421,-0.18640781848956137
6.92087197303772,-0.18591574772900182
6.939678907394409,-0.18583351870499784
6.954126358032227,-0.18572489299349595
6.972264051437378,-0.18599468156192556
6.989418029785156,-0.1863082970370939
7.004356622695923,-0.18668738797505546
7.022548198699951,-0.18694159016262235
7.039811134338379,-0.18709308666891483
7.054638862609863,-0.18716520239441936
7.073728561401367,-0.18701732250571676
7.090101480484009,-0.18689971644280057
7.105328798294067,-0.1864253435542755
7.122049331665039,-0.1861973204080306
7.13936448097229,-0.185717960562308
7.155866861343384,-0.18574416251921527
7.173595666885376,-0.1857747553940413
7.187667369842529,-0.18612185029809747
7.205542802810669,-0.18647958701699607
7.222570896148682,-0.18679215179713762
7.237966060638428,-0.18706467591045564
7.25648307800293,-0.1871124190100224
7.2710161209106445,-0.18718059936747095
7.289876222610474,-0.18690773590303822
7.306161165237427,-0.18670756608048472
7.321363687515259,-0.18638845544624613
7.33969783782959,-0.18592051300323756
7.355802297592163,-0.18581446926574083
7.371930360794067,-0.18581367258018366
7.389490365982056,-0.18596611174382455
7.404876470565796,-0.1862348600934262
7.421992301940918,-0.18668130842081548
7.442052364349365,-0.18688684729470584
7.454495906829834,-0.187105011468552
7.472965478897095,-0.18717360082866824
7.489426851272583,-0.18701792599737427
7.505514621734619,-0.1868650289099065
7.522658586502075,-0.18646681108142327
7.53950047492981,-0.18621552726920235
7.557240962982178,-0.18572186214667508
7.57384181022644,-0.1857673396453316
7.587924957275391,-0.1858514010653092
7.606837511062622,-0.18612274628114983
7.6235644817352295,-0.18638168766186644
7.639232873916626,-0.18777514285126948
7.657493829727173,-0.18701809336669267
7.673550605773926,-0.18721353403246005
7.690087080001831,-0.18713201329295226
7.706815958023071,-0.18691787974420887
7.722069978713989,-0.18675608330162374
7.74161958694458,-0.1863792117130902
7.754775047302246,-0.1859909645300417
7.773362874984741,-0.18584984416754644
7.788104295730591,-0.18571789618067513
7.807280778884888,-0.18598642458031645
7.82335901260376,-0.18635892104937352
7.838973760604858,-0.1866531443242559
7.857329845428467,-0.18689214643244892
7.872957229614258,-0.18702960215162473
7.8897905349731445,-0.18718445524175614
7.9045610427856445,-0.18705010217104423
7.924503326416016,-0.18682778314877876
7.939829111099243,-0.1864821657652778
7.956329584121704,-0.1863567583187035
7.974304437637329,-0.18571579394095283
7.9890923500061035,-0.18576185857368982
8.008543729782104,-0.18580518768729876
8.024995565414429,-0.18608705524500296
8.040708780288696,-0.1864097648155811
8.057037353515625,-0.1906421648459421
8.073607444763184,-0.18703825331593818
8.0894615650177,-0.18719981033652186
8.106704950332642,-0.18709975164015943
8.124949216842651,-0.18688723864047027
8.140303373336792,-0.18671401679480298
8.157910346984863,-0.18641155466970155
8.174055576324463,-0.18600210734795217
8.191739797592163,-0.1857240492033835
8.205492496490479,-0.18577203831651257
8.225032806396484,-0.18594090209679948
8.238799095153809,-0.1910031051994609
8.25805377960205,-0.18666482900342798
8.275171041488647,-0.1869443535840522
8.289963960647583,-0.18703812072696901
8.306234121322632,-0.1871692098295291
8.32341742515564,-0.18705056996111202
8.341524124145508,-0.1869122448547793
8.356671810150146,-0.18653216444905357
8.374783992767334,-0.18632002160559447
8.390710353851318,-0.1857882597533601
8.405378103256226,-0.18593370304425424
8.424761056900024,-0.18587139720363444
8.441183090209961,-0.18614505639440823
8.45577883720398,-0.1863635568512309
8.47298264503479,-0.186744018349112
8.491421937942505,-0.18695748489644334
8.505188465118408,-0.18710158997261742
8.525552034378052,-0.18703468411214424
8.541776895523071,-0.1868767396492501
8.557804346084595,-0.1868172584217223
8.574089050292969,-0.1864266324194127
8.589120626449585,-0.18614035968567588
8.60913372039795,-0.18576398601715755
8.623907089233398,-0.18572557409280543
8.6408052444458,-0.18589657855403058
8.65787959098816,-0.19137071776196146
8.67439341545105,-0.1866239273045096
8.690579175949097,-0.18683272503836984
8.708952903747559,-0.18702124161033368
8.722600936889648,-0.18709254603688638
8.74240779876709,-0.18704179795679146
8.758054494857788,-0.18691502265731508
8.775333166122437,-0.18656313548389514
8.791968584060669,-0.18634755007687934
8.806305646896362,-0.18582348125699263
8.825810194015503,-0.18577843609845496
8.839837074279785,-0.18565599880141065
8.85727596282959,-0.18607143377636834
8.875280380249023,-0.1863678514876096
8.889736413955688,-0.187462686551235
8.905942440032959,-0.1869236967567977
8.925918340682983,-0.1870497665080295
8.941170454025269,-0.18705026054703483
8.958235025405884,-0.18693429884893462
8.97454047203064,-0.19118346243536347
8.98947024345398,-0.18639756854945544
9.009220123291016,-0.18613970020041437
9.023919582366943,-0.1856350481849599
9.042066097259521,-0.18584315976159757
9.057886362075806,-0.18586723299427083
9.074277639389038,-0.18630264736378516
9.090441226959229,-0.18655761851363573
9.109156370162964,-0.18682275824157044
9.126005172729492,-0.1870472684687247
9.142408847808838,-0.18706834565248726
9.158701419830322,-0.1869844256502698
9.17623233795166,-0.18690851475690382
9.19274616241455,-0.18659080165662054
9.20618987083435,-0.19048271728099084
9.2258780002594,-0.18587975932796497
9.241904258728027,-0.18570456078674125
9.259663105010986,-0.18579618322617622
9.27658987045288,-0.18607615901505598
9.290041446685791,-0.18641141562607674
9.307584047317505,-0.18667141843369342
9.325073719024658,-0.1869038463201623
9.341848611831665,-0.1870557988960619
9.358638048171997,-0.1870604260184699
9.376882791519165,-0.18687941716554013
9.39365530014038,-0.18677163745028588
9.409852504730225,-0.1864349307182
9.425499200820923,-0.1861491062946972
9.44272494316101,-0.18573935353095908
9.45754361152649,-0.1858034423198074
9.473878860473633,-0.1859840080579712
9.493631601333618,-0.18631547227571146
9.507036209106445,-0.1865391024202549
9.526614427566528,-0.18683305834827968
9.542330980300903,-0.1869779076692742
9.557222366333008,-0.18706432200965162
9.577294826507568,-0.1870917768432802
9.590543031692505,-0.18690616215131212
9.608757019042969,-0.18662006369441747
9.623952388763428,-0.191302313110411
9.640482664108276,-0.18603008366765839
9.660106658935547,-0.18567993830505175
9.674036026000977,-0.18571852542598144
9.69358491897583,-0.18613113155268712
9.708994626998901,-0.18633440833857678
9.724042892456055,-0.18674332427312618
9.74220323562622,-0.1869299700497652
9.75906753540039,-0.18706967814616657
9.776461124420166,-0.18705101892867992
9.793349266052246,-0.18692152270134715
9.810171127319336,-0.1915479669914093
9.826561212539673,-0.18644230072778445
9.842208862304688,-0.18616621782086273
9.857483863830566,-0.1857691524173895
9.87717318534851,-0.1858376998561034
9.893282651901245,-0.18598626952363514
9.909546136856079,-0.18625195715313192
9.926051378250122,-0.18654661318798937
9.942684650421143,-0.18678559361011962
9.960331678390503,-0.1869745593862456
9.976231575012207,-0.18701711885935846
9.993819236755371,-0.18702832571918657
10.006975889205933,-0.18686048723990575
10.026586771011353,-0.1866214769454214
10.042473554611206,-0.19034398615537368
10.059765338897705,-0.18603727216489174
10.076794624328613,-0.18572113358889392
10.092467308044434,-0.1856854108951554
10.110069274902344,-0.1861017076654154
10.124541282653809,-0.18638176383049035
10.143815517425537,-0.1866341565163538
10.160381078720093,-0.18688253310932862
10.17723798751831,-0.18708524656589884
10.193746089935303,-0.18706614534695293
10.210663318634033,-0.18692557262725906
10.224436283111572,-0.18679912462909826
10.242602586746216,-0.18646919947981072
10.25886583328247,-0.1862324201346912
10.277222871780396,-0.18588653247113593
10.293434619903564,-0.18578112164934282
10.307217121124268,-0.1859698720320339
10.326548337936401,-0.18621201742700685
10.342647790908813,-0.1864491275017019
10.357795000076294,-0.19182843693599566
10.377085208892822,-0.18691431374774756
10.393849611282349,-0.18703972905584126
10.410104513168335,-0.18701055590944438
10.426565647125244,-0.18688462238825732
10.442679643630981,-0.18668518046558963
10.460367679595947,-0.18641032763776796
10.476079225540161,-0.18604844147107605
10.490614891052246,-0.18569418828576756
10.509915113449097,-0.18576238760202363
10.526299953460693,-0.18609112485645218
10.542749881744385,-0.18634919577535336
10.560303449630737,-0.18666042964628188
10.576685905456543,-0.18691318446441652
10.59392237663269,-0.18702408077286664
10.609642505645752,-0.18708189937869268
10.624003648757935,-0.18692715944526983
10.644150972366333,-0.18677124749518903
10.657797813415527,-0.18646641492282479
10.67708420753479,-0.18625464133476782
10.693442821502686,-0.1858437680586114
10.70733380317688,-0.1856619755776931
10.727339744567871,-0.18595974961805553
10.744205236434937,-0.18625259563745344
10.760854244232178,-0.18651918823299451
10.775922536849976,-0.18673920839063532
10.793938398361206,-0.18692467749254482
10.809319257736206,-0.18706997886745996
10.826539278030396,-0.1869584591561639
10.841931343078613,-0.18689611573606724
10.859020709991455,-0.18669113013101435
10.875552892684937,-0.18642522715185858
10.893861293792725,-0.1861636878851081
10.90962839126587,-0.18576000233942316
10.92396330833435,-0.18581861714153652
10.94430947303772,-0.18613226990803539
10.957968473434448,-0.18636742945172244
10.976958990097046,-0.1866496776352305
10.994322776794434,-0.18683426643472995
11.008352756500244,-0.18700303551253272
11.029159784317017,-0.18704190309698066
11.043045997619629,-0.18692123040609207
11.057658672332764,-0.19164764120878786
11.077270030975342,-0.18648925733754843
11.093778610229492,-0.18631582883528905
11.109942436218262,-0.1858968556136193
11.126305103302002,-0.18580613476496874
11.143170595169067,-0.1859883399375829
11.160858869552612,-0.18622299037748774
11.17665696144104,-0.18645737404833423
11.193218231201172,-0.19167497047299834
11.209622621536255,-0.18693465801883252
11.22472858428955,-0.1870170089280822
11.24475646018982,-0.1869734240400818
11.260177850723267,-0.1869255036811182
11.276553869247437,-0.18669598392905068
11.293532848358154,-0.18637468425177364
11.307685613632202,-0.18611493465410947
11.328413009643555,-0.18579988728590663
11.341591596603394,-0.18578227294408906
11.358334302902222,-0.18611124315723257
11.377725839614868,-0.19132194709993566
11.392776012420654,-0.18664808219143866
11.407166004180908,-0.186844561640016
11.428529262542725,-0.1869622623894682
11.4409658908844,-0.1870776405155164
11.460698366165161,-0.18688946243832785
11.477467775344849,-0.18683787544039143
11.491188526153564,-0.18648452427564083
11.512077569961548,-0.19140482580266227
11.527027606964111,-0.1859869116609
11.541158199310303,-0.18575198811083926
11.561906576156616,-0.18593244353876745
11.576348066329956,-0.18617012449068873
11.593077898025513,-0.18650949066319644
11.607826232910156,-0.19109700544365782
11.625307559967041,-0.18689845352041085
11.644720792770386,-0.18702119403341244
11.66117000579834,-0.18695765930582556
11.674039840698242,-0.18686557915842336
11.693918228149414,-0.1867072341591285
11.708235025405884,-0.18647344870601085
11.72784161567688,-0.18623007749469378
11.74127459526062,-0.185772868117677
11.761144638061523,-0.18582302276903226
11.77669358253479,-0.18607707929590292
11.794068574905396,-0.18633398204528612
11.807854890823364,-0.1866803691798346
11.826969623565674,-0.18681874089199133
11.843059062957764,-0.18693383194261343
11.861331701278687,-0.18708705377343873
11.877588987350464,-0.18686749813974565
11.892247676849365,-0.1868097598744135
11.910439729690552,-0.18647992338257735
11.926433086395264,-0.18638855920010222
11.941262483596802,-0.18598551767719906
11.96161961555481,-0.18576444309519305
11.977099418640137,-0.18591023070464574
11.993426322937012,-0.1861577658911537
12.011497259140015,-0.1864439632183571
12.027533054351807,-0.19099563996957714
12.044520854949951,-0.18692161086387155
12.061694622039795,-0.18703019659434691
12.076323986053467,-0.18690479023032228
12.093889713287354,-0.18691570893108375
12.108693361282349,-0.18676063541062643
12.128631591796875,-0.18648224152003556
12.144858360290527,-0.1861279998128879
12.159934997558594,-0.18581292944728178
12.175747394561768,-0.18585899960794333
12.193456888198853,-0.18611853529669595
12.208782196044922,-0.18635897351702943
12.22844648361206,-0.18660797570502904
12.243478059768677,-0.18680227875019315
12.261579513549805,-0.18697741496509343
12.277116298675537,-0.18703676676494363
12.294949769973755,-0.18681074221820002
12.310195446014404,-0.19138256355470887
12.326966047286987,-0.1865008923652105
12.344923734664917,-0.19133209897106532
12.362251281738281,-0.1860610954819903
12.377132177352905,-0.18578332473942308
12.394760608673096,-0.1860025523523544
12.41028618812561,-0.1862024488183731
12.428257465362549,-0.18644696337674405
12.44175386428833,-0.18670649863792838
12.462172985076904,-0.18696347800091256
12.477344989776611,-0.1868879439151974
12.494349479675293,-0.18694200138901748
12.508558750152588,-0.18690596333049772
12.530015230178833,-0.18674079170955
12.542887449264526,-0.18642698164546345
12.558808326721191,-0.18616290126053495
12.57667851448059,-0.18588620102613518
12.595033884048462,-0.1857916174840702
12.611207485198975,-0.18614896919968119
12.629039287567139,-0.1914131031129655
12.645123481750488,-0.18667932917361968
12.661787271499634,-0.18687633067912646
12.677945613861084,-0.18688986131881064
12.692759037017822,-0.18703086699537882
12.711020946502686,-0.18685328700793113
12.726841688156128,-0.19161305998006584
12.745227098464966,-0.1864319726139103
12.760912656784058,-0.19135129384401386
12.77545166015625,-0.18601758765645438
12.794520378112793,-0.185810088773456
12.81077527999878,-0.1860143196204379
12.825738668441772,-0.1862265867761348
12.845022201538086,-0.18651888958909196
12.861167192459106,-0.18673246710080388
12.876747608184814,-0.18687668864872495
12.894484519958496,-0.18692773871196128
12.909084558486938,-0.18698101615360158
12.927341222763062,-0.18691019161070258
12.943108797073364,-0.18673071933736438
12.961864233016968,-0.18647836795868378
12.977734327316284,-0.18622418638454513
12.993480682373047,-0.18587921129756513
13.012405395507812,-0.1858807877260845
13.029747486114502,-0.1860978585006899
13.042647123336792,-0.1863872052516948
13.062163591384888,-0.18657630910275902
13.076378583908081,-0.19187964044188482
13.095526456832886,-0.18692114836110124
13.110997438430786,-0.18694829619122216
13.125874280929565,-0.1869223867755418
13.145630598068237,-0.19164045621872056
13.160192489624023,-0.1864857998528654
13.178128957748413,-0.19057909918975907
13.197899341583252,-0.18611972517681585
13.211403608322144,-0.18584809540006345
13.228737354278564,-0.18591163092617566
13.242519855499268,-0.18619274943824599
13.261118650436401,-0.1864077682497787
13.277291297912598,-0.18671548291883472
13.294733047485352,-0.18693095008932814
13.312113761901855,-0.18696077709652803
13.329485416412354,-0.18690762150844747
13.343024969100952,-0.18697105781604717
13.362277507781982,-0.18676186784204887
13.375996351242065,-0.18646301871830606
13.396049499511719,-0.18622121183946239
13.409609317779541,-0.18602777617803667
13.429631233215332,-0.18590615977679842
13.445051908493042,-0.18605788328181025
13.460031986236572,-0.19153083487912054
13.478702306747437,-0.18654024391652532
13.494149446487427,-0.19181912953111258
13.513419389724731,-0.1869717512794919
13.529674768447876,-0.18692063443399146
13.542775869369507,-0.18689695005916257
13.562562227249146,-0.19106152478366803
13.577681303024292,-0.18657825128201827
13.593656539916992,-0.19118524102459633
13.612382888793945,-0.1861410484573143
13.62693476676941,-0.18589270499698762
13.645866870880127,-0.1859583590364769
13.661176443099976,-0.1861889583367475
13.678502082824707,-0.18639805688177424
13.693325281143188,-0.18661505304103976
13.713651180267334,-0.18699312605358603
13.726975679397583,-0.18695611056805755
13.74557900428772,-0.18691497938538182
13.762464046478271,-0.18690299473178196
13.779009342193604,-0.18673297311712098
13.796393394470215,-0.1863977810719965
13.813291549682617,-0.1863152970582659
13.827253818511963,-0.18598111185640534
13.845757961273193,-0.1859636829009806
13.86046552658081,-0.186122683012922
13.880014181137085,-0.19127383486856517
13.896677494049072,-0.18655199370348424
13.910165786743164,-0.1917997539316376
13.929714918136597,-0.1869705412311782
13.943609237670898,-0.18692307770805625
13.962119579315186,-0.18680151505686474
13.980876207351685,-0.19159281966010222
13.993639469146729,-0.18657842205270359
14.013555526733398,-0.19048124825512602
14.027519702911377,-0.18620017996995447
14.043315649032593,-0.18588766211738897
14.063806533813477,-0.1859772265544059
14.07936692237854,-0.18620791000841594
14.09507966041565,-0.1864409297431054
14.113575220108032,-0.18668760831994644
14.12925100326538,-0.18692028983993864
14.146217107772827,-0.18690255547005652
14.1634840965271,-0.18691326231881927
14.18017578125,-0.18694611463943794
14.196617126464844,-0.18681447378456734
14.2104971408844,-0.18648667108383998
14.229063034057617,-0.191047905556388
14.246228456497192,-0.18608576740697297
14.263778924942017,-0.18592549485701257
14.277032375335693,-0.1860817153722391
14.29761791229248,-0.19143349396993714
14.313431978225708,-0.1866605318220927
14.327988147735596,-0.19171520105436696
14.344712257385254,-0.18686930744615501
14.364631414413452,-0.18697091130447174
14.376908302307129,-0.18689788373736282
14.397754669189453,-0.19152075208150893
14.411661386489868,-0.18659629840635278
14.429807901382446,-0.18643340986157242
14.446695804595947,-0.18611960136749472
14.460915803909302,-0.18602844473706592
14.480878829956055,-0.1861515412617087
14.49745512008667,-0.18617915135252971
14.51288914680481,-0.186402766278947
14.527826309204102,-0.1867370930101067
14.546520471572876,-0.1869090701756691
14.561054468154907,-0.18694681268034194
14.578490495681763,-0.18684400124755307
14.595808267593384,-0.18699312057331008
14.611022472381592,-0.1867282513866292
14.630070686340332,-0.1864402586211529
14.646403074264526,-0.19102070384487463
14.663258075714111,-0.1861015558508683
14.67857813835144,-0.18602044210949245
14.69477653503418,-0.18612753425474604
14.71390700340271,-0.1913898245292444
14.728755235671997,-0.1865707554625722
14.746934652328491,-0.1915639289275578
14.763844013214111,-0.18694196901054808
14.7805335521698,-0.18686030809589932
14.794495105743408,-0.1868978968232924
14.813438653945923,-0.18689883228156096
14.828624486923218,-0.18656155973056054
14.847920417785645,-0.18644675728702023
14.861251592636108,-0.18618598023224098
14.880601167678833,-0.18599221563467105
14.89691710472107,-0.18604882076686788
14.911091804504395,-0.18614744537700384
14.929702758789062,-0.18642015501544706
14.947020530700684,-0.18666218425075004
14.964863061904907,-0.18685022560323933
14.977776288986206,-0.1868848034263471
14.99884295463562,-0.18687812789527092
15.011090993881226,-0.1869833369875284
15.029529571533203,-0.1913689799021342
15.048522710800171,-0.18635298963572336
15.06328296661377,-0.19072803726776183
15.077908039093018,-0.18616833106647537
15.097755670547485,-0.18600466290638262
15.111595630645752,-0.18610194458587928
15.130720853805542,-0.19139462368157617
15.146278619766235,-0.18651559448487398
15.161571979522705,-0.19166183045366175
15.1807382106781,-0.18687813483354263
15.196885347366333,-0.18691902879126795
15.21183180809021,-0.18684094599126622
15.231911420822144,-0.1915805512323535
15.246507167816162,-0.18660560436625107
15.265122175216675,-0.18641110184967377
15.281622171401978,-0.18618042716185926
15.297098159790039,-0.186045894258569
15.311203956604004,-0.18607623652454064
15.332582235336304,-0.18619451599319914
15.34481406211853,-0.18643470196791406
15.36516261100769,-0.18667526388011949
15.38175916671753,-0.19147560680822354
15.396876573562622,-0.18686330336077778
15.411462545394897,-0.18687311226372097
15.430524826049805,-0.18701886697503603
15.445448160171509,-0.191627447976234
15.46514344215393,-0.18647974578591608
15.479835033416748,-0.19131953757950682
15.498018741607666,-0.1861576020342039
15.511327266693115,-0.18605109615782134
15.529160022735596,-0.18616554109765815
15.549015998840332,-0.19136225053298395
15.565311193466187,-0.18650082149651237
15.5809965133667,-0.18685462427713168
15.598156690597534,-0.18693745385509894
15.614463806152344,-0.18690034090945234
15.628750562667847,-0.18688154688472652
15.64580225944519,-0.19142937543801847
15.666167736053467,-0.18665839240224763
15.678283452987671,-0.18640753152239636
15.698176383972168,-0.1861982466279169
15.712113857269287,-0.18612433158193845
15.732224702835083,-0.18608164871096988
15.745423078536987,-0.1861694927386638
15.763650894165039,-0.18651070499660377
15.781755447387695,-0.1866229051862729
15.796760559082031,-0.19176369928768167
15.811990022659302,-0.18691890816721385
15.83281135559082,-0.18690380425934872
15.845937728881836,-0.18692437138198026
15.863647222518921,-0.19136928897040267
15.882395029067993,-0.1864304846879353
15.895569562911987,-0.19133770103441344
15.913838386535645,-0.1861417621344477
15.932395935058594,-0.18603894091056566
15.94655704498291,-0.18611002009521035
15.962890625,-0.18632725667887726
15.981494665145874,-0.18648978565883687
15.998416185379028,-0.1867568812116031
16.014583826065063,-0.18695987398924346
16.029871940612793,-0.1868854620142658
16.045900344848633,-0.18689121133562453
16.06555938720703,-0.1916705311327388
16.079878330230713,-0.18665312119071864
16.09784245491028,-0.18639414284126163
16.11451816558838,-0.18623169566608658
16.129836797714233,-0.18617140597131301
16.147956609725952,-0.18615816240401517
16.164318561553955,-0.1861197468897682
16.182026624679565,-0.18643021608585725
16.195342779159546,-0.18668713299640427
16.216336965560913,-0.19164031748318122
16.230278491973877,-0.18692815318867417
16.248933792114258,-0.18685147684609354
16.2630672454834,-0.18689980424192665
16.28082585334778,-0.19121207871657503
16.29876470565796,-0.18646546786666657
16.312544584274292,-0.1913199835623997
16.330541372299194,-0.18617771494220722
16.3475980758667,-0.1860732162391144
16.365521669387817,-0.18611965851713774
16.37961721420288,-0.19136300376464907
16.39808678627014,-0.18650018871398602
16.414085149765015,-0.18671525371936581
16.43048930168152,-0.18698959341043275
16.448823928833008,-0.1868761613719216
16.465582370758057,-0.1868476352344891
16.47904133796692,-0.19138921411117468
16.500110149383545,-0.18666142255527324
16.51259756088257,-0.1864989852382979
16.533087253570557,-0.18632977832473177
16.547908067703247,-0.18611632467692377
16.562944650650024,-0.18615177372142597
16.581868171691895,-0.18618969104832706
16.597028970718384,-0.1863673923880925
16.614500522613525,-0.18666775801936303
16.630842924118042,-0.19174228034905663
16.648988962173462,-0.18692204729705927
16.662909507751465,-0.1868807936616067
16.682093858718872,-0.1869453974497322
16.69658350944519,-0.1916930390258343
16.717525005340576,-0.1864782018812379
16.73092031478882,-0.19128927227706297
16.746258020401,-0.18614848010421067
16.763309240341187,-0.18611680691365678
16.782325744628906,-0.18610674837054497
16.798251152038574,-0.18626800494766957
16.816063165664673,-0.18651637301329035
16.83291006088257,-0.18672622525481467
16.847370147705078,-0.1868865478440101
16.865694046020508,-0.18690716535861027
16.880321264266968,-0.18686354582071518
16.90069818496704,-0.1878378181738301
16.913782835006714,-0.18671151136371458
16.930549144744873,-0.18645059230948036
16.94640350341797,-0.18634777066963598
16.963032245635986,-0.18607358999683865
16.98229742050171,-0.186137202884389
17.00120759010315,-0.18622293756756195
17.01372456550598,-0.18637199548257363
17.03377389907837,-0.18659264257303423
17.0464928150177,-0.1867720921839581
17.06614637374878,-0.18694783984195112
17.07997465133667,-0.18686976069324415
17.09962248802185,-0.18692299594918255
17.114206790924072,-0.19163212512410444
17.130381107330322,-0.18654070642433276
17.149831533432007,-0.186388769101078
17.16551923751831,-0.18618301668100826
17.17997121810913,-0.1861199935479122
17.2007155418396,-0.18613124105373932
17.214489221572876,-0.19133525171469962
17.23007297515869,-0.18644539969974797
17.24982714653015,-0.18665468733807225
17.263655185699463,-0.18697077932570272
17.283615589141846,-0.18690485419548825
17.296977758407593,-0.18686877499486554
17.314176082611084,-0.1914847241206409
17.33366560935974,-0.1866961223440155
17.346923828125,-0.1863776418139076
17.36434054374695,-0.19133074932653782
17.381887674331665,-0.18610230538629685
17.399479627609253,-0.1860890141636635
17.413670539855957,-0.1861523151246547
17.433757066726685,-0.18641501510175246
17.447078704833984,-0.18658884381312904
17.464597940444946,-0.19149510011641618
17.484369039535522,-0.18694799491496417
17.49747061729431,-0.18688639855302158
17.51692485809326,-0.1869274116618293
17.53264284133911,-0.18680578280242655
17.54696798324585,-0.18649025150828274
17.56730365753174,-0.18642681078324028
17.582395553588867,-0.18613997341157368
17.59909152984619,-0.18614544806105582
17.616241216659546,-0.18620599297682447
17.633695363998413,-0.18635210760286847
17.647432327270508,-0.1864434392908409
17.663986682891846,-0.18666119881859974
17.685272216796875,-0.1914848686283365
17.697250366210938,-0.18690775265674447
17.718111276626587,-0.18689121476049914
17.731058835983276,-0.18733302861523116
17.74951934814453,-0.18667270823097248
17.76432180404663,-0.18640920963716268
17.78093910217285,-0.18700275732118155
17.801862716674805,-0.1861992579419589
17.81740975379944,-0.18608352489792146
17.83157229423523,-0.18615200382623887
17.851369380950928,-0.18642743802202566
17.86407732963562,-0.18653799662698395
17.88481116294861,-0.1913834596558397
17.89783263206482,-0.18689505072077361
17.91528844833374,-0.18689001123037097
17.93257975578308,-0.18701967411866804
17.947741746902466,-0.1915663511131248
17.96586847305298,-0.18651904250491141
17.98165798187256,-0.18647480411410589
18.000189065933228,-0.18615821873816996
18.015969276428223,-0.1861725787013477
18.033950328826904,-0.1860579436434369
18.048448085784912,-0.18629890714447067
18.065157651901245,-0.18649992229685455
18.081915378570557,-0.1866883114391679
18.101925134658813,-0.1918519688573806
18.114389657974243,-0.18689210395893968
18.135318517684937,-0.18691223137530638
18.149462699890137,-0.1908511503749212
18.164307832717896,-0.18673526307176347
18.185259580612183,-0.18640270084573674
18.198309183120728,-0.19117449892234972
18.217142581939697,-0.18616376644864768
18.23440718650818,-0.1861059596484046
18.247780084609985,-0.1861390063828295
18.269104480743408,-0.18639659595482666
18.28438377380371,-0.18654375902190803
18.300187826156616,-0.19150167915768135
18.316166639328003,-0.18698215071162283
18.332605123519897,-0.1869276020773594
18.351545572280884,-0.18695375712539145
18.36782169342041,-0.19119492599118135
18.381771564483643,-0.18661979219175978
18.399301290512085,-0.1864222842585973
18.418894052505493,-0.1862235015183647
18.431530714035034,-0.1861022316322083
18.45224642753601,-0.18606006911522524
18.465266942977905,-0.19133234817028139
18.48481011390686,-0.18652332563970972
18.501873254776,-0.18663926167580702
18.51485252380371,-0.1918079430329271
18.534422636032104,-0.18692764149588098
18.551286935806274,-0.1869134838853376
18.56666612625122,-0.1895430146018221
18.584120512008667,-0.18665482215996093
18.599393367767334,-0.18635116750707156
18.61496067047119,-0.19122089360367447
18.634616374969482,-0.18619102837794044
18.648646116256714,-0.18610985259625018
18.669325828552246,-0.18616170069303295
18.68559765815735,-0.18644867143017818
18.69887948036194,-0.18661660005622085
18.719091176986694,-0.19134043109829207
18.731515169143677,-0.1869473100351273
18.750457763671875,-0.1868897125463539
18.76902461051941,-0.1870108734505681
18.781593561172485,-0.18674669904715951
18.80266761779785,-0.18652855331099455
18.817284107208252,-0.18648826373456961
18.831854104995728,-0.18626168413710117
18.8522469997406,-0.18613484579600648
18.868364334106445,-0.18606382138215943
18.881932020187378,-0.18914488868842916
18.902855157852173,-0.18638206094826243
18.91517400741577,-0.18672721635469672
18.935873985290527,-0.1914154872126054
18.951491594314575,-0.18695451405707292
18.965572118759155,-0.18694330621534774
18.985939502716064,-0.19152561812568797
19.001550674438477,-0.18673101626452346
19.016956567764282,-0.1863849008881142
19.03208351135254,-0.19131036391035006
19.051061153411865,-0.1861442958853865
19.066527605056763,-0.18609915026810764
19.08593463897705,-0.18617363880161167
19.101975202560425,-0.18638921163852432
19.115907430648804,-0.18649647903737362
19.135037183761597,-0.1867344917567451
19.14935827255249,-0.18694192260291112
19.169634580612183,-0.1869076505188456
19.18582820892334,-0.18696664633927143
19.2021222114563,-0.19172419318814887
19.218810558319092,-0.18651931256040033
19.234028339385986,-0.18653798211759698
19.253451347351074,-0.18919913385995615
19.269477128982544,-0.18614879006642757
19.283278226852417,-0.18618086285925012
19.30308699607849,-0.19064160106838346
19.315861225128174,-0.18648751057673812
19.3361554145813,-0.18661451151891487
19.352471828460693,-0.19164960886560556
19.368903398513794,-0.18704375051689076
19.38602375984192,-0.1869293020961092
19.40324854850769,-0.1915599857586984
19.415310621261597,-0.1866891252999828
19.435872793197632,-0.18631502031030692
19.4512836933136,-0.18635278912611247
19.467674732208252,-0.18616112063953563
19.48638916015625,-0.18618121244278388
19.502272605895996,-0.186222317093638
19.516029119491577,-0.19153034612376452
19.536382913589478,-0.18652252902663702
19.549095392227173,-0.18673021611450447
19.569868326187134,-0.18693885547740038
19.586010456085205,-0.186904004673406
19.60312533378601,-0.18699058021234244
19.618678331375122,-0.1917084781666533
19.6362407207489,-0.18656702659609847
19.652609825134277,-0.18640634386703991
19.66877555847168,-0.1863034861325431
19.68343186378479,-0.18615052461736686
19.70274519920349,-0.1861186652498152
19.717941522598267,-0.18633819249317154
19.737119913101196,-0.18646064800133028
19.752803802490234,-0.1866862127727205
19.770179986953735,-0.1916575101904937
19.785149097442627,-0.1869875249864586
19.8034348487854,-0.18700926218605754
19.820038080215454,-0.19129781665382734
19.83689832687378,-0.1866371505777978
19.852921962738037,-0.18647019554554095
19.868298053741455,-0.18647625259382694
19.886476039886475,-0.186189258197555
19.901610374450684,-0.18615152791795708
19.9202082157135,-0.18617615913294988
19.93622922897339,-0.18732570962332312
19.952887535095215,-0.18645658894842293
19.970154762268066,-0.18671910813281078
19.98308277130127,-0.19174357105219114
