time, id, x, y, z, qx, qy, qz, qw, image_error, object_error, fiducial_area
1717086187.948231629, 0, 0.106028, 0.0348941, 0.94332, 0.994682, -0.0186232, 0.0729323, 0.0702994, 0.000604519, 0.000759602, 0
1717086187.977695744, 0, 0.0912994, 0.0408224, 0.945336, 0.994619, -0.00688872, 0.074106, 0.0720622, 0.000757679, 0.000951966, 0
1717086187.995786634, 0, 0.0992898, 0.0363179, 0.944603, 0.994722, -0.013202, 0.0734776, 0.0703847, 0.000713392, 0.000896976, 0
1717086188.011513353, 0, 0.0992898, 0.0363179, 0.944603, 0.994722, -0.013202, 0.0734776, 0.0703847, 0.000713392, 0.000896976, 0
1717086188.026447070, 0, 0.0892991, 0.0354232, 0.946275, 0.994782, -0.00533191, 0.0748712, 0.0690973, 0.000649171, 0.00081642, 0
1717086188.043044538, 0, 0.0892991, 0.0354232, 0.946275, 0.994782, -0.00533191, 0.0748712, 0.0690973, 0.000649171, 0.00081642, 0
1717086188.060021206, 0, 0.0918061, 0.0424252, 0.945403, 0.994544, -0.00729239, 0.0742093, 0.0729495, 0.000484759, 0.000609151, 0
1717086188.076912837, 0, 0.0918061, 0.0424252, 0.945403, 0.994544, -0.00729239, 0.0742093, 0.0729495, 0.000484759, 0.000609151, 0
1717086188.093320526, 0, 0.0992247, 0.0453003, 0.944275, 0.994461, -0.0130389, 0.072478, 0.0750004, 0.000617229, 0.000776204, 0
1717086188.110343804, 0, 0.0992247, 0.0453003, 0.944275, 0.994461, -0.0130389, 0.072478, 0.0750004, 0.000617229, 0.000776204, 0
1717086188.127021715, 0, 0.100485, 0.0412992, 0.944425, 0.994488, -0.0141743, 0.0737482, 0.0731718, 0.00132288, 0.00166221, 0
1717086188.143501554, 0, 0.100485, 0.0412992, 0.944425, 0.994488, -0.0141743, 0.0737482, 0.0731718, 0.00132288, 0.00166221, 0
1717086188.160116141, 0, 0.109417, 0.0416422, 0.942599, 0.994414, -0.0212212, 0.0721313, 0.0740815, 0.000244265, 0.000306901, 0
1717086188.177023400, 0, 0.109417, 0.0416422, 0.942599, 0.994414, -0.0212212, 0.0721313, 0.0740815, 0.000244265, 0.000306901, 0
1717086188.193380720, 0, 0.0912624, 0.0374835, 0.945821, 0.994718, -0.00686712, 0.0744579, 0.0703245, 0.00097111, 0.00122095, 0
1717086188.210266183, 0, 0.0912624, 0.0374835, 0.945821, 0.994718, -0.00686712, 0.0744579, 0.0703245, 0.00097111, 0.00122095, 0
1717086188.227022830, 0, 0.102075, 0.0384548, 0.943887, 0.994632, -0.0154037, 0.0729659, 0.071736, 0.000355855, 0.000447258, 0
1717086188.243880222, 0, 0.102075, 0.0384548, 0.943887, 0.994632, -0.0154037, 0.0729659, 0.071736, 0.000355855, 0.000447258, 0
1717086188.260139731, 0, 0.0995853, 0.0366079, 0.944323, 0.994652, -0.0135348, 0.0740966, 0.0706682, 0.000364941, 0.000458318, 0
1717086188.277136290, 0, 0.0995853, 0.0366079, 0.944323, 0.994652, -0.0135348, 0.0740966, 0.0706682, 0.000364941, 0.000458318, 0
1717086188.293333486, 0, 0.100775, 0.039656, 0.944099, 0.994582, -0.0144023, 0.0732886, 0.0723015, 0.000410323, 0.000515591, 0
1717086188.310354122, 0, 0.100775, 0.039656, 0.944099, 0.994582, -0.0144023, 0.0732886, 0.0723015, 0.000410323, 0.000515591, 0
1717086188.327276625, 0, 0.109632, 0.0381506, 0.942567, 0.994488, -0.0214827, 0.072765, 0.0723634, 0.000530718, 0.00066637, 0
1717086188.344082191, 0, 0.109632, 0.0381506, 0.942567, 0.994488, -0.0214827, 0.072765, 0.0723634, 0.000530718, 0.00066637, 0
1717086188.360493303, 0, 0.101493, 0.0369565, 0.94406, 0.994675, -0.0149693, 0.0732561, 0.0709351, 0.000697237, 0.000876236, 0
1717086188.377208584, 0, 0.101493, 0.0369565, 0.94406, 0.994675, -0.0149693, 0.0732561, 0.0709351, 0.000697237, 0.000876236, 0
1717086188.394062589, 0, 0.0984986, 0.0371391, 0.94443, 0.994681, -0.0126279, 0.0737456, 0.0707877, 0.000604254, 0.000759145, 0
1717086188.410328218, 0, 0.0984986, 0.0371391, 0.94443, 0.994681, -0.0126279, 0.0737456, 0.0707877, 0.000604254, 0.000759145, 0
1717086188.427263295, 0, 0.0906258, 0.0327454, 0.946011, 0.99486, -0.00640922, 0.0749106, 0.0678338, 0.000520507, 0.000654434, 0
1717086188.443490762, 0, 0.0906258, 0.0327454, 0.946011, 0.99486, -0.00640922, 0.0749106, 0.0678338, 0.000520507, 0.000654434, 0
1717086188.460336296, 0, 0.097439, 0.0336719, 0.945138, 0.994818, -0.0117553, 0.073863, 0.0688692, 0.000404005, 0.000508232, 0
1717086188.477296769, 0, 0.097439, 0.0336719, 0.945138, 0.994818, -0.0117553, 0.073863, 0.0688692, 0.000404005, 0.000508232, 0
1717086188.494103112, 0, 0.0952579, 0.0402265, 0.945182, 0.994597, -0.0100166, 0.0739892, 0.0721197, 0.000547059, 0.000687709, 0
1717086188.510429596, 0, 0.0952579, 0.0402265, 0.945182, 0.994597, -0.0100166, 0.0739892, 0.0721197, 0.000547059, 0.000687709, 0
1717086188.527132239, 0, 0.0970982, 0.0414281, 0.944916, 0.994562, -0.0114431, 0.0735199, 0.072873, 0.000476463, 0.000599125, 0
1717086188.544136286, 0, 0.0970982, 0.0414281, 0.944916, 0.994562, -0.0114431, 0.0735199, 0.072873, 0.000476463, 0.000599125, 0
1717086188.560472023, 0, 0.0922974, 0.0364136, 0.945791, 0.994733, -0.00770486, 0.0745906, 0.0698841, 0.000517461, 0.000650627, 0
1717086188.577225194, 0, 0.0922974, 0.0364136, 0.945791, 0.994733, -0.00770486, 0.0745906, 0.0698841, 0.000517461, 0.000650627, 0
1717086188.594036392, 0, 0.099435, 0.0334837, 0.94453, 0.994796, -0.0133781, 0.0737913, 0.0689645, 0.000690322, 0.00086765, 0
1717086188.610424310, 0, 0.099435, 0.0334837, 0.94453, 0.994796, -0.0133781, 0.0737913, 0.0689645, 0.000690322, 0.00086765, 0
1717086188.627165795, 0, 0.0863293, 0.0262812, 0.947046, 0.995061, -0.00301666, 0.0757228, 0.0641174, 0.000417505, 0.000525375, 0
1717086188.644092352, 0, 0.0863293, 0.0262812, 0.947046, 0.995061, -0.00301666, 0.0757228, 0.0641174, 0.000417505, 0.000525375, 0
1717086188.660550541, 0, 0.102758, 0.0391578, 0.943541, 0.99462, -0.0159483, 0.0725933, 0.0721611, 0.00025916, 0.000325671, 0
1717086188.677387623, 0, 0.102758, 0.0391578, 0.943541, 0.99462, -0.0159483, 0.0725933, 0.0721611, 0.00025916, 0.000325671, 0
1717086188.694549655, 0, 0.106927, 0.0350721, 0.943121, 0.994643, -0.0193444, 0.0730729, 0.0705073, 0.00119185, 0.00149695, 0
1717086188.711174829, 0, 0.106927, 0.0350721, 0.943121, 0.994643, -0.0193444, 0.0730729, 0.0705073, 0.00119185, 0.00149695, 0
1717086188.727364000, 0, 0.100401, 0.037529, 0.944271, 0.994639, -0.0141319, 0.0736658, 0.0711828, 0.000476343, 0.000598495, 0
1717086188.744421798, 0, 0.100401, 0.037529, 0.944271, 0.994639, -0.0141319, 0.0736658, 0.0711828, 0.000476343, 0.000598495, 0
1717086188.761124736, 0, 0.0977698, 0.0373838, 0.944732, 0.994673, -0.0120389, 0.0738891, 0.0708586, 0.000396414, 0.000498188, 0
1717086188.777380855, 0, 0.0977698, 0.0373838, 0.944732, 0.994673, -0.0120389, 0.0738891, 0.0708586, 0.000396414, 0.000498188, 0
1717086188.793975153, 0, 0.0965073, 0.0383698, 0.94481, 0.994668, -0.0110202, 0.0737481, 0.0712352, 0.000543164, 0.000682659, 0
1717086188.810882561, 0, 0.0965073, 0.0383698, 0.94481, 0.994668, -0.0110202, 0.0737481, 0.0712352, 0.000543164, 0.000682659, 0
1717086188.827388319, 0, 0.0948399, 0.0363525, 0.945462, 0.99474, -0.00968723, 0.0741067, 0.0700457, 0.000460441, 0.000579105, 0
1717086188.844643428, 0, 0.0948399, 0.0363525, 0.945462, 0.99474, -0.00968723, 0.0741067, 0.0700457, 0.000460441, 0.000579105, 0
1717086188.860861306, 0, 0.0943783, 0.040414, 0.945089, 0.994658, -0.00926082, 0.0733284, 0.0720642, 0.000265928, 0.000334437, 0
1717086188.877451262, 0, 0.0943783, 0.040414, 0.945089, 0.994658, -0.00926082, 0.0733284, 0.0720642, 0.000265928, 0.000334437, 0
1717086188.894160170, 0, 0.110281, 0.0370346, 0.942623, 0.994535, -0.0219796, 0.0725321, 0.0718073, 0.000611239, 0.000767913, 0
1717086188.911172575, 0, 0.110281, 0.0370346, 0.942623, 0.994535, -0.0219796, 0.0725321, 0.0718073, 0.000611239, 0.000767913, 0
1717086188.927376769, 0, 0.106286, 0.0396865, 0.943164, 0.9945, -0.0187821, 0.0728742, 0.0728451, 0.00094287, 0.00118422, 0
1717086188.944489507, 0, 0.106286, 0.0396865, 0.943164, 0.9945, -0.0187821, 0.0728742, 0.0728451, 0.00094287, 0.00118422, 0
1717086188.960913659, 0, 0.116277, 0.0400602, 0.941329, 0.994315, -0.026731, 0.0717768, 0.0739726, 0.00126336, 0.00158617, 0
1717086188.977513027, 0, 0.116277, 0.0400602, 0.941329, 0.994315, -0.026731, 0.0717768, 0.0739726, 0.00126336, 0.00158617, 0
1717086188.994691284, 0, 0.07458, 0.0294687, 0.948123, 0.994953, 0.00629187, 0.0763956, 0.0647448, 2.14467e-05, 2.69853e-05, 0
1717086189.011475162, 0, 0.07458, 0.0294687, 0.948123, 0.994953, 0.00629187, 0.0763956, 0.0647448, 2.14467e-05, 2.69853e-05, 0
1717086189.027583212, 0, 0.0837811, 0.0228744, 0.947165, 0.995202, -0.00100113, 0.075653, 0.0620373, 3.74508e-07, 4.71421e-07, 0
1717086189.044316891, 0, 0.0837811, 0.0228744, 0.947165, 0.995202, -0.00100113, 0.075653, 0.0620373, 3.74508e-07, 4.71421e-07, 0
1717086189.061207377, 0, 0.103284, 0.0308001, 0.944136, 0.994845, -0.0164447, 0.0735412, 0.0678613, 0.000231417, 0.000291018, 0
1717086189.078059961, 0, 0.103284, 0.0308001, 0.944136, 0.994845, -0.0164447, 0.0735412, 0.0678613, 0.000231417, 0.000291018, 0
1717086189.094570142, 0, 0.088937, 0.0247628, 0.946671, 0.995135, -0.00507418, 0.0751747, 0.0634722, 5.66814e-05, 7.13599e-05, 0
1717086189.110884492, 0, 0.088937, 0.0247628, 0.946671, 0.995135, -0.00507418, 0.0751747, 0.0634722, 5.66814e-05, 7.13599e-05, 0
1717086189.127556575, 0, 0.0896087, 0.025976, 0.946445, 0.995105, -0.00560448, 0.0749472, 0.0641673, 3.09069e-05, 3.89042e-05, 0
1717086189.144592322, 0, 0.0896087, 0.025976, 0.946445, 0.995105, -0.00560448, 0.0749472, 0.0641673, 3.09069e-05, 3.89042e-05, 0
1717086189.161079355, 0, 0.0879075, 0.0202003, 0.946265, 0.995279, -0.0042972, 0.0753824, 0.0609855, 2.28215e-06, 2.87075e-06, 0
1717086189.177851359, 0, 0.0879075, 0.0202003, 0.946265, 0.995279, -0.0042972, 0.0753824, 0.0609855, 2.28215e-06, 2.87075e-06, 0
1717086189.194418372, 0, 0.0995131, 0.0232179, 0.944799, 0.99518, -0.0134625, 0.0735407, 0.0634634, 4.47693e-06, 5.63712e-06, 0
1717086189.210864335, 0, 0.0995131, 0.0232179, 0.944799, 0.99518, -0.0134625, 0.0735407, 0.0634634, 4.47693e-06, 5.63712e-06, 0
1717086189.227815160, 0, 0.0836147, 0.0223038, 0.946678, 0.995298, -0.000833749, 0.0747516, 0.0615961, 0.000470041, 0.000591795, 0
1717086189.244418086, 0, 0.0836147, 0.0223038, 0.946678, 0.995298, -0.000833749, 0.0747516, 0.0615961, 0.000470041, 0.000591795, 0
1717086189.261199872, 0, 0.0977118, 0.0294845, 0.944793, 0.994975, -0.0120293, 0.0737811, 0.0666017, 4.16682e-05, 5.24113e-05, 0
1717086189.278351607, 0, 0.0977118, 0.0294845, 0.944793, 0.994975, -0.0120293, 0.0737811, 0.0666017, 4.16682e-05, 5.24113e-05, 0
1717086189.295004163, 0, 0.099675, 0.0236737, 0.945217, 0.995036, -0.0136715, 0.0750403, 0.0639183, 0.000261524, 0.000328992, 0
1717086189.311244825, 0, 0.099675, 0.0236737, 0.945217, 0.995036, -0.0136715, 0.0750403, 0.0639183, 0.000261524, 0.000328992, 0
1717086189.328161078, 0, 0.0938887, 0.0242253, 0.945572, 0.995108, -0.00907124, 0.0750204, 0.0636414, 3.23968e-05, 4.07415e-05, 0
1717086189.345482174, 0, 0.0938887, 0.0242253, 0.945572, 0.995108, -0.00907124, 0.0750204, 0.0636414, 3.23968e-05, 4.07415e-05, 0
1717086189.361416447, 0, 0.0789403, 0.0111571, 0.947921, 0.995535, 0.00283809, 0.0763093, 0.0554913, 0.000649576, 0.000818607, 0
1717086189.378019431, 0, 0.0789403, 0.0111571, 0.947921, 0.995535, 0.00283809, 0.0763093, 0.0554913, 0.000649576, 0.000818607, 0
1717086189.394698096, 0, 0.10289, 0.0252733, 0.944545, 0.995081, -0.016108, 0.073171, 0.0648164, 5.22628e-05, 6.58299e-05, 0
1717086189.411739706, 0, 0.10289, 0.0252733, 0.944545, 0.995081, -0.016108, 0.073171, 0.0648164, 5.22628e-05, 6.58299e-05, 0
1717086189.427828286, 0, 0.10275, 0.0222423, 0.944221, 0.995138, -0.0160957, 0.0737074, 0.0633069, 2.0372e-05, 2.56345e-05, 0
1717086189.445021933, 0, 0.10275, 0.0222423, 0.944221, 0.995138, -0.0160957, 0.0737074, 0.0633069, 2.0372e-05, 2.56345e-05, 0
1717086189.461392775, 0, 0.0908487, 0.0256941, 0.945742, 0.995099, -0.00664096, 0.0749883, 0.0641109, 6.3042e-05, 7.9265e-05, 0
1717086189.478155558, 0, 0.0908487, 0.0256941, 0.945742, 0.995099, -0.00664096, 0.0749883, 0.0641109, 6.3042e-05, 7.9265e-05, 0
1717086189.495120556, 0, 0.0975131, 0.0300821, 0.945329, 0.994875, -0.0119016, 0.0747454, 0.0670526, 0.000396055, 0.000498065, 0
1717086189.511766946, 0, 0.0975131, 0.0300821, 0.945329, 0.994875, -0.0119016, 0.0747454, 0.0670526, 0.000396055, 0.000498065, 0
1717086189.528110905, 0, 0.0911571, 0.0377274, 0.94607, 0.99472, -0.00675591, 0.0743619, 0.0704076, 0.000713258, 0.000897337, 0
1717086189.544923351, 0, 0.0911571, 0.0377274, 0.94607, 0.99472, -0.00675591, 0.0743619, 0.0704076, 0.000713258, 0.000897337, 0
1717086189.561424419, 0, 0.0874207, 0.0251174, 0.946334, 0.995141, -0.00388555, 0.0751386, 0.0635104, 8.35807e-05, 0.000105124, 0
1717086189.578700813, 0, 0.0874207, 0.0251174, 0.946334, 0.995141, -0.00388555, 0.0751386, 0.0635104, 8.35807e-05, 0.000105124, 0
1717086189.595235028, 0, 0.0923816, 0.0179022, 0.945898, 0.995339, -0.00786664, 0.0749593, 0.060166, 1.32114e-05, 1.66304e-05, 0
1717086189.611511043, 0, 0.0923816, 0.0179022, 0.945898, 0.995339, -0.00786664, 0.0749593, 0.060166, 1.32114e-05, 1.66304e-05, 0
1717086189.628458005, 0, 0.0864679, 0.0239784, 0.946897, 0.995184, -0.00309139, 0.0752001, 0.0628038, 8.88424e-07, 1.11868e-06, 0
1717086189.645615887, 0, 0.0864679, 0.0239784, 0.946897, 0.995184, -0.00309139, 0.0752001, 0.0628038, 8.88424e-07, 1.11868e-06, 0
1717086189.662748969, 0, 0.0867906, 0.0363823, 0.946703, 0.994768, -0.00330182, 0.0749503, 0.0693472, 0.000543108, 0.000683296, 0
1717086189.679933562, 0, 0.0867906, 0.0363823, 0.946703, 0.994768, -0.00330182, 0.0749503, 0.0693472, 0.000543108, 0.000683296, 0
1717086189.695207110, 0, 0.0983825, 0.0435183, 0.944223, 0.994477, -0.0124729, 0.0733061, 0.0740748, 0.000375451, 0.000471629, 0
1717086189.711482372, 0, 0.0983825, 0.0435183, 0.944223, 0.994477, -0.0124729, 0.0733061, 0.0740748, 0.000375451, 0.000471629, 0
1717086189.728398358, 0, 0.0935589, 0.0406237, 0.945085, 0.994628, -0.00866588, 0.0737301, 0.0721383, 0.000320184, 0.000402422, 0
1717086189.745294960, 0, 0.0935589, 0.0406237, 0.945085, 0.994628, -0.00866588, 0.0737301, 0.0721383, 0.000320184, 0.000402422, 0
1717086189.761524657, 0, 0.0948112, 0.0320585, 0.945656, 0.994907, -0.00966465, 0.0740099, 0.0677477, 0.000396198, 0.000498652, 0
1717086189.778975094, 0, 0.0948112, 0.0320585, 0.945656, 0.994907, -0.00966465, 0.0740099, 0.0677477, 0.000396198, 0.000498652, 0
1717086189.795515188, 0, 0.0891917, 0.0244433, 0.946629, 0.995139, -0.00527342, 0.0752254, 0.0633399, 0.000346659, 0.00043637, 0
1717086189.811628188, 0, 0.0891917, 0.0244433, 0.946629, 0.995139, -0.00527342, 0.0752254, 0.0633399, 0.000346659, 0.00043637, 0
1717086189.828393976, 0, 0.0835666, 0.0310677, 0.947098, 0.994947, -0.000795448, 0.0754081, 0.0662884, 0.000459525, 0.000578165, 0
1717086189.846082938, 0, 0.0835666, 0.0310677, 0.947098, 0.994947, -0.000795448, 0.0754081, 0.0662884, 0.000459525, 0.000578165, 0
1717086189.862076505, 0, 0.0874693, 0.0365632, 0.946058, 0.994775, -0.00386723, 0.0746771, 0.0695089, 0.000812497, 0.00102122, 0
1717086189.878430933, 0, 0.0874693, 0.0365632, 0.946058, 0.994775, -0.00386723, 0.0746771, 0.0695089, 0.000812497, 0.00102122, 0
1717086189.895357302, 0, 0.106899, 0.0362118, 0.943334, 0.994624, -0.0192574, 0.0728219, 0.0710578, 0.00144064, 0.0018106, 0
1717086189.911897324, 0, 0.106899, 0.0362118, 0.943334, 0.994624, -0.0192574, 0.0728219, 0.0710578, 0.00144064, 0.0018106, 0
1717086189.928763700, 0, 0.0994619, 0.0334664, 0.944482, 0.994783, -0.0134298, 0.0739311, 0.068997, 0.000582271, 0.000731701, 0
1717086189.945557791, 0, 0.0994619, 0.0334664, 0.944482, 0.994783, -0.0134298, 0.0739311, 0.068997, 0.000582271, 0.000731701, 0
1717086189.962328491, 0, 0.0791587, 0.0321214, 0.947605, 0.994899, 0.00268334, 0.0758128, 0.0664955, 0.000161824, 0.000203602, 0
1717086189.978706397, 0, 0.0791587, 0.0321214, 0.947605, 0.994899, 0.00268334, 0.0758128, 0.0664955, 0.000161824, 0.000203602, 0
1717086189.996341206, 0, 0.0905282, 0.0383447, 0.945861, 0.994725, -0.00625463, 0.0741148, 0.0706384, 0.000252168, 0.000317185, 0
1717086190.012108719, 0, 0.0905282, 0.0383447, 0.945861, 0.994725, -0.00625463, 0.0741148, 0.0706384, 0.000252168, 0.000317185, 0
1717086190.028627222, 0, 0.0846676, 0.0285165, 0.947366, 0.995009, -0.00166104, 0.0756286, 0.0650696, 0.000222414, 0.000280014, 0
1717086190.045360514, 0, 0.0846676, 0.0285165, 0.947366, 0.995009, -0.00166104, 0.0756286, 0.0650696, 0.000222414, 0.000280014, 0
1717086190.062052583, 0, 0.0971981, 0.0458355, 0.944466, 0.994423, -0.0114842, 0.0731033, 0.0751473, 0.000829019, 0.00104182, 0
1717086190.078615694, 0, 0.0971981, 0.0458355, 0.944466, 0.994423, -0.0114842, 0.0731033, 0.0751473, 0.000829019, 0.00104182, 0
1717086190.095476605, 0, 0.107843, 0.0327241, 0.94267, 0.994704, -0.0201404, 0.0730985, 0.0693877, 0.000652749, 0.000819367, 0
1717086190.112178189, 0, 0.107843, 0.0327241, 0.94267, 0.994704, -0.0201404, 0.0730985, 0.0693877, 0.000652749, 0.000819367, 0
1717086190.128950887, 0, 0.0963286, 0.0354194, 0.945192, 0.994785, -0.0108524, 0.0737171, 0.0696516, 0.000287338, 0.000361477, 0
1717086190.145431796, 0, 0.0963286, 0.0354194, 0.945192, 0.994785, -0.0108524, 0.0737171, 0.0696516, 0.000287338, 0.000361477, 0
1717086190.162519950, 0, 0.0799717, 0.0216669, 0.947937, 0.995241, 0.00206957, 0.0758872, 0.0610839, 1.27821e-05, 1.61026e-05, 0
1717086190.179250349, 0, 0.0799717, 0.0216669, 0.947937, 0.995241, 0.00206957, 0.0758872, 0.0610839, 1.27821e-05, 1.61026e-05, 0
1717086190.195474353, 0, 0.0852584, 0.0212782, 0.947312, 0.995235, -0.00216139, 0.0757573, 0.0613449, 4.47268e-07, 5.63305e-07, 0
1717086190.212248828, 0, 0.0852584, 0.0212782, 0.947312, 0.995235, -0.00216139, 0.0757573, 0.0613449, 4.47268e-07, 5.63305e-07, 0
1717086190.229003749, 0, 0.0918414, 0.0306132, 0.945757, 0.994926, -0.00738689, 0.0748709, 0.0667986, 0.000398588, 0.000501076, 0
1717086190.245488478, 0, 0.0918414, 0.0306132, 0.945757, 0.994926, -0.00738689, 0.0748709, 0.0667986, 0.000398588, 0.000501076, 0
1717086190.262423086, 0, 0.0907917, 0.0385151, 0.945703, 0.994683, -0.00649687, 0.0744698, 0.0708388, 0.00136063, 0.00170997, 0
1717086190.279122990, 0, 0.0907917, 0.0385151, 0.945703, 0.994683, -0.00649687, 0.0744698, 0.0708388, 0.00136063, 0.00170997, 0
1717086190.295812085, 0, 0.100399, 0.0392953, 0.94429, 0.994557, -0.0141376, 0.0738498, 0.0721298, 0.00156576, 0.0019667, 0
1717086190.312282083, 0, 0.100399, 0.0392953, 0.94429, 0.994557, -0.0141376, 0.0738498, 0.0721298, 0.00156576, 0.0019667, 0
1717086190.329139035, 0, 0.0793851, 0.0338395, 0.947447, 0.994834, 0.00249168, 0.075857, 0.0674183, 4.79373e-05, 6.0293e-05, 0
1717086190.346471027, 0, 0.0793851, 0.0338395, 0.947447, 0.994834, 0.00249168, 0.075857, 0.0674183, 4.79373e-05, 6.0293e-05, 0
1717086190.362305217, 0, 0.0816014, 0.0233876, 0.947683, 0.995152, 0.000732699, 0.0762263, 0.0621478, 2.0021e-05, 2.52034e-05, 0
1717086190.379157957, 0, 0.0816014, 0.0233876, 0.947683, 0.995152, 0.000732699, 0.0762263, 0.0621478, 2.0021e-05, 2.52034e-05, 0
1717086190.395716833, 0, 0.0939916, 0.0271172, 0.945674, 0.994979, -0.0091578, 0.0753748, 0.0652083, 0.000243235, 0.000305758, 0
1717086190.412684994, 0, 0.0939916, 0.0271172, 0.945674, 0.994979, -0.0091578, 0.0753748, 0.0652083, 0.000243235, 0.000305758, 0
1717086190.429181495, 0, 0.0806918, 0.0324879, 0.947274, 0.99487, 0.0014475, 0.0759154, 0.0668421, 8.40534e-05, 0.000105694, 0
1717086190.445677957, 0, 0.0806918, 0.0324879, 0.947274, 0.99487, 0.0014475, 0.0759154, 0.0668421, 8.40534e-05, 0.000105694, 0
1717086190.462432578, 0, 0.0968286, 0.0422524, 0.944719, 0.994536, -0.0112319, 0.0734944, 0.0732784, 0.000484449, 0.000608891, 0
1717086190.479421382, 0, 0.0968286, 0.0422524, 0.944719, 0.994536, -0.0112319, 0.0734944, 0.0732784, 0.000484449, 0.000608891, 0
1717086190.496135644, 0, 0.0917575, 0.0388705, 0.945429, 0.994671, -0.00726672, 0.0743103, 0.0710966, 0.000394366, 0.000495569, 0
1717086190.512404839, 0, 0.0917575, 0.0388705, 0.945429, 0.994671, -0.00726672, 0.0743103, 0.0710966, 0.000394366, 0.000495569, 0
1717086190.529482890, 0, 0.0884528, 0.0278482, 0.946536, 0.995014, -0.00471492, 0.0754425, 0.0650687, 0.000236158, 0.000297057, 0
1717086190.546185899, 0, 0.0884528, 0.0278482, 0.946536, 0.995014, -0.00471492, 0.0754425, 0.0650687, 0.000236158, 0.000297057, 0
1717086190.562824767, 0, 0.0937648, 0.0249426, 0.945755, 0.995123, -0.00890482, 0.0745843, 0.0639403, 1.93128e-05, 2.43079e-05, 0
1717086190.579431592, 0, 0.0937648, 0.0249426, 0.945755, 0.995123, -0.00890482, 0.0745843, 0.0639403, 1.93128e-05, 2.43079e-05, 0
1717086190.595819270, 0, 0.0851707, 0.0270989, 0.947075, 0.995057, -0.00208128, 0.0755796, 0.0643762, 0.000239516, 0.000301423, 0
1717086190.612636849, 0, 0.0851707, 0.0270989, 0.947075, 0.995057, -0.00208128, 0.0755796, 0.0643762, 0.000239516, 0.000301423, 0
1717086190.629359705, 0, 0.0931612, 0.0336031, 0.945647, 0.994828, -0.0084036, 0.0745402, 0.06848, 0.000232662, 0.000292549, 0
1717086190.646525020, 0, 0.0931612, 0.0336031, 0.945647, 0.994828, -0.0084036, 0.0745402, 0.06848, 0.000232662, 0.000292549, 0
1717086190.662780939, 0, 0.0991687, 0.0368526, 0.944543, 0.99468, -0.0131453, 0.0737355, 0.070719, 0.000623088, 0.000783066, 0
1717086190.679545363, 0, 0.0991687, 0.0368526, 0.944543, 0.99468, -0.0131453, 0.0737355, 0.070719, 0.000623088, 0.000783066, 0
1717086190.696173518, 0, 0.0793904, 0.0341826, 0.947511, 0.994835, 0.0025122, 0.0756912, 0.0675928, 0.000183041, 0.000230274, 0
1717086190.713077369, 0, 0.0793904, 0.0341826, 0.947511, 0.994835, 0.0025122, 0.0756912, 0.0675928, 0.000183041, 0.000230274, 0
1717086190.729455767, 0, 0.0995501, 0.0293661, 0.944717, 0.994914, -0.0135164, 0.074165, 0.0668032, 0.00011044, 0.000138871, 0
1717086190.746097810, 0, 0.0995501, 0.0293661, 0.944717, 0.994914, -0.0135164, 0.074165, 0.0668032, 0.00011044, 0.000138871, 0
1717086190.762813775, 0, 0.0987361, 0.029227, 0.944758, 0.994927, -0.0128761, 0.0742466, 0.0666467, 0.00012807, 0.000161017, 0
1717086190.779539223, 0, 0.0987361, 0.029227, 0.944758, 0.994927, -0.0128761, 0.0742466, 0.0666467, 0.00012807, 0.000161017, 0
1717086190.796334248, 0, 0.0854111, 0.0368795, 0.946669, 0.99474, -0.00225373, 0.0752145, 0.0694941, 0.000490947, 0.000617312, 0
1717086190.813112059, 0, 0.0854111, 0.0368795, 0.946669, 0.99474, -0.00225373, 0.0752145, 0.0694941, 0.000490947, 0.000617312, 0
1717086190.829463266, 0, 0.101557, 0.0379025, 0.943724, 0.994614, -0.0150746, 0.0735162, 0.0714892, 0.000856481, 0.00107525, 0
1717086190.847114924, 0, 0.101557, 0.0379025, 0.943724, 0.994614, -0.0150746, 0.0735162, 0.0714892, 0.000856481, 0.00107525, 0
1717086190.863174281, 0, 0.098717, 0.0378084, 0.944786, 0.994678, -0.0127347, 0.0734448, 0.0711267, 0.000613855, 0.000772054, 0
1717086190.879582876, 0, 0.098717, 0.0378084, 0.944786, 0.994678, -0.0127347, 0.0734448, 0.0711267, 0.000613855, 0.000772054, 0
1717086190.896610882, 0, 0.0928734, 0.0313049, 0.945781, 0.994916, -0.00816875, 0.074535, 0.0672282, 0.000382242, 0.000480791, 0
1717086190.912905665, 0, 0.0928734, 0.0313049, 0.945781, 0.994916, -0.00816875, 0.074535, 0.0672282, 0.000382242, 0.000480791, 0
1717086190.929697095, 0, 0.0969479, 0.023291, 0.945323, 0.995088, -0.0115196, 0.0750999, 0.0634613, 0.000108741, 0.000136752, 0
1717086190.946722844, 0, 0.0969479, 0.023291, 0.945323, 0.995088, -0.0115196, 0.0750999, 0.0634613, 0.000108741, 0.000136752, 0
1717086190.963083379, 0, 0.091278, 0.0246235, 0.945974, 0.995111, -0.00697633, 0.0752178, 0.0636139, 2.92571e-05, 3.6795e-05, 0
1717086190.979576184, 0, 0.091278, 0.0246235, 0.945974, 0.995111, -0.00697633, 0.0752178, 0.0636139, 2.92571e-05, 3.6795e-05, 0
1717086190.996540228, 0, 0.0959293, 0.0340289, 0.94524, 0.994783, -0.0106123, 0.0744236, 0.0689532, 0.00037424, 0.000470458, 0
1717086191.012768985, 0, 0.0959293, 0.0340289, 0.94524, 0.994783, -0.0106123, 0.0744236, 0.0689532, 0.00037424, 0.000470458, 0
1717086191.030094768, 0, 0.102882, 0.0350683, 0.943778, 0.994707, -0.0161259, 0.0733546, 0.0701178, 0.000438248, 0.000550606, 0
1717086191.046442693, 0, 0.102882, 0.0350683, 0.943778, 0.994707, -0.0161259, 0.0733546, 0.0701178, 0.000438248, 0.000550606, 0
1717086191.062992030, 0, 0.096807, 0.038109, 0.944855, 0.994663, -0.0112598, 0.0738633, 0.0711481, 0.00108334, 0.0013615, 0
1717086191.079787168, 0, 0.096807, 0.038109, 0.944855, 0.994663, -0.0112598, 0.0738633, 0.0711481, 0.00108334, 0.0013615, 0
1717086191.096526650, 0, 0.0931603, 0.029947, 0.945817, 0.994931, -0.00843462, 0.0748891, 0.0665814, 0.000347913, 0.00043753, 0
1717086191.113042085, 0, 0.0931603, 0.029947, 0.945817, 0.994931, -0.00843462, 0.0748891, 0.0665814, 0.000347913, 0.00043753, 0
1717086191.129754649, 0, 0.0883972, 0.0235655, 0.946332, 0.995144, -0.00470531, 0.0756189, 0.0628332, 0.000292475, 0.000367769, 0
1717086191.146924422, 0, 0.0883972, 0.0235655, 0.946332, 0.995144, -0.00470531, 0.0756189, 0.0628332, 0.000292475, 0.000367769, 0
1717086191.163162294, 0, 0.0974342, 0.0290623, 0.945118, 0.994943, -0.0118259, 0.0743727, 0.0664644, 0.000138629, 0.000174345, 0
1717086191.180006626, 0, 0.0974342, 0.0290623, 0.945118, 0.994943, -0.0118259, 0.0743727, 0.0664644, 0.000138629, 0.000174345, 0
1717086191.196538381, 0, 0.096652, 0.0413156, 0.944757, 0.994583, -0.011091, 0.0734132, 0.0727462, 0.000253373, 0.000318519, 0
1717086191.213045938, 0, 0.096652, 0.0413156, 0.944757, 0.994583, -0.011091, 0.0734132, 0.0727462, 0.000253373, 0.000318519, 0
1717086191.230327853, 0, 0.0892081, 0.040433, 0.946237, 0.99466, -0.00517367, 0.0741065, 0.0716439, 0.000486164, 0.000611798, 0
1717086191.246422090, 0, 0.0892081, 0.040433, 0.946237, 0.99466, -0.00517367, 0.0741065, 0.0716439, 0.000486164, 0.000611798, 0
1717086191.263316364, 0, 0.102712, 0.0395347, 0.943954, 0.994551, -0.0159321, 0.0732785, 0.072417, 0.000765276, 0.000961633, 0
1717086191.280199580, 0, 0.102712, 0.0395347, 0.943954, 0.994551, -0.0159321, 0.0732785, 0.072417, 0.000765276, 0.000961633, 0
1717086191.296500762, 0, 0.0875808, 0.0350133, 0.946248, 0.994799, -0.00399049, 0.0750807, 0.0687142, 0.000134625, 0.000169235, 0
1717086191.313017401, 0, 0.0875808, 0.0350133, 0.946248, 0.994799, -0.00399049, 0.0750807, 0.0687142, 0.000134625, 0.000169235, 0
1717086191.330519165, 0, 0.093841, 0.0275173, 0.945655, 0.995021, -0.00897739, 0.0747282, 0.0653327, 1.14989e-05, 1.44642e-05, 0
1717086191.347309113, 0, 0.093841, 0.0275173, 0.945655, 0.995021, -0.00897739, 0.0747282, 0.0653327, 1.14989e-05, 1.44642e-05, 0
1717086191.363599888, 0, 0.0926821, 0.0304951, 0.945719, 0.994928, -0.00804848, 0.0747727, 0.0668043, 0.000546692, 0.000687366, 0
1717086191.380215311, 0, 0.0926821, 0.0304951, 0.945719, 0.994928, -0.00804848, 0.0747727, 0.0668043, 0.000546692, 0.000687366, 0
1717086191.397201285, 0, 0.087555, 0.0394677, 0.946067, 0.994659, -0.00394858, 0.0747634, 0.0710473, 0.000425379, 0.000534608, 0
1717086191.413713639, 0, 0.087555, 0.0394677, 0.946067, 0.994659, -0.00394858, 0.0747634, 0.0710473, 0.000425379, 0.000534608, 0
1717086191.430203371, 0, 0.104211, 0.0411693, 0.943688, 0.994496, -0.0170832, 0.0728151, 0.0733797, 0.000717656, 0.000902013, 0
1717086191.446736904, 0, 0.104211, 0.0411693, 0.943688, 0.994496, -0.0170832, 0.0728151, 0.0733797, 0.000717656, 0.000902013, 0
1717086191.463702940, 0, 0.0901817, 0.0320449, 0.946524, 0.994904, -0.00600293, 0.0747516, 0.0673924, 0.000902958, 0.00113658, 0
1717086191.480068441, 0, 0.0901817, 0.0320449, 0.946524, 0.994904, -0.00600293, 0.0747516, 0.0673924, 0.000902958, 0.00113658, 0
1717086191.497218920, 0, 0.0861881, 0.029915, 0.94656, 0.994972, -0.00289566, 0.0753318, 0.065935, 0.000183116, 0.000230264, 0
1717086191.513347360, 0, 0.0861881, 0.029915, 0.94656, 0.994972, -0.00289566, 0.0753318, 0.065935, 0.000183116, 0.000230264, 0
1717086191.529894595, 0, 0.0932871, 0.0340321, 0.945693, 0.994822, -0.0084816, 0.0744432, 0.0686664, 0.000314533, 0.000395595, 0
1717086191.547138454, 0, 0.0932871, 0.0340321, 0.945693, 0.994822, -0.0084816, 0.0744432, 0.0686664, 0.000314533, 0.000395595, 0
1717086191.563460483, 0, 0.0924721, 0.0295641, 0.94598, 0.994983, -0.00783997, 0.074533, 0.0662712, 0.000200903, 0.000252813, 0
1717086191.580320022, 0, 0.0924721, 0.0295641, 0.94598, 0.994983, -0.00783997, 0.074533, 0.0662712, 0.000200903, 0.000252813, 0
1717086191.596982332, 0, 0.0929131, 0.0380762, 0.94508, 0.994704, -0.0081915, 0.0740733, 0.0707763, 0.000213686, 0.000268463, 0
1717086191.613479691, 0, 0.0929131, 0.0380762, 0.94508, 0.994704, -0.0081915, 0.0740733, 0.0707763, 0.000213686, 0.000268463, 0
1717086191.630007672, 0, 0.101943, 0.0378867, 0.943989, 0.99459, -0.0153804, 0.0737272, 0.071543, 0.00111248, 0.00139719, 0
1717086191.647295709, 0, 0.101943, 0.0378867, 0.943989, 0.99459, -0.0153804, 0.0737272, 0.071543, 0.00111248, 0.00139719, 0
1717086191.663689112, 0, 0.0920398, 0.0375349, 0.945534, 0.994729, -0.00747786, 0.0741806, 0.0703911, 0.000151163, 0.000190046, 0
1717086191.680075821, 0, 0.0920398, 0.0375349, 0.945534, 0.994729, -0.00747786, 0.0741806, 0.0703911, 0.000151163, 0.000190046, 0
1717086191.696972266, 0, 0.086369, 0.034614, 0.946349, 0.994867, -0.0029682, 0.0745723, 0.0683416, 0.000367291, 0.000461956, 0
1717086191.713668306, 0, 0.086369, 0.034614, 0.946349, 0.994867, -0.0029682, 0.0745723, 0.0683416, 0.000367291, 0.000461956, 0
1717086191.730578666, 0, 0.0966753, 0.030187, 0.945418, 0.994882, -0.0112382, 0.0747551, 0.0670435, 0.000888606, 0.00111737, 0
1717086191.747139843, 0, 0.0966753, 0.030187, 0.945418, 0.994882, -0.0112382, 0.0747551, 0.0670435, 0.000888606, 0.00111737, 0
1717086191.764043471, 0, 0.0929721, 0.0324598, 0.945561, 0.994894, -0.00823222, 0.0742652, 0.0678398, 0.000551495, 0.000693508, 0
1717086191.780189541, 0, 0.0929721, 0.0324598, 0.945561, 0.994894, -0.00823222, 0.0742652, 0.0678398, 0.000551495, 0.000693508, 0
1717086191.796823831, 0, 0.0936769, 0.0379159, 0.945514, 0.994696, -0.0087681, 0.074132, 0.0707616, 0.000511426, 0.000643128, 0
1717086191.813743310, 0, 0.0936769, 0.0379159, 0.945514, 0.994696, -0.0087681, 0.074132, 0.0707616, 0.000511426, 0.000643128, 0
1717086191.830842468, 0, 0.0970349, 0.0297687, 0.945419, 0.99493, -0.0114801, 0.0742969, 0.0667959, 0.00024433, 0.000307438, 0
1717086191.847906611, 0, 0.0970349, 0.0297687, 0.945419, 0.99493, -0.0114801, 0.0742969, 0.0667959, 0.00024433, 0.000307438, 0
1717086191.864012258, 0, 0.0676941, 0.0144641, 0.94838, 0.995425, 0.0118049, 0.0763295, 0.0562438, 0.0030886, 0.00389054, 0
1717086191.881628025, 0, 0.0676941, 0.0144641, 0.94838, 0.995425, 0.0118049, 0.0763295, 0.0562438, 0.0030886, 0.00389054, 0
1717086191.897490621, 0, 0.0935042, 0.0243633, 0.945899, 0.995206, -0.00864001, 0.0738893, 0.0634927, 0.000491101, 0.000618844, 0
1717086191.913647840, 0, 0.0935042, 0.0243633, 0.945899, 0.995206, -0.00864001, 0.0738893, 0.0634927, 0.000491101, 0.000618844, 0
1717086191.930739446, 0, 0.108796, 0.0341017, 0.942891, 0.994728, -0.0207683, 0.0720737, 0.0699285, 1.91503e-05, 2.40858e-05, 0
1717086191.965052114, 0, 0.0849517, 0.027184, 0.946172, 0.995198, -0.00183541, 0.0738868, 0.0641732, 0.00078143, 0.000983706, 0
1717086191.980526585, 0, 0.0849517, 0.027184, 0.946172, 0.995198, -0.00183541, 0.0738868, 0.0641732, 0.00078143, 0.000983706, 0
1717086191.996903560, 0, 0.0936241, 0.0325936, 0.94521, 0.994987, -0.00868853, 0.0730665, 0.0677254, 0.000600959, 0.000756576, 0
1717086192.013853352, 0, 0.0936241, 0.0325936, 0.94521, 0.994987, -0.00868853, 0.0730665, 0.0677254, 0.000600959, 0.000756576, 0
1717086192.030463448, 0, 0.0838522, 0.034028, 0.946742, 0.995029, -0.000856439, 0.0732038, 0.0675182, 0.000149637, 0.000188638, 0
1717086192.047301088, 0, 0.0838522, 0.034028, 0.946742, 0.995029, -0.000856439, 0.0732038, 0.0675182, 0.000149637, 0.000188638, 0
1717086192.063989976, 0, 0.0522479, 0.041315, 0.949181, 0.994461, 0.0240166, 0.0757022, 0.0688464, 0.0010668, 0.00134426, 0
1717086192.080725825, 0, 0.0522479, 0.041315, 0.949181, 0.994461, 0.0240166, 0.0757022, 0.0688464, 0.0010668, 0.00134426, 0
1717086192.097334939, 0, 0.0372621, 0.0271119, 0.951951, 0.994508, 0.0359386, 0.0775748, 0.06037, 0.000925815, 0.00117054, 0
1717086192.114206212, 0, 0.0372621, 0.0271119, 0.951951, 0.994508, 0.0359386, 0.0775748, 0.06037, 0.000925815, 0.00117054, 0
1717086192.130857500, 0, 0.0647672, 0.0297556, 0.949345, 0.994971, 0.0141876, 0.0759124, 0.0637839, 0.000474942, 0.000598938, 0
1717086192.147562249, 0, 0.0647672, 0.0297556, 0.949345, 0.994971, 0.0141876, 0.0759124, 0.0637839, 0.000474942, 0.000598938, 0
1717086192.164139154, 0, 0.106325, 0.0454081, 0.942646, 0.994453, -0.0186338, 0.0709372, 0.0753934, 3.82956e-05, 4.81517e-05, 0
1717086192.180641431, 0, 0.106325, 0.0454081, 0.942646, 0.994453, -0.0186338, 0.0709372, 0.0753934, 3.82956e-05, 4.81517e-05, 0
1717086192.197613638, 0, 0.0735178, 0.0523489, 0.946538, 0.994394, 0.00732898, 0.0729663, 0.0761805, 0.000266339, 0.000335247, 0
1717086192.214263431, 0, 0.0735178, 0.0523489, 0.946538, 0.994394, 0.00732898, 0.0729663, 0.0761805, 0.000266339, 0.000335247, 0
1717086192.230952040, 0, 0.0675296, 0.0348081, 0.948382, 0.99495, 0.0120726, 0.0741618, 0.0665527, 0.000597407, 0.000753459, 0
1717086192.247582206, 0, 0.0675296, 0.0348081, 0.948382, 0.99495, 0.0120726, 0.0741618, 0.0665527, 0.000597407, 0.000753459, 0
1717086192.263967767, 0, 0.0348862, 0.0101722, 0.952102, 0.99485, 0.0379624, 0.0786775, 0.0514042, 0.00141015, 0.00178196, 0
1717086192.280686374, 0, 0.0348862, 0.0101722, 0.952102, 0.99485, 0.0379624, 0.0786775, 0.0514042, 0.00141015, 0.00178196, 0
1717086192.297457510, 0, 0.0460673, 0.0105574, 0.951506, 0.995127, 0.0290628, 0.0782971, 0.0524076, 0.000571005, 0.000720981, 0
1717086192.314069582, 0, 0.0460673, 0.0105574, 0.951506, 0.995127, 0.0290628, 0.0782971, 0.0524076, 0.000571005, 0.000720981, 0
1717086192.331080248, 0, 0.0450631, 0.0400059, 0.950114, 0.994293, 0.0296407, 0.0769799, 0.0676603, 0.000742322, 0.000935667, 0
1717086192.348151972, 0, 0.0450631, 0.0400059, 0.950114, 0.994293, 0.0296407, 0.0769799, 0.0676603, 0.000742322, 0.000935667, 0
1717086192.364538520, 0, 0.0815434, 0.0441376, 0.946435, 0.994656, 0.000957879, 0.0734116, 0.0725863, 1.04377e-05, 1.31384e-05, 0
1717086192.380946497, 0, 0.0815434, 0.0441376, 0.946435, 0.994656, 0.000957879, 0.0734116, 0.0725863, 1.04377e-05, 1.31384e-05, 0
1717086192.397507686, 0, 0.0760198, 0.047789, 0.946918, 0.994507, 0.00530898, 0.0737984, 0.0740421, 2.03802e-05, 2.56526e-05, 0
1717086192.414433682, 0, 0.0760198, 0.047789, 0.946918, 0.994507, 0.00530898, 0.0737984, 0.0740421, 2.03802e-05, 2.56526e-05, 0
1717086192.431288576, 0, 0.0507888, 0.0183221, 0.950971, 0.995058, 0.0252833, 0.0774443, 0.0567743, 0.000833747, 0.00105257, 0
1717086192.447542152, 0, 0.0507888, 0.0183221, 0.950971, 0.995058, 0.0252833, 0.0774443, 0.0567743, 0.000833747, 0.00105257, 0
1717086192.464066110, 0, -0.0377481, 0.0427019, 0.950119, 0.989904, 0.0942219, 0.0840554, 0.0643906, 0.000646027, 0.000815597, 0
1717086192.481063186, 0, -0.0377481, 0.0427019, 0.950119, 0.989904, 0.0942219, 0.0840554, 0.0643906, 0.000646027, 0.000815597, 0
1717086192.497640711, 0, -0.0597612, 0.0293624, 0.949093, 0.988312, 0.111734, 0.0870025, 0.0564451, 0.00102693, 0.00129486, 0
1717086192.514461872, 0, -0.0597612, 0.0293624, 0.949093, 0.988312, 0.111734, 0.0870025, 0.0564451, 0.00102693, 0.00129486, 0
1717086192.531018517, 0, 0.0466359, 0.030466, 0.950608, 0.994606, 0.0284662, 0.0774924, 0.062801, 0.000901151, 0.00113638, 0
1717086192.547666971, 0, 0.0466359, 0.030466, 0.950608, 0.994606, 0.0284662, 0.0774924, 0.062801, 0.000901151, 0.00113638, 0
1717086192.564407490, 0, 0.0601202, 0.0344825, 0.949311, 0.994722, 0.0177845, 0.0765949, 0.0659222, 0.000484863, 0.000610695, 0
1717086192.581440633, 0, 0.0601202, 0.0344825, 0.949311, 0.994722, 0.0177845, 0.0765949, 0.0659222, 0.000484863, 0.000610695, 0
1717086192.598339056, 0, 0.0490143, 0.0376696, 0.949856, 0.994451, 0.0265353, 0.0768773, 0.0667243, 0.00107016, 0.00134845, 0
1717086192.614980197, 0, 0.0490143, 0.0376696, 0.949856, 0.994451, 0.0265353, 0.0768773, 0.0667243, 0.00107016, 0.00134845, 0
1717086192.631475572, 0, 0.0588202, -0.00172965, 0.950004, 0.995639, 0.0189193, 0.0783407, 0.0469888, 0.00145327, 0.00183272, 0
1717086192.648006494, 0, 0.0588202, -0.00172965, 0.950004, 0.995639, 0.0189193, 0.0783407, 0.0469888, 0.00145327, 0.00183272, 0
1717086192.664703574, 0, -0.0443893, 0.0302149, 0.950398, 0.989658, 0.0996961, 0.0856142, 0.0575183, 0.00117797, 0.00148589, 0
1717086192.681330263, 0, -0.0443893, 0.0302149, 0.950398, 0.989658, 0.0996961, 0.0856142, 0.0575183, 0.00117797, 0.00148589, 0
1717086192.698272302, 0, -0.0431679, 0.0283247, 0.950486, 0.989815, 0.0988263, 0.0854219, 0.0565851, 0.000609629, 0.00076881, 0
1717086192.714551373, 0, -0.0431679, 0.0283247, 0.950486, 0.989815, 0.0988263, 0.0854219, 0.0565851, 0.000609629, 0.00076881, 0
1717086192.731227825, 0, 0.056707, 0.0516369, 0.948554, 0.994136, 0.0204404, 0.0756053, 0.0745588, 0.000248839, 0.000313267, 0
1717086192.747712975, 0, 0.056707, 0.0516369, 0.948554, 0.994136, 0.0204404, 0.0756053, 0.0745588, 0.000248839, 0.000313267, 0
1717086192.764556542, 0, 0.077984, 0.0424837, 0.946974, 0.994687, 0.00374665, 0.074023, 0.0714433, 0.000209473, 0.000263704, 0
1717086192.781573399, 0, 0.077984, 0.0424837, 0.946974, 0.994687, 0.00374665, 0.074023, 0.0714433, 0.000209473, 0.000263704, 0
1717086192.798334954, 0, 0.0618612, 0.0396503, 0.94851, 0.994641, 0.0164288, 0.0754734, 0.068718, 0.000185007, 0.000232924, 0
1717086192.814634069, 0, 0.0618612, 0.0396503, 0.94851, 0.994641, 0.0164288, 0.0754734, 0.068718, 0.000185007, 0.000232924, 0
1717086192.831684891, 0, -0.0384348, 0.0382775, 0.950399, 0.989957, 0.0948595, 0.084495, 0.0620335, 0.00119535, 0.00150902, 0
1717086192.848736487, 0, -0.0384348, 0.0382775, 0.950399, 0.989957, 0.0948595, 0.084495, 0.0620335, 0.00119535, 0.00150902, 0
1717086192.864677086, 0, -0.0546537, 0.0327349, 0.949505, 0.988717, 0.107651, 0.086227, 0.0584394, 0.000995505, 0.00125616, 0
1717086192.881708693, 0, -0.0546537, 0.0327349, 0.949505, 0.988717, 0.107651, 0.086227, 0.0584394, 0.000995505, 0.00125616, 0
1717086192.898350596, 0, 0.0139215, 0.029741, 0.951685, 0.993495, 0.0541922, 0.0799946, 0.0602714, 0.000908801, 0.0011466, 0
1717086192.914672709, 0, 0.0139215, 0.029741, 0.951685, 0.993495, 0.0541922, 0.0799946, 0.0602714, 0.000908801, 0.0011466, 0
1717086192.931796879, 0, 0.0526749, 0.0544822, 0.948251, 0.994008, 0.0236159, 0.0751967, 0.0757295, 0.00094725, 0.00119244, 0
1717086192.948494547, 0, 0.0526749, 0.0544822, 0.948251, 0.994008, 0.0236159, 0.0751967, 0.0757295, 0.00094725, 0.00119244, 0
1717086192.964782490, 0, 0.0420351, 0.038266, 0.950121, 0.994266, 0.0320147, 0.0773398, 0.0665476, 0.000911591, 0.00114856, 0
1717086192.981494781, 0, 0.0420351, 0.038266, 0.950121, 0.994266, 0.0320147, 0.0773398, 0.0665476, 0.000911591, 0.00114856, 0
1717086192.998385491, 0, 0.0784802, 0.0451402, 0.946596, 0.994686, 0.00344489, 0.0727194, 0.0728056, 0.000730855, 0.000920825, 0
1717086193.015401227, 0, 0.0784802, 0.0451402, 0.946596, 0.994686, 0.00344489, 0.0727194, 0.0728056, 0.000730855, 0.000920825, 0
1717086193.031468816, 0, 0.112148, 0.0487514, 0.941179, 0.994225, -0.0232171, 0.07029, 0.0776955, 0.00044778, 0.000562312, 0
1717086193.048524927, 0, 0.112148, 0.0487514, 0.941179, 0.994225, -0.0232171, 0.07029, 0.0776955, 0.00044778, 0.000562312, 0
1717086193.065235465, 0, 0.0724746, 0.0271877, 0.947681, 0.995166, 0.00808216, 0.0747906, 0.0631289, 0.00128478, 0.00161822, 0
1717086193.081408891, 0, 0.0724746, 0.0271877, 0.947681, 0.995166, 0.00808216, 0.0747906, 0.0631289, 0.00128478, 0.00161822, 0
1717086193.098482197, 0, 0.097695, 0.0281127, 0.94502, 0.994973, -0.0120372, 0.0743697, 0.0659728, 0.000216338, 0.000272056, 0
1717086193.115156814, 0, 0.097695, 0.0281127, 0.94502, 0.994973, -0.0120372, 0.0743697, 0.0659728, 0.000216338, 0.000272056, 0
1717086193.131570181, 0, 0.103232, 0.0050466, 0.944684, 0.995661, -0.0163613, 0.0737167, 0.0543898, 0.00619904, 0.0078166, 0
1717086193.148604303, 0, 0.103232, 0.0050466, 0.944684, 0.995661, -0.0163613, 0.0737167, 0.0543898, 0.00619904, 0.0078166, 0
1717086193.165349974, 0, 0.080941, 0.0319086, 0.946768, 0.994989, 0.00128854, 0.0746574, 0.0664959, 5.80724e-05, 7.30569e-05, 0
1717086193.181595172, 0, 0.080941, 0.0319086, 0.946768, 0.994989, 0.00128854, 0.0746574, 0.0664959, 5.80724e-05, 7.30569e-05, 0
1717086193.198492592, 0, 0.123506, 0.0353437, 0.939621, 0.994324, -0.0325704, 0.0710107, 0.0722235, 0.00093878, 0.00117792, 0
1717086193.215187483, 0, 0.123506, 0.0353437, 0.939621, 0.994324, -0.0325704, 0.0710107, 0.0722235, 0.00093878, 0.00117792, 0
1717086193.231725998, 0, 0.115912, 0.00036249, 0.94256, 0.995634, -0.026528, 0.072017, 0.0531336, 0.00546762, 0.00690422, 0
1717086193.248450571, 0, 0.115912, 0.00036249, 0.94256, 0.995634, -0.026528, 0.072017, 0.0531336, 0.00546762, 0.00690422, 0
1717086193.265484566, 0, 0.0805866, 0.00932407, 0.947919, 0.99562, 0.0017264, 0.0756494, 0.0549144, 0.00662684, 0.00835237, 0
1717086193.281757662, 0, 0.0805866, 0.00932407, 0.947919, 0.99562, 0.0017264, 0.0756494, 0.0549144, 0.00662684, 0.00835237, 0
1717086193.298526810, 0, 0.0455012, -0.00121417, 0.953766, 0.995288, 0.0296979, 0.0795491, 0.0468179, 0.00706808, 0.00893794, 0
1717086193.315487695, 0, 0.0455012, -0.00121417, 0.953766, 0.995288, 0.0296979, 0.0795491, 0.0468179, 0.00706808, 0.00893794, 0
1717086193.332296730, 0, 0.12157, -0.0134364, 0.940944, 0.995773, -0.0313743, 0.0725703, 0.0467419, 0.0047988, 0.00605964, 0
1717086193.349248413, 0, 0.12157, -0.0134364, 0.940944, 0.995773, -0.0313743, 0.0725703, 0.0467419, 0.0047988, 0.00605964, 0
1717086193.365397975, 0, 0.134904, -0.0218221, 0.939552, 0.995648, -0.0420649, 0.070853, 0.0435465, 0.00010441, 0.000132566, 0
1717086193.382100167, 0, 0.134904, -0.0218221, 0.939552, 0.995648, -0.0420649, 0.070853, 0.0435465, 0.00010441, 0.000132566, 0
1717086193.398574858, 0, 0.0874339, 0.00479016, 0.947101, 0.995798, -0.00367674, 0.0744254, 0.0532402, 0.00560052, 0.00706883, 0
1717086193.415402549, 0, 0.0874339, 0.00479016, 0.947101, 0.995798, -0.00367674, 0.0744254, 0.0532402, 0.00560052, 0.00706883, 0
1717086193.432465248, 0, 0.109123, -0.015542, 0.943081, 0.995925, -0.0215081, 0.0751942, 0.0449038, 0.00698953, 0.00881013, 0
1717086193.448655343, 0, 0.109123, -0.015542, 0.943081, 0.995925, -0.0215081, 0.0751942, 0.0449038, 0.00698953, 0.00881013, 0
1717086193.465354198, 0, 0.126536, -0.0297776, 0.940737, 0.996029, -0.0353777, 0.0718919, 0.0388183, 1.08149e-05, 1.37316e-05, 0
1717086193.482218853, 0, 0.126536, -0.0297776, 0.940737, 0.996029, -0.0353777, 0.0718919, 0.0388183, 1.08149e-05, 1.37316e-05, 0
1717086193.498674162, 0, 0.111051, -0.0233986, 0.944678, 0.996315, -0.0225297, 0.0720859, 0.0406475, 3.55562e-05, 4.52135e-05, 0
1717086193.515495480, 0, 0.111051, -0.0233986, 0.944678, 0.996315, -0.0225297, 0.0720859, 0.0406475, 3.55562e-05, 4.52135e-05, 0
1717086193.532246654, 0, 0.0880037, -0.0287349, 0.947877, 0.996475, -0.00412141, 0.0756052, 0.0361195, 0.0019737, 0.00250509, 0
1717086193.549082139, 0, 0.0880037, -0.0287349, 0.947877, 0.996475, -0.00412141, 0.0756052, 0.0361195, 0.0019737, 0.00250509, 0
1717086193.565442593, 0, 0.109173, -0.0382201, 0.944091, 0.996417, -0.0214159, 0.0748185, 0.0331268, 0.000442588, 0.000562037, 0
1717086193.582368124, 0, 0.109173, -0.0382201, 0.944091, 0.996417, -0.0214159, 0.0748185, 0.0331268, 0.000442588, 0.000562037, 0
1717086193.599235794, 0, 0.121355, -0.0483956, 0.940563, 0.996276, -0.0315963, 0.0747646, 0.0290701, 5.94958e-06, 7.54885e-06, 0
1717086193.615265736, 0, 0.121355, -0.0483956, 0.940563, 0.996276, -0.0315963, 0.0747646, 0.0290701, 5.94958e-06, 7.54885e-06, 0
1717086193.632407157, 0, 0.127234, -0.0210873, 0.940807, 0.995809, -0.0359494, 0.0718316, 0.0437286, 0.000631938, 0.000800997, 0
1717086193.648772467, 0, 0.127234, -0.0210873, 0.940807, 0.995809, -0.0359494, 0.0718316, 0.0437286, 0.000631938, 0.000800997, 0
1717086193.665529995, 0, 0.12158, -0.0149959, 0.942852, 0.995946, -0.0310543, 0.0706675, 0.0461978, 0.00115227, 0.00146411, 0
1717086193.682307590, 0, 0.12158, -0.0149959, 0.942852, 0.995946, -0.0310543, 0.0706675, 0.0461978, 0.00115227, 0.00146411, 0
1717086193.699353609, 0, 0.117835, -0.0180975, 0.943258, 0.996093, -0.028008, 0.0711147, 0.0442326, 0.000268666, 0.000341374, 0
1717086193.715656845, 0, 0.117835, -0.0180975, 0.943258, 0.996093, -0.028008, 0.0711147, 0.0442326, 0.000268666, 0.000341374, 0
1717086193.732465240, 0, 0.118994, -0.0178525, 0.942944, 0.996068, -0.0289656, 0.0709511, 0.0444498, 2.26537e-05, 2.87757e-05, 0
1717086193.749261146, 0, 0.118994, -0.0178525, 0.942944, 0.996068, -0.0289656, 0.0709511, 0.0444498, 2.26537e-05, 2.87757e-05, 0
1717086193.765481967, 0, 0.120836, -0.0108847, 0.94234, 0.995783, -0.0305984, 0.071673, 0.0484087, 0.00176218, 0.00223205, 0
1717086193.782774910, 0, 0.120836, -0.0108847, 0.94234, 0.995783, -0.0305984, 0.071673, 0.0484087, 0.00176218, 0.00223205, 0
1717086193.799276085, 0, 0.127795, -0.0227178, 0.940616, 0.995832, -0.0364256, 0.0717732, 0.042905, 0.00109173, 0.00138414, 0
1717086193.815687497, 0, 0.127795, -0.0227178, 0.940616, 0.995832, -0.0364256, 0.0717732, 0.042905, 0.00109173, 0.00138414, 0
1717086193.832595193, 0, 0.130044, -0.035147, 0.939388, 0.995947, -0.0384899, 0.0725344, 0.0367018, 3.3449e-06, 4.24228e-06, 0
1717086193.849632653, 0, 0.130044, -0.035147, 0.939388, 0.995947, -0.0384899, 0.0725344, 0.0367018, 3.3449e-06, 4.24228e-06, 0
1717086193.865760653, 0, 0.130488, -0.0247493, 0.940441, 0.995788, -0.0386013, 0.071706, 0.0421171, 0.000222032, 0.000281834, 0
1717086193.882459911, 0, 0.130488, -0.0247493, 0.940441, 0.995788, -0.0386013, 0.071706, 0.0421171, 0.000222032, 0.000281834, 0
1717086193.899371498, 0, 0.122073, -0.0200232, 0.942042, 0.995918, -0.0317247, 0.0722604, 0.0438103, 0.00143154, 0.0018147, 0
1717086193.916332923, 0, 0.122073, -0.0200232, 0.942042, 0.995918, -0.0317247, 0.0722604, 0.0438103, 0.00143154, 0.0018147, 0
1717086193.932543687, 0, 0.126678, -0.0307765, 0.94066, 0.99602, -0.035571, 0.072034, 0.0385928, 9.05915e-06, 1.14997e-05, 0
1717086193.949913781, 0, 0.126678, -0.0307765, 0.94066, 0.99602, -0.035571, 0.072034, 0.0385928, 9.05915e-06, 1.14997e-05, 0
1717086193.966142447, 0, 0.12892, -0.033085, 0.940017, 0.995964, -0.0374798, 0.0723503, 0.0376435, 1.04966e-05, 1.33202e-05, 0
1717086193.982520632, 0, 0.12892, -0.033085, 0.940017, 0.995964, -0.0374798, 0.0723503, 0.0376435, 1.04966e-05, 1.33202e-05, 0
1717086193.999266329, 0, 0.126116, -0.0274124, 0.940523, 0.99588, -0.0352599, 0.0731003, 0.0404395, 0.00162688, 0.00206006, 0
1717086194.015786351, 0, 0.126116, -0.0274124, 0.940523, 0.99588, -0.0352599, 0.0731003, 0.0404395, 0.00162688, 0.00206006, 0
1717086194.032884316, 0, 0.128483, -0.035571, 0.939919, 0.995943, -0.0372929, 0.0733479, 0.0364288, 0.000810151, 0.00102717, 0
1717086194.049685262, 0, 0.128483, -0.035571, 0.939919, 0.995943, -0.0372929, 0.0733479, 0.0364288, 0.000810151, 0.00102717, 0
1717086194.065988016, 0, 0.133167, -0.0438151, 0.938427, 0.995913, -0.041267, 0.0734248, 0.0326003, 3.85602e-06, 4.89251e-06, 0
1717086194.082558820, 0, 0.133167, -0.0438151, 0.938427, 0.995913, -0.041267, 0.0734248, 0.0326003, 3.85602e-06, 4.89251e-06, 0
1717086194.099397865, 0, 0.136204, -0.0375527, 0.938114, 0.995774, -0.0436188, 0.0723073, 0.0360873, 0.000184612, 0.000234241, 0
1717086194.115977494, 0, 0.136204, -0.0375527, 0.938114, 0.995774, -0.0436188, 0.0723073, 0.0360873, 0.000184612, 0.000234241, 0
1717086194.132654512, 0, 0.123588, -0.0294231, 0.940455, 0.99596, -0.0333062, 0.0736218, 0.0391771, 0.00152792, 0.00193272, 0
1717086194.152557661, 0, 0.123588, -0.0294231, 0.940455, 0.99596, -0.0333062, 0.0736218, 0.0391771, 0.00152792, 0.00193272, 0
1717086194.166402899, 0, 0.117109, -0.0399715, 0.942522, 0.996286, -0.0279528, 0.0744558, 0.0330043, 0.000562616, 0.000714465, 0
1717086194.182770807, 0, 0.117109, -0.0399715, 0.942522, 0.996286, -0.0279528, 0.0744558, 0.0330043, 0.000562616, 0.000714465, 0
1717086194.199448934, 0, 0.11004, -0.0467399, 0.943119, 0.996508, -0.02223, 0.0751541, 0.0287889, 2.61477e-05, 3.32033e-05, 0
1717086194.215917293, 0, 0.11004, -0.0467399, 0.943119, 0.996508, -0.02223, 0.0751541, 0.0287889, 2.61477e-05, 3.32033e-05, 0
1717086194.232594470, 0, 0.119537, -0.0415179, 0.941154, 0.996223, -0.0300972, 0.0746856, 0.0325031, 0.00125952, 0.00159606, 0
1717086194.249348758, 0, 0.119537, -0.0415179, 0.941154, 0.996223, -0.0300972, 0.0746856, 0.0325031, 0.00125952, 0.00159606, 0
1717086194.266286916, 0, 0.12539, -0.0304676, 0.940924, 0.995999, -0.0346043, 0.0727405, 0.0386952, 0.000682, 0.000865105, 0
1717086194.282794067, 0, 0.12539, -0.0304676, 0.940924, 0.995999, -0.0346043, 0.0727405, 0.0386952, 0.000682, 0.000865105, 0
1717086194.299642374, 0, 0.125145, -0.0368038, 0.940185, 0.996089, -0.0345392, 0.0732215, 0.0353957, 1.93774e-05, 2.45662e-05, 0
1717086194.316439138, 0, 0.125145, -0.0368038, 0.940185, 0.996089, -0.0345392, 0.0732215, 0.0353957, 1.93774e-05, 2.45662e-05, 0
1717086194.333162460, 0, 0.126895, -0.043007, 0.939638, 0.99607, -0.03613, 0.0740757, 0.0324265, 0.000292437, 0.000370765, 0
1717086194.350266601, 0, 0.126895, -0.043007, 0.939638, 0.99607, -0.03613, 0.0740757, 0.0324265, 0.000292437, 0.000370765, 0
1717086194.366211654, 0, 0.117513, -0.0400928, 0.941616, 0.996221, -0.0284525, 0.0750922, 0.0330891, 0.00166663, 0.00211092, 0
1717086194.382932994, 0, 0.117513, -0.0400928, 0.941616, 0.996221, -0.0284525, 0.0750922, 0.0330891, 0.00166663, 0.00211092, 0
1717086194.399474142, 0, 0.117674, -0.0423311, 0.941621, 0.996268, -0.0285635, 0.0749468, 0.0318937, 0.000703929, 0.000892403, 0
1717086194.416527775, 0, 0.117674, -0.0423311, 0.941621, 0.996268, -0.0285635, 0.0749468, 0.0318937, 0.000703929, 0.000892403, 0
1717086194.433258568, 0, 0.121228, -0.046476, 0.940979, 0.99628, -0.0314331, 0.0744066, 0.0300215, 4.30635e-05, 5.46808e-05, 0
1717086194.449599820, 0, 0.121228, -0.046476, 0.940979, 0.99628, -0.0314331, 0.0744066, 0.0300215, 4.30635e-05, 5.46808e-05, 0
1717086194.466316232, 0, 0.133469, -0.0283741, 0.939095, 0.995717, -0.0412195, 0.072114, 0.0406074, 0.0002176, 0.000275816, 0
1717086194.483059001, 0, 0.133469, -0.0283741, 0.939095, 0.995717, -0.0412195, 0.072114, 0.0406074, 0.0002176, 0.000275816, 0
1717086194.499796683, 0, 0.127289, -0.0234264, 0.940742, 0.995868, -0.0360017, 0.0717368, 0.0424877, 0.000626187, 0.00079414, 0
1717086194.516560057, 0, 0.127289, -0.0234264, 0.940742, 0.995868, -0.0360017, 0.0717368, 0.0424877, 0.000626187, 0.00079414, 0
1717086194.533303577, 0, 0.133706, -0.039293, 0.938447, 0.99587, -0.0416169, 0.072726, 0.0349484, 6.38758e-05, 8.10319e-05, 0
1717086194.549999761, 0, 0.133706, -0.039293, 0.938447, 0.99587, -0.0416169, 0.072726, 0.0349484, 6.38758e-05, 8.10319e-05, 0
1717086194.566846192, 0, 0.120524, -0.0406175, 0.941481, 0.996242, -0.0307505, 0.0739477, 0.0329812, 9.46701e-05, 0.000120168, 0
1717086194.583597198, 0, 0.120524, -0.0406175, 0.941481, 0.996242, -0.0307505, 0.0739477, 0.0329812, 9.46701e-05, 0.000120168, 0
1717086194.599796249, 0, 0.131398, -0.0329572, 0.93924, 0.995851, -0.0396182, 0.0725703, 0.0380155, 0.00011261, 0.00014276, 0
1717086194.616537099, 0, 0.131398, -0.0329572, 0.93924, 0.995851, -0.0396182, 0.0725703, 0.0380155, 0.00011261, 0.00014276, 0
1717086194.633344444, 0, 0.129716, -0.0281478, 0.940167, 0.995882, -0.0380472, 0.071766, 0.0402642, 0.000241445, 0.000306414, 0
1717086194.650315024, 0, 0.129716, -0.0281478, 0.940167, 0.995882, -0.0380472, 0.071766, 0.0402642, 0.000241445, 0.000306414, 0
1717086194.666560216, 0, 0.131363, -0.0259752, 0.939829, 0.99578, -0.0393645, 0.0717204, 0.0415781, 6.91233e-06, 8.76762e-06, 0
1717086194.683379490, 0, 0.131363, -0.0259752, 0.939829, 0.99578, -0.0393645, 0.0717204, 0.0415781, 6.91233e-06, 8.76762e-06, 0
1717086194.699798400, 0, 0.133898, -0.0381916, 0.938191, 0.99583, -0.0418073, 0.0728658, 0.0355698, 7.28216e-05, 9.22932e-05, 0
1717086194.716472696, 0, 0.133898, -0.0381916, 0.938191, 0.99583, -0.0418073, 0.0728658, 0.0355698, 7.28216e-05, 9.22932e-05, 0
1717086194.733506036, 0, 0.121735, -0.0401748, 0.940707, 0.996168, -0.0318806, 0.0742836, 0.0333889, 0.000467867, 0.000592842, 0
1717086194.750488477, 0, 0.121735, -0.0401748, 0.940707, 0.996168, -0.0318806, 0.0742836, 0.0333889, 0.000467867, 0.000592842, 0
1717086194.766530985, 0, 0.123276, -0.0419219, 0.940598, 0.99617, -0.0331021, 0.0740726, 0.0325984, 0.000441155, 0.000559621, 0
1717086194.783678140, 0, 0.123276, -0.0419219, 0.940598, 0.99617, -0.0331021, 0.0740726, 0.0325984, 0.000441155, 0.000559621, 0
1717086194.800247812, 0, 0.133739, -0.0372798, 0.938961, 0.995819, -0.0415783, 0.0729138, 0.0360451, 0.000249143, 0.000316156, 0
1717086194.816795973, 0, 0.133739, -0.0372798, 0.938961, 0.995819, -0.0415783, 0.0729138, 0.0360451, 0.000249143, 0.000316156, 0
1717086194.833979968, 0, 0.128138, -0.0265724, 0.940516, 0.995905, -0.0367172, 0.0717642, 0.0409242, 6.38536e-05, 8.10188e-05, 0
1717086194.850720306, 0, 0.128138, -0.0265724, 0.940516, 0.995905, -0.0367172, 0.0717642, 0.0409242, 6.38536e-05, 8.10188e-05, 0
1717086194.866619232, 0, 0.129162, -0.0219703, 0.940731, 0.99583, -0.0374147, 0.0710156, 0.0433528, 0.000199243, 0.000252955, 0
1717086194.883719493, 0, 0.129162, -0.0219703, 0.940731, 0.99583, -0.0374147, 0.0710156, 0.0433528, 0.000199243, 0.000252955, 0
1717086194.900311137, 0, 0.130091, -0.034262, 0.939584, 0.995919, -0.0385295, 0.0726497, 0.0371926, 0.000150965, 0.000191471, 0
1717086194.916675156, 0, 0.130091, -0.034262, 0.939584, 0.995919, -0.0385295, 0.0726497, 0.0371926, 0.000150965, 0.000191471, 0
1717086194.933772964, 0, 0.134991, -0.0391055, 0.938562, 0.99579, -0.0426726, 0.0730734, 0.0352347, 0.000601283, 0.000762984, 0
1717086194.950278121, 0, 0.134991, -0.0391055, 0.938562, 0.99579, -0.0426726, 0.0730734, 0.0352347, 0.000601283, 0.000762984, 0
1717086194.966963465, 0, 0.131405, -0.0413247, 0.938988, 0.995928, -0.0398008, 0.0735197, 0.033733, 0.000694229, 0.000880531, 0
1717086194.983869061, 0, 0.131405, -0.0413247, 0.938988, 0.995928, -0.0398008, 0.0735197, 0.033733, 0.000694229, 0.000880531, 0
1717086195.000035778, 0, 0.129257, -0.0371335, 0.939753, 0.996007, -0.0378558, 0.0726093, 0.035574, 0.000129351, 0.000164199, 0
1717086195.017454708, 0, 0.129257, -0.0371335, 0.939753, 0.996007, -0.0378558, 0.0726093, 0.035574, 0.000129351, 0.000164199, 0
1717086195.033741334, 0, 0.134384, -0.0295745, 0.938832, 0.99573, -0.0419545, 0.0718245, 0.0400313, 4.49628e-05, 5.70213e-05, 0
1717086195.050403427, 0, 0.134384, -0.0295745, 0.938832, 0.99573, -0.0419545, 0.0718245, 0.0400313, 4.49628e-05, 5.70213e-05, 0
1717086195.066776903, 0, 0.130691, -0.0304006, 0.93992, 0.995892, -0.0388643, 0.071791, 0.0391882, 6.72435e-05, 8.53666e-05, 0
1717086195.083411442, 0, 0.130691, -0.0304006, 0.93992, 0.995892, -0.0388643, 0.071791, 0.0391882, 6.72435e-05, 8.53666e-05, 0
1717086195.100417337, 0, 0.133569, -0.0326399, 0.938849, 0.995803, -0.0413614, 0.0720701, 0.0383582, 0.000523097, 0.000663438, 0
1717086195.117291202, 0, 0.133569, -0.0326399, 0.938849, 0.995803, -0.0413614, 0.0720701, 0.0383582, 0.000523097, 0.000663438, 0
1717086195.133679430, 0, 0.130541, -0.0409438, 0.939103, 0.995952, -0.0390773, 0.0735317, 0.0338426, 0.000220244, 0.000279311, 0
1717086195.150293218, 0, 0.130541, -0.0409438, 0.939103, 0.995952, -0.0390773, 0.0735317, 0.0338426, 0.000220244, 0.000279311, 0
1717086195.167355041, 0, 0.134367, -0.0409552, 0.9385, 0.995829, -0.0422101, 0.0732871, 0.0342196, 0.00014048, 0.000178238, 0
1717086195.183645123, 0, 0.134367, -0.0409552, 0.9385, 0.995829, -0.0422101, 0.0732871, 0.0342196, 0.00014048, 0.000178238, 0
1717086195.200612632, 0, 0.12346, -0.0312885, 0.941224, 0.996093, -0.0329887, 0.0725569, 0.0380267, 0.00013034, 0.000165403, 0
1717086195.217606253, 0, 0.12346, -0.0312885, 0.941224, 0.996093, -0.0329887, 0.0725569, 0.0380267, 0.00013034, 0.000165403, 0
1717086195.233857841, 0, 0.133326, -0.0279726, 0.939435, 0.995745, -0.0410268, 0.0717529, 0.0407497, 0.000178505, 0.000226483, 0
1717086195.250553819, 0, 0.133326, -0.0279726, 0.939435, 0.995745, -0.0410268, 0.0717529, 0.0407497, 0.000178505, 0.000226483, 0
1717086195.267235463, 0, 0.128394, -0.0352831, 0.939855, 0.995996, -0.0371416, 0.0726809, 0.0364807, 7.97474e-06, 1.01167e-05, 0
1717086195.284310305, 0, 0.128394, -0.0352831, 0.939855, 0.995996, -0.0371416, 0.0726809, 0.0364807, 7.97474e-06, 1.01167e-05, 0
1717086195.300532360, 0, 0.133008, -0.0367067, 0.938973, 0.995823, -0.0410093, 0.0730587, 0.0362915, 0.000295017, 0.000374159, 0
1717086195.317443508, 0, 0.133008, -0.0367067, 0.938973, 0.995823, -0.0410093, 0.0730587, 0.0362915, 0.000295017, 0.000374159, 0
1717086195.333833437, 0, 0.126206, -0.0352533, 0.94038, 0.996017, -0.0353917, 0.0733285, 0.0363393, 0.000343002, 0.000434941, 0
1717086195.350714086, 0, 0.126206, -0.0352533, 0.94038, 0.996017, -0.0353917, 0.0733285, 0.0363393, 0.000343002, 0.000434941, 0
1717086195.367623400, 0, 0.133865, -0.0417802, 0.938216, 0.995881, -0.0418236, 0.073049, 0.0337022, 0.00019338, 0.000245282, 0
1717086195.383808017, 0, 0.133865, -0.0417802, 0.938216, 0.995881, -0.0418236, 0.073049, 0.0337022, 0.00019338, 0.000245282, 0
1717086195.400626663, 0, 0.129257, -0.0318643, 0.939921, 0.995933, -0.0377607, 0.0722713, 0.0383178, 1.18214e-06, 1.49981e-06, 0
1717086195.417603951, 0, 0.129257, -0.0318643, 0.939921, 0.995933, -0.0377607, 0.0722713, 0.0383178, 1.18214e-06, 1.49981e-06, 0
1717086195.434328302, 0, 0.130049, -0.0283511, 0.940336, 0.995892, -0.0382616, 0.0715685, 0.0401621, 2.98103e-05, 3.78594e-05, 0
1717086195.450592957, 0, 0.130049, -0.0283511, 0.940336, 0.995892, -0.0382616, 0.0715685, 0.0401621, 2.98103e-05, 3.78594e-05, 0
1717086195.467402683, 0, 0.132578, -0.0280319, 0.939628, 0.995787, -0.0403879, 0.0716166, 0.0406035, 0.000125605, 0.000159421, 0
1717086195.484351863, 0, 0.132578, -0.0280319, 0.939628, 0.995787, -0.0403879, 0.0716166, 0.0406035, 0.000125605, 0.000159421, 0
1717086195.500802822, 0, 0.131745, -0.0428478, 0.938546, 0.995944, -0.040118, 0.0734868, 0.0329621, 0.000160287, 0.000203243, 0
1717086195.517650862, 0, 0.131745, -0.0428478, 0.938546, 0.995944, -0.040118, 0.0734868, 0.0329621, 0.000160287, 0.000203243, 0
1717086195.534325816, 0, 0.127826, -0.0436064, 0.939343, 0.996054, -0.0369195, 0.0740067, 0.0322021, 0.000359692, 0.000456009, 0
1717086195.551203080, 0, 0.127826, -0.0436064, 0.939343, 0.996054, -0.0369195, 0.0740067, 0.0322021, 0.000359692, 0.000456009, 0
1717086195.567459317, 0, 0.129436, -0.0342113, 0.939464, 0.99594, -0.0380239, 0.0726509, 0.0371449, 0.000201432, 0.000255348, 0
1717086195.584300871, 0, 0.129436, -0.0342113, 0.939464, 0.99594, -0.0380239, 0.0726509, 0.0371449, 0.000201432, 0.000255348, 0
1717086195.600783777, 0, 0.130713, -0.0319568, 0.939662, 0.995901, -0.0389511, 0.0720368, 0.0383963, 6.4504e-05, 8.18546e-05, 0
1717086195.617820991, 0, 0.130713, -0.0319568, 0.939662, 0.995901, -0.0389511, 0.0720368, 0.0383963, 6.4504e-05, 8.18546e-05, 0
1717086195.634454137, 0, 0.130887, -0.0341516, 0.939366, 0.99591, -0.0391625, 0.0723649, 0.03731, 3.37057e-06, 4.27566e-06, 0
1717086195.650828290, 0, 0.130887, -0.0341516, 0.939366, 0.99591, -0.0391625, 0.0723649, 0.03731, 3.37057e-06, 4.27566e-06, 0
1717086195.667924518, 0, 0.131524, -0.031575, 0.939445, 0.995853, -0.0396353, 0.0721616, 0.0387025, 5.50608e-05, 6.98455e-05, 0
1717086195.684477954, 0, 0.131524, -0.031575, 0.939445, 0.995853, -0.0396353, 0.0721616, 0.0387025, 5.50608e-05, 6.98455e-05, 0
1717086195.701284485, 0, 0.137423, -0.0337377, 0.938349, 0.995647, -0.0445572, 0.0723773, 0.0382496, 0.000339333, 0.000430525, 0
1717086195.717494904, 0, 0.137423, -0.0337377, 0.938349, 0.995647, -0.0445572, 0.0723773, 0.0382496, 0.000339333, 0.000430525, 0
1717086195.734458189, 0, 0.131291, -0.0400902, 0.939089, 0.995917, -0.0396687, 0.0734471, 0.0343717, 0.000167089, 0.000211926, 0
1717086195.751528591, 0, 0.131291, -0.0400902, 0.939089, 0.995917, -0.0396687, 0.0734471, 0.0343717, 0.000167089, 0.000211926, 0
1717086195.767633569, 0, 0.128286, -0.0352692, 0.93992, 0.996016, -0.0370256, 0.0724747, 0.036439, 2.25918e-05, 2.86688e-05, 0
1717086195.784398733, 0, 0.128286, -0.0352692, 0.93992, 0.996016, -0.0370256, 0.0724747, 0.036439, 2.25918e-05, 2.86688e-05, 0
1717086195.801117633, 0, 0.134431, -0.0275657, 0.939097, 0.995717, -0.0419176, 0.0714552, 0.0410458, 7.55347e-05, 9.58349e-05, 0
1717086195.817536679, 0, 0.134431, -0.0275657, 0.939097, 0.995717, -0.0419176, 0.0714552, 0.0410458, 7.55347e-05, 9.58349e-05, 0
1717086195.834361901, 0, 0.128836, -0.0272213, 0.940108, 0.995873, -0.0373598, 0.0720139, 0.0406819, 8.59817e-05, 0.000109031, 0
1717086195.851411015, 0, 0.128836, -0.0272213, 0.940108, 0.995873, -0.0373598, 0.0720139, 0.0406819, 8.59817e-05, 0.000109031, 0
1717086195.867789772, 0, 0.128854, -0.043637, 0.939258, 0.996068, -0.037696, 0.0734145, 0.0322112, 0.000113196, 0.000143638, 0
1717086195.884711447, 0, 0.128854, -0.043637, 0.939258, 0.996068, -0.037696, 0.0734145, 0.0322112, 0.000113196, 0.000143638, 0
1717086195.901318997, 0, 0.133631, -0.0393301, 0.938806, 0.995847, -0.0415484, 0.0730705, 0.0349671, 9.04013e-05, 0.000114723, 0
1717086195.917689825, 0, 0.133631, -0.0393301, 0.938806, 0.995847, -0.0415484, 0.0730705, 0.0349671, 9.04013e-05, 0.000114723, 0
1717086195.934491514, 0, 0.134953, -0.0326239, 0.938741, 0.995761, -0.0424726, 0.0719315, 0.0384986, 0.000239831, 0.000304312, 0
1717086195.951248785, 0, 0.134953, -0.0326239, 0.938741, 0.995761, -0.0424726, 0.0719315, 0.0384986, 0.000239831, 0.000304312, 0
1717086195.967745012, 0, 0.123084, -0.0270143, 0.941743, 0.996066, -0.0325427, 0.071973, 0.0401764, 2.33298e-05, 2.9624e-05, 0
1717086195.984537651, 0, 0.123084, -0.0270143, 0.941743, 0.996066, -0.0325427, 0.071973, 0.0401764, 2.33298e-05, 2.9624e-05, 0
1717086196.001391639, 0, 0.132165, -0.0276499, 0.939912, 0.995834, -0.039959, 0.0711426, 0.0407019, 2.00249e-05, 2.54384e-05, 0
1717086196.018214444, 0, 0.132165, -0.0276499, 0.939912, 0.995834, -0.039959, 0.0711426, 0.0407019, 2.00249e-05, 2.54384e-05, 0
1717086196.034574911, 0, 0.137532, -0.0315279, 0.938137, 0.995667, -0.0445601, 0.071533, 0.0393082, 6.81037e-05, 8.64071e-05, 0
1717086196.051467480, 0, 0.137532, -0.0315279, 0.938137, 0.995667, -0.0445601, 0.071533, 0.0393082, 6.81037e-05, 8.64071e-05, 0
1717086196.068311162, 0, 0.126273, -0.0356119, 0.940165, 0.996041, -0.0354476, 0.0730798, 0.0361193, 0.00019705, 0.000249841, 0
1717086196.084640382, 0, 0.126273, -0.0356119, 0.940165, 0.996041, -0.0354476, 0.0730798, 0.0361193, 0.00019705, 0.000249841, 0
1717086196.101381207, 0, 0.124624, -0.0438674, 0.940032, 0.996126, -0.0342961, 0.0744689, 0.0317873, 0.000164724, 0.000208807, 0
1717086196.118026557, 0, 0.124624, -0.0438674, 0.940032, 0.996126, -0.0342961, 0.0744689, 0.0317873, 0.000164724, 0.000208807, 0
1717086196.134725420, 0, 0.132051, -0.0354841, 0.939395, 0.995885, -0.0401204, 0.0724887, 0.0367364, 0.000201508, 0.000255783, 0
1717086196.151424806, 0, 0.132051, -0.0354841, 0.939395, 0.995885, -0.0401204, 0.0724887, 0.0367364, 0.000201508, 0.000255783, 0
1717086196.168406714, 0, 0.130063, -0.0247554, 0.940398, 0.995815, -0.038245, 0.071554, 0.0420576, 3.41113e-05, 4.32938e-05, 0
1717086196.184729008, 0, 0.130063, -0.0247554, 0.940398, 0.995815, -0.038245, 0.071554, 0.0420576, 3.41113e-05, 4.32938e-05, 0
1717086196.201714464, 0, 0.127011, -0.0275354, 0.940925, 0.995948, -0.035793, 0.0719636, 0.0403328, 4.79483e-05, 6.08665e-05, 0
1717086196.218466883, 0, 0.127011, -0.0275354, 0.940925, 0.995948, -0.035793, 0.0719636, 0.0403328, 4.79483e-05, 6.08665e-05, 0
1717086196.234896092, 0, 0.131238, -0.0310883, 0.939635, 0.995874, -0.0393498, 0.0719318, 0.0388968, 6.1446e-05, 7.79765e-05, 0
1717086196.251497270, 0, 0.131238, -0.0310883, 0.939635, 0.995874, -0.0393498, 0.0719318, 0.0388968, 6.1446e-05, 7.79765e-05, 0
1717086196.268363423, 0, 0.126425, -0.0376934, 0.939991, 0.996033, -0.0356409, 0.0735831, 0.0351148, 0.000117598, 0.000149064, 0
1717086196.285199259, 0, 0.126425, -0.0376934, 0.939991, 0.996033, -0.0356409, 0.0735831, 0.0351148, 0.000117598, 0.000149064, 0
1717086196.301361744, 0, 0.127919, -0.0372126, 0.940138, 0.996019, -0.0367825, 0.0730517, 0.0354496, 0.000232065, 0.00029454, 0
1717086196.318293939, 0, 0.127919, -0.0372126, 0.940138, 0.996019, -0.0367825, 0.0730517, 0.0354496, 0.000232065, 0.00029454, 0
1717086196.335461326, 0, 0.125499, -0.0322961, 0.940443, 0.996033, -0.0347282, 0.0727104, 0.0377429, 0.000183278, 0.000232377, 0
1717086196.351865668, 0, 0.125499, -0.0322961, 0.940443, 0.996033, -0.0347282, 0.0727104, 0.0377429, 0.000183278, 0.000232377, 0
1717086196.368541962, 0, 0.129864, -0.0264265, 0.940439, 0.995859, -0.038083, 0.0715524, 0.0411612, 9.64407e-05, 0.000122455, 0
1717086196.385248391, 0, 0.129864, -0.0264265, 0.940439, 0.995859, -0.038083, 0.0715524, 0.0411612, 9.64407e-05, 0.000122455, 0
1717086196.401691931, 0, 0.126847, -0.0177469, 0.94136, 0.995859, -0.0353976, 0.0704627, 0.045253, 3.30593e-05, 4.1987e-05, 0
1717086196.418327686, 0, 0.126847, -0.0177469, 0.94136, 0.995859, -0.0353976, 0.0704627, 0.045253, 3.30593e-05, 4.1987e-05, 0
1717086196.435420399, 0, 0.13445, -0.0317214, 0.938606, 0.995756, -0.0420749, 0.0720035, 0.0389325, 3.37789e-05, 4.28316e-05, 0
1717086196.451616833, 0, 0.13445, -0.0317214, 0.938606, 0.995756, -0.0420749, 0.0720035, 0.0389325, 3.37789e-05, 4.28316e-05, 0
1717086196.468690996, 0, 0.131798, -0.0404788, 0.938956, 0.995898, -0.0401024, 0.0735376, 0.034221, 0.000140995, 0.000178826, 0
1717086196.485254453, 0, 0.131798, -0.0404788, 0.938956, 0.995898, -0.0401024, 0.0735376, 0.034221, 0.000140995, 0.000178826, 0
1717086196.501668500, 0, 0.124291, -0.0444818, 0.940631, 0.996167, -0.0339486, 0.0742598, 0.0313861, 2.06557e-05, 2.62252e-05, 0
1717086196.518568761, 0, 0.124291, -0.0444818, 0.940631, 0.996167, -0.0339486, 0.0742598, 0.0313861, 2.06557e-05, 2.62252e-05, 0
1717086196.535429684, 0, 0.133339, -0.0340708, 0.938754, 0.995824, -0.0412031, 0.0722703, 0.0375997, 8.98559e-05, 0.000113951, 0
1717086196.551709435, 0, 0.133339, -0.0340708, 0.938754, 0.995824, -0.0412031, 0.0722703, 0.0375997, 8.98559e-05, 0.000113951, 0
1717086196.568740191, 0, 0.124352, -0.0210709, 0.941764, 0.995961, -0.0334421, 0.0711623, 0.0433408, 2.80114e-05, 3.55696e-05, 0
1717086196.585359462, 0, 0.124352, -0.0210709, 0.941764, 0.995961, -0.0334421, 0.0711623, 0.0433408, 2.80114e-05, 3.55696e-05, 0
1717086196.601600240, 0, 0.122956, -0.0202501, 0.942111, 0.996008, -0.0322469, 0.0709026, 0.0435902, 0.000186641, 0.000237118, 0
1717086196.618591152, 0, 0.122956, -0.0202501, 0.942111, 0.996008, -0.0322469, 0.0709026, 0.0435902, 0.000186641, 0.000237118, 0
1717086196.635568241, 0, 0.132234, -0.0311319, 0.939229, 0.995825, -0.0402169, 0.0720672, 0.0390067, 1.82197e-05, 2.31079e-05, 0
1717086196.652097401, 0, 0.132234, -0.0311319, 0.939229, 0.995825, -0.0402169, 0.0720672, 0.0390067, 1.82197e-05, 2.31079e-05, 0
1717086196.668554617, 0, 0.124624, -0.0392219, 0.940392, 0.996129, -0.0341485, 0.0734782, 0.0340884, 0.000186204, 0.00023619, 0
1717086196.685462504, 0, 0.124624, -0.0392219, 0.940392, 0.996129, -0.0341485, 0.0734782, 0.0340884, 0.000186204, 0.00023619, 0
1717086196.701864258, 0, 0.121015, -0.0401511, 0.94155, 0.996193, -0.0311813, 0.0742778, 0.033326, 0.000106943, 0.000135729, 0
1717086196.718526120, 0, 0.121015, -0.0401511, 0.94155, 0.996193, -0.0311813, 0.0742778, 0.033326, 0.000106943, 0.000135729, 0
1717086196.735338753, 0, 0.137014, -0.0357325, 0.938122, 0.995723, -0.0442349, 0.0721285, 0.0371085, 0.00018312, 0.000232373, 0
1717086196.751781328, 0, 0.137014, -0.0357325, 0.938122, 0.995723, -0.0442349, 0.0721285, 0.0371085, 0.00018312, 0.000232373, 0
1717086196.768454569, 0, 0.126466, -0.0290061, 0.941089, 0.996017, -0.0353207, 0.0717352, 0.0394545, 9.20345e-06, 1.16923e-05, 0
1717086196.785624746, 0, 0.126466, -0.0290061, 0.941089, 0.996017, -0.0353207, 0.0717352, 0.0394545, 9.20345e-06, 1.16923e-05, 0
1717086196.802038811, 0, 0.129197, -0.0260734, 0.940347, 0.995883, -0.0375469, 0.0714424, 0.0412631, 1.32457e-05, 1.68119e-05, 0
1717086196.818592343, 0, 0.129197, -0.0260734, 0.940347, 0.995883, -0.0375469, 0.0714424, 0.0412631, 1.32457e-05, 1.68119e-05, 0
1717086196.835579862, 0, 0.131807, -0.0338004, 0.939275, 0.995873, -0.0399166, 0.0723303, 0.0375801, 0.000177765, 0.000225521, 0
1717086196.851995294, 0, 0.131807, -0.0338004, 0.939275, 0.995873, -0.0399166, 0.0723303, 0.0375801, 0.000177765, 0.000225521, 0
1717086196.868657924, 0, 0.125541, -0.0398427, 0.940502, 0.996105, -0.0348812, 0.0735552, 0.0338698, 0.00014745, 0.000187167, 0
1717086196.885482242, 0, 0.125541, -0.0398427, 0.940502, 0.996105, -0.0348812, 0.0735552, 0.0338698, 0.00014745, 0.000187167, 0
1717086196.902147478, 0, 0.12992, -0.0380883, 0.939748, 0.995944, -0.0384649, 0.0732993, 0.0352465, 0.000303808, 0.000385536, 0
1717086196.918545690, 0, 0.12992, -0.0380883, 0.939748, 0.995944, -0.0384649, 0.0732993, 0.0352465, 0.000303808, 0.000385536, 0
1717086196.935623244, 0, 0.132989, -0.0343035, 0.939167, 0.995851, -0.0408618, 0.0721735, 0.0374344, 8.93606e-05, 0.000113422, 0
1717086196.952217925, 0, 0.132989, -0.0343035, 0.939167, 0.995851, -0.0408618, 0.0721735, 0.0374344, 8.93606e-05, 0.000113422, 0
1717086196.968883515, 0, 0.124458, -0.0208478, 0.94203, 0.995984, -0.0334507, 0.0707999, 0.0434125, 3.16043e-05, 4.01716e-05, 0
1717086196.985879738, 0, 0.124458, -0.0208478, 0.94203, 0.995984, -0.0334507, 0.0707999, 0.0434125, 3.16043e-05, 4.01716e-05, 0
1717086197.002569975, 0, 0.12082, -0.0226813, 0.942355, 0.996091, -0.030567, 0.0713577, 0.0421548, 1.11313e-05, 1.41383e-05, 0
1717086197.019486952, 0, 0.12082, -0.0226813, 0.942355, 0.996091, -0.030567, 0.0713577, 0.0421548, 1.11313e-05, 1.41383e-05, 0
1717086197.035640401, 0, 0.123826, -0.0282082, 0.941147, 0.996038, -0.0332432, 0.072311, 0.0396762, 4.63465e-05, 5.87849e-05, 0
1717086197.052268702, 0, 0.123826, -0.0282082, 0.941147, 0.996038, -0.0332432, 0.072311, 0.0396762, 4.63465e-05, 5.87849e-05, 0
1717086197.069512193, 0, 0.132668, -0.0399385, 0.938636, 0.995873, -0.0408248, 0.0733168, 0.0345818, 0.000120273, 0.0001525, 0
1717086197.085984789, 0, 0.132668, -0.0399385, 0.938636, 0.995873, -0.0408248, 0.0733168, 0.0345818, 0.000120273, 0.0001525, 0
1717086197.102285033, 0, 0.128783, -0.0453037, 0.93938, 0.996055, -0.0376927, 0.0739482, 0.0314022, 0.000135614, 0.0001721, 0
1717086197.119293251, 0, 0.128783, -0.0453037, 0.93938, 0.996055, -0.0376927, 0.0739482, 0.0314022, 0.000135614, 0.0001721, 0
1717086197.135754730, 0, 0.130768, -0.037039, 0.939567, 0.995955, -0.0390864, 0.0725618, 0.03579, 0.000127694, 0.000162118, 0
1717086197.152648722, 0, 0.130768, -0.037039, 0.939567, 0.995955, -0.0390864, 0.0725618, 0.03579, 0.000127694, 0.000162118, 0
1717086197.169447321, 0, 0.125145, -0.0272041, 0.94171, 0.996041, -0.0341525, 0.0715346, 0.0402398, 1.5373e-05, 1.95411e-05, 0
1717086197.185776661, 0, 0.125145, -0.0272041, 0.94171, 0.996041, -0.0341525, 0.0715346, 0.0402398, 1.5373e-05, 1.95411e-05, 0
1717086197.202717357, 0, 0.127246, -0.0158983, 0.941462, 0.995816, -0.0356682, 0.0702794, 0.0462496, 3.88557e-05, 4.93538e-05, 0
1717086197.219498897, 0, 0.127246, -0.0158983, 0.941462, 0.995816, -0.0356682, 0.0702794, 0.0462496, 3.88557e-05, 4.93538e-05, 0
1717086197.236077667, 0, 0.130784, -0.0303177, 0.939712, 0.995883, -0.0389631, 0.0718232, 0.0392456, 4.66971e-05, 5.92557e-05, 0
1717086197.252543777, 0, 0.130784, -0.0303177, 0.939712, 0.995883, -0.0389631, 0.0718232, 0.0392456, 4.66971e-05, 5.92557e-05, 0
1717086197.269445106, 0, 0.133238, -0.0361511, 0.938717, 0.995839, -0.0411763, 0.0726249, 0.0365355, 0.000219457, 0.000278303, 0
1717086197.285963404, 0, 0.133238, -0.0361511, 0.938717, 0.995839, -0.0411763, 0.0726249, 0.0365355, 0.000219457, 0.000278303, 0
1717086197.302826540, 0, 0.132931, -0.0358134, 0.938975, 0.995851, -0.0408916, 0.0725583, 0.0366709, 8.14107e-05, 0.000103283, 0
1717086197.319395561, 0, 0.132931, -0.0358134, 0.938975, 0.995851, -0.0408916, 0.0725583, 0.0366709, 8.14107e-05, 0.000103283, 0
1717086197.335755717, 0, 0.130912, -0.0297686, 0.940056, 0.99588, -0.0390098, 0.0716823, 0.0395252, 1.52792e-05, 1.94047e-05, 0
1717086197.352581182, 0, 0.130912, -0.0297686, 0.940056, 0.99588, -0.0390098, 0.0716823, 0.0395252, 1.52792e-05, 1.94047e-05, 0
1717086197.369591208, 0, 0.11844, -0.0245118, 0.943208, 0.996166, -0.028621, 0.0717828, 0.0410013, 0.000107988, 0.000137277, 0
1717086197.385825202, 0, 0.11844, -0.0245118, 0.943208, 0.996166, -0.028621, 0.0717828, 0.0410013, 0.000107988, 0.000137277, 0
1717086197.402891387, 0, 0.125318, -0.0287494, 0.941548, 0.996056, -0.0343315, 0.0716607, 0.0394663, 1.25972e-05, 1.60127e-05, 0
1717086197.419548569, 0, 0.125318, -0.0287494, 0.941548, 0.996056, -0.0343315, 0.0716607, 0.0394663, 1.25972e-05, 1.60127e-05, 0
1717086197.435896569, 0, 0.136231, -0.036853, 0.938122, 0.995758, -0.0436309, 0.0723336, 0.0364648, 0.000115705, 0.000146788, 0
1717086197.452620473, 0, 0.136231, -0.036853, 0.938122, 0.995758, -0.0436309, 0.0723336, 0.0364648, 0.000115705, 0.000146788, 0
1717086197.469592971, 0, 0.130835, -0.0430952, 0.938619, 0.995985, -0.0393753, 0.0734376, 0.0327175, 5.9928e-05, 7.59845e-05, 0
1717086197.486328513, 0, 0.130835, -0.0430952, 0.938619, 0.995985, -0.0393753, 0.0734376, 0.0327175, 5.9928e-05, 7.59845e-05, 0
1717086197.502666208, 0, 0.133428, -0.0360482, 0.938819, 0.995839, -0.0413054, 0.0725117, 0.0366034, 2.79167e-05, 3.54156e-05, 0
1717086197.519604129, 0, 0.133428, -0.0360482, 0.938819, 0.995839, -0.0413054, 0.0725117, 0.0366034, 2.79167e-05, 3.54156e-05, 0
1717086197.536174473, 0, 0.119067, -0.0229403, 0.94272, 0.996122, -0.0291551, 0.0716771, 0.0418704, 1.97465e-05, 2.50783e-05, 0
1717086197.552677141, 0, 0.119067, -0.0229403, 0.94272, 0.996122, -0.0291551, 0.0716771, 0.0418704, 1.97465e-05, 2.50783e-05, 0
1717086197.569487167, 0, 0.11732, -0.0227205, 0.943461, 0.996177, -0.027663, 0.0715414, 0.0418002, 0.000157039, 0.000199625, 0
1717086197.586178777, 0, 0.11732, -0.0227205, 0.943461, 0.996177, -0.027663, 0.0715414, 0.0418002, 0.000157039, 0.000199625, 0
1717086197.602791796, 0, 0.128899, -0.0218253, 0.941004, 0.995854, -0.0371443, 0.0708079, 0.0433774, 3.41323e-05, 4.33673e-05, 0
1717086197.619652295, 0, 0.128899, -0.0218253, 0.941004, 0.995854, -0.0371443, 0.0708079, 0.0433774, 3.41323e-05, 4.33673e-05, 0
1717086197.636309131, 0, 0.136866, -0.0340512, 0.938228, 0.995709, -0.0440705, 0.0719777, 0.0379639, 0.000314404, 0.000398909, 0
1717086197.652812141, 0, 0.136866, -0.0340512, 0.938228, 0.995709, -0.0440705, 0.0719777, 0.0379639, 0.000314404, 0.000398909, 0
1717086197.669528783, 0, 0.131145, -0.0377792, 0.939083, 0.995941, -0.0394648, 0.0727082, 0.0354635, 0.000151552, 0.000192246, 0
1717086197.686241170, 0, 0.131145, -0.0377792, 0.939083, 0.995941, -0.0394648, 0.0727082, 0.0354635, 0.000151552, 0.000192246, 0
